articleCode;name;barcode
Код товара;Наименование;ШК товара
55555551;(А,АИ,МП,И)ТЕСТОВЫЙ ТОВАР1;40000000000
5555555;(А,АИ,МП,И)ТЕСТОВЫЙ ТОВАР;40000000000
400249707;Наб. TalleR TR-21623;4670165610053
4269904;(A)В/Г/пан. Midea MG699VGW;693996262667365284
401035448;(А)AC MIDEA MPPA-07CHN7G1;4630583201943
401035449;(А)AC MIDEA MPPA-09CHN7G1;4630583201936
400844505;(А)AS Defender 65097;4745091892139
400553449;(А)AS Defender 65129;4745091892153
400539396;(А)AS Defender 65413;4745091892276
400844526;(А)AS Defender 65811;4745091892283
400514123;(А)AS Defender 65912;4714033659123
400514122;(А)AS Defender 65941;4745091894669
400514119;(А)AS Defender 65973;4745091894638
400514120;(А)AS Defender 65974;4745091894645
400514121;(А)AS Defender 65975;4745091894652
400526333;(А)AS Eltronic 30-47;4657797962576
4258437;(А)AS Hisense HT Saturn;2000425843723
400514124;(А)AS Redragon 72870;6950376728708
400672707;(А)AS STORK Q90;4630011252486
400478498;(А)AS TCL S45H;2040047849819
400478498;(А)AS TCL S45H;2040047849819
400526918;(А)AS Xiaomi QBH4286EU;2040052691816
400484021;(А)AS Яндекс YNDX-00053TRQ;2040048402112
400484022;(А)AS Яндекс YNDX-00053Z;2040048402211
400484013;(А)AS Яндекс YNDX-00054BLK;2040048401313
400484014;(А)AS Яндекс YNDX-00054EMD;2040048401412
400484015;(А)AS Яндекс YNDX-00054GRY;2040048401511
400484016;(А)AS Яндекс YNDX-00054ORG;2040048401610
4322098;(А)ASP Sber SBDV-00090A;2000432209819
4269878;(А)B/RF Midea MDRE423FGE01;695490381571865284
4258445;(А)BM Gorenje BM910WII;2000425844515
4258445;(А)BM Gorenje BM910WII;2000425844515
400495603;(А)BM Redmond RBM-1908 Bl;5055323655432
400495601;(А)BM Redmond RBM-1908 Wh;5055323661235
400495601;(А)BM Redmond RBM-1908 Wh;5055323661235
400738095;(А)BM Redmond RBM-1915 Bl;5055323656231
400738557;(А)BM Redmond RBM-M1921 Bl;5055323657825
400513758;(А)CAA SWAT M-4.110;2040051375816
400513612;(А)CAM Incar ARN-7703-4;2040051361215
400513606;(А)CAM Incar ARN-7704-4;2040051360614
400728865;(А)CAM Incar JS-7709-4HD;4657821649657
400513605;(А)CAM Nakamichi NAK-NQ513RGB;2040051360515
400513603;(А)CAM Nakamichi NQ517B;2040051360317
400513597;(А)CAM SWAT WX-2102UB;2040051359717
400513564;(А)CAM SWAT WX-505D;2040051356419
400588986;(А)CAM SWAT WX-509D;2040058898615
400788794;(А)CarRF Brayer BR6331 черный/серый;9120099336710
400920699;(А)CarRF EZ 60264 B;4013720160264
400920699;(А)CarRF EZ 60264 B;4013720160264
400920699;(А)CarRF EZ 60264 B;4013720160264
400920698;(А)CarRF EZ 60288 B;4013720160288
400920698;(А)CarRF EZ 60288 B;4013720160288
400619701;(А)CSS Carrera CRA518;4660463600030
400619703;(А)CSS Carrera CRA528;4660463600085
400619704;(А)CSS Carrera CRA617;4660463600108
400619702;(А)CSS Carrera CRA618;4660463600061
400624052;(А)CSS Nakamichi NAK-NSE-1358;2040062405212
400624544;(А)CSS Nakamichi NAK-NSE-1658;2040062454418
400513628;(А)CSS SWAT SP-H4v2;2040051362816
400513621;(А)CSS SWAT SP-H5v2;2040051362113
400513614;(А)CSS SWAT SP-H69v2;2040051361413
400513625;(А)CSS SWAT SP-H6v2;2040051362519
400628698;(А)CSS-саб. Nakamichi NAK-NBF25.0A;2040062869816
400513632;(А)CSS-саб. SWAT MAS-12 v.2;2040051363219
400533885;(А)DVPH Diello DL-HTW5;4631171242997
400528363;(А)DVPH Diello QB40;4631171243017
4258599;(А)DVPH Hisense M2 Pro;2000425859922
400491812;(А)DVR CamShel DVR 210;4627087522483
400491811;(А)DVR CamShel DVR 230;4645630632007
401152739;(А)DVR CamShel DVR 400 DUAL;4680201999721
400981700;(А)DVR CamShel Global;4600001379622
400491810;(А)DVR CamShel Urban;4600201396627
400513762;(А)DVR Incar VR-120;2040051376219
400513794;(А)DVR Incar VR-140;4657821644911
400513789;(А)DVR Incar VR-540;2040051378916
400514009;(А)DVR Incar VR-560;4657821644935
400484046;(А)DVR Navitel AR202 NV;2040048404611
400480931;(А)DVR Navitel R260 NV;8594181745970
4254729;(А)DVR Navitel R285 2K;2000425472916
4254728;(А)DVR Navitel R35;2000425472817
400481150;(А)DVR Navitel R37 GPS;4631179376670
4254725;(А)DVR Navitel R67 2K;2000425472510
400481201;(А)DVR Navitel R87 GPS;4631179376694
4254724;(А)DVR Navitel R9 DUAL;2000425472411
4254721;(А)DVR Navitel RC3 PRO;2000425472114
400481243;(А)DVR Navitel RS984 GPS;4631179376656
400481258;(А)DVR Navitel RS990 GPS;4631179376632
4254731;(А)DVR Navitel XR2650 PRO;2000425473111
4258972;(А)DW Gorenje GS520E15W;2000425897214
4258501;(А)DW Gorenje GS53010W;2000425850110
4259054;(А)DW Gorenje GS541D10W;2000425905414
4258973;(А)DW Gorenje GS643C90W;2000425897313
4258674;(А)DW Gorenje GS643C90X;2000425867422
4258790;(А)DW Gorenje GS643E90X;2000425879012
4269823;(А)DW Midea MCFD55S460Si;465780451003565284
4269962;(А)DW Midea MFD45S060W;6939962633374
4269825;(А)DW Midea MFD45S160Si;465780451005965284
400920221;(А)DW MIDEA MFD45S470WI;6939962634227
4269831;(А)DW Midea MFD60S160Wi;465780451013465284
400970612;(А)GC PGP AIO Junior FC32a Slim;4609639572320
400483650;(А)GT GAOMON S620;6930933000379
400672857;(А)HF Rapoo H102;6940056124630
400672863;(А)HF Rapoo H120;6940056180087
400479441;(А)IP-кам Uniarch IPC-T122-APF28-ECO;2040047944118
400640245;(А)JM Axon A-730;2040064024510
400514065;(А)JM BQ J1010 Wh;2040051406510
400342712;(А)JM Garlyn J-650;2040034271210
400303376;(А)JM RED sol. RJ-916;5060982439101
400621751;(А)JM Redmond J1401;5055323656750
400621751;(А)JM Redmond J1401;5055323656750
400623376;(А)JM Redmond J1402;5055323662027
400623376;(А)JM Redmond J1402;5055323662027
400623582;(А)JM Redmond J1404;5055323666377
400623582;(А)JM Redmond J1404;5055323666377
401337911;(А)JM REDMOND J1411 черный;5055323670442
400649468;(А)JM Redmond J1420 Gr;5055323667190
400649468;(А)JM Redmond J1420 Gr;5055323667190
400649468;(А)JM Redmond J1420 Gr;5055323667190
400649765;(А)JM Redmond J1420-4 Gr;5055323667213
400649765;(А)JM Redmond J1420-4 Gr;5055323667213
400764364;(А)JM Redmond J1427 черный;5055323667237
400773393;(А)MC Eltronic 30-85 DANCE BOX black;4657797963351
400769992;(А)MC Eltronic 30-85 DANCE BOX white;4657797963368
400473105;(А)MC Hi MS150;4660463600146
4258644;(А)MC Hisense Party Rocker One;2000425864414
4258644;(А)MC Hisense Party Rocker One;2000425864414
4258990;(А)MC Hisense Party Rocket 160;2000425899010
4258990;(А)MC Hisense Party Rocket 160;2000425899010
4258571;(А)MC Hisense Party Thunder;2000425857126
4258571;(А)MC Hisense Party Thunder;2000425857126
400578301;(А)MC SHIVAKI BMC-Q5;4660463600160
400578302;(А)MC SHIVAKI BMC-Q6;4660463600177
400578302;(А)MC SHIVAKI BMC-Q6;4660463600177
400478499;(А)MC TCL TP300K;2040047849918
4258850;(А)MG Gorenje MG1701W;2000425885013
4258850;(А)MG Gorenje MG1701W;2000425885013
4182694;(А)MG Kenwood MG700;5011423006369
4182694;(А)MG Kenwood MG700;5011423006369
400473185;(А)MG RED sol. MG129;5061061574027
400477424;(А)MG RED sol. MG150D;5061061571668
400715486;(А)MG RED sol. RMG-1213 Bl;5060982432898
400715486;(А)MG RED sol. RMG-1213 Bl;5060982432898
400631809;(А)MG RED sol. RMG-1213-6;5060982432911
400631809;(А)MG RED sol. RMG-1213-6;5060982432911
400631809;(А)MG RED sol. RMG-1213-6;5060982432911
400471449;(А)MG RED SOLUTION MG130;5061061571620
400471449;(А)MG RED SOLUTION MG130;5061061571620
400471449;(А)MG RED SOLUTION MG130;5061061571620
400726146;(А)MG Redmond MG500 Gr;5055323655265
400726146;(А)MG Redmond MG500 Gr;5055323655265
400496020;(А)MG Redmond MG501;5055323656934
400496020;(А)MG Redmond MG501;5055323656934
400726173;(А)MG Redmond MG502 Ta;5055323657023
400726173;(А)MG Redmond MG502 Ta;5055323657023
400727339;(А)MG Redmond RMG-1216-8 Wh;5055323659539
400496041;(А)MG Redmond RMG-1241-6;5055323665257
400741685;(А)MG Redmond RMG-1246 Bl;5055323664199
400309158;(А)MG Rondell RDE-1458;6974100783795
400542717;(А)MG Аксион М31.02;4607159820730
400468751;(А)MW General Electronics GE DG420S;4813779005185
400468733;(А)MW General Electronics GE-MS120S;4813779005147
4258586;(А)MW Gorenje MO17E1BH;2000425858611
4258447;(А)MW Gorenje MO17E1W;2000425844713
4258787;(А)MW Gorenje MO17E1WH;2000425878718
4258461;(А)MW Gorenje MO20A3X;2000425846113
4258449;(А)MW Gorenje MO20E1B;2000425844911
4258449;(А)MW Gorenje MO20E1B;2000425844911
4258551;(А)MW Gorenje MO20E1S;2000425855122
4258448;(А)MW Gorenje MO20E1W;2000425844812
4258519;(А)MW Gorenje MO20E1W2;2000425851926
4258560;(А)MW Gorenje MO20S4BC;2000425856013
4258754;(А)MW Hisense H20MOBP1;2000425875410
4258958;(А)MW Hisense H20MOBP1HI;2000425895814
4258810;(А)MW Hisense H20MOBSD1HG;2000425881015
4258753;(А)MW Hisense H20MOWP1;2000425875311
4258798;(А)MW Hisense H20MOXP1;2000425879814
4259082;(А)MW Hisense H23MOBSD1HG;2000425908217
4258914;(А)MW Hisense H30MOBS10HC;2000425891410
400421730;(А)MW Kuppersberg TMW 230 B;2040042173018
4269883;(А)MW Midea AM720C2MV-S;481377900448565284
4269854;(А)MW Midea MM719M2Z-W;694427167587865284
4269854;(А)MW Midea MM719M2Z-W;694427167587865284
4269868;(А)MW Midea MM720C2MV-S;481377900449265284
400336528;(А)MW RED solution RM-2010;5060982435288
400222649;(А)MW RED Solution RM-2301D;5060982433895
401044614;(А)MW REDMOND MW2900;5055323650994
401044614;(А)MW REDMOND MW2900;5055323650994
400737795;(А)MW Redmond MW2903 Bl;5055323657221
400735512;(А)MW Redmond MW2904 Bl;5055323657245
400737686;(А)MW Redmond MW2906 Bl;5055323657283
400737686;(А)MW Redmond MW2906 Bl;5055323657283
401592900;(А)MW Toshiba MW3-AM25PFI(MG);694427169051265284
401588708;(А)MW Toshiba MW3-AM25PFI(WH) Wh;694427169050565284
401061122;(А)NB Acer NX.JXXCD.007;4711474944160
401061122;(А)NB Acer NX.JXXCD.007;4711474944160
401060997;(А)NB Acer NX.JXXCD.008;4711474975027
400895239;(А)NB ASUS 90NB16K1-M00FB0;2040089523913
400895239;(А)NB ASUS 90NB16K1-M00FB0;2040089523913
400917293;(А)NB ASUS 90NB16K1-M00N90;2040091729310
400891618;(А)NB ASUS FA506NCQ-HN034;2040089161818
400892415;(А)NB ASUS FA707NUQ-HX009;2040089241510
400917840;(А)NB ASUS FA808UM-S8086;2040091784012
400891391;(А)NB ASUS FX707VJB-HX099;2040089139114
4266479;(А)NB Honor 5301AJJE;2000426647917
4266479;(А)NB Honor 5301AJJE;2000426647917
4268281;(А)NB Honor 5301AJPD;2000426828118
4268281;(А)NB Honor 5301AJPD;2000426828118
4268286;(А)NB Honor MRA-521 5301AKXN;2000426828613
4268286;(А)NB Honor MRA-521 5301AKXN;2000426828613
401587968;(А)NB HonorMBX16 BRG-X 16/512Gb 5301ARGP;693652088795837786
400839571;(А)NB Horizont H-book 14 IPK4 (T54E4WО);4810443005472
400839571;(А)NB Horizont H-book 14 IPK4 (T54E4WО);4810443005472
400816542;(А)NB Machcreator Cosmos R18 JJ00GX00GRU;2040081654219
400816542;(А)NB Machcreator Cosmos R18 JJ00GX00GRU;2040081654219
400478704;(А)NB Machcreator Genesis R14;2040047870417
400477449;(А)NB Machcreator Genesis R16;2040043354232
400477453;(А)NB Machcreator Genesis R17;2040043354331
400554062;(А)NB Machcreator One D5 (JJ00G800JRU);6975971299446
400554059;(А)NB Machcreator One D6(JJ00G700JRU);6975971299439
400477358;(А)NB Machcreator One R5;2040047735815
400477361;(А)NB Machcreator One R6;2040047736119
400477456;(А)NB Machcreator Vision L16 Origin;2040042814928
400477456;(А)NB Machcreator Vision L16 Origin;2040042814928
400478713;(А)NB Machcreator Vision L16 Origin XT;2040047871315
400477420;(А)NB Thunderobot 911 Plus G3 XD;2040047161829
400477288;(А)NB Thunderobot 911 Plus SD;2040047728817
400477267;(А)NB Thunderobot 911S Core D;2040047726714
400477457;(А)NB Thunderobot 911X Wild HunterG3Evo;2040047745715
400477421;(А)NB Thunderobot 911X Wild HunterG3Pro;2040047161720
400477294;(А)NB Thunderobot Range 17 G2 Evo;2040047729418
400477294;(А)NB Thunderobot Range 17 G2 Evo;2040047729418
400808133;(А)NB Thunderobot911X WH G2D JT009A00KRU;2040080813310
401240093;(А)PC Horizont H-Top T52E2W Mg;4810443005410
401240130;(А)PC Horizont H-Top T52E3W Mg;4810443005427
401240092;(А)PC Horizont H-Top TN5E3W Wh/Mat;4810443005434
400533468;(А)PC Machcreator JJ024L009RU;2040053346814
400533466;(А)PC Machcreator JJ024M009RU;2040053346616
4268295;(А)PDA Honor 5109BUQY;2000426829511
401564080;(А)PDA Honor 5109BXJU;6936520876471
401564081;(А)PDA Honor 5109BXJV;6936520876488
401564079;(А)PDA Honor 5109BXJW;693652087646437786
401564082;(А)PDA Honor 5109BYKQ;6936520876228
401564061;(А)PDA Honor 5109BYKR;6936520876235
401564062;(А)PDA Honor 5109BYKT;6936520876259
401564063;(А)PDA Honor 5109BYPU;6936520876266
401564065;(А)PDA Honor 5109BYPX;6936520876297
401564066;(А)PDA Honor 5109CCTV;6936520886203
401564057;(А)PDA Honor 5109CCTW;6936520886210
401564067;(А)PDA Honor 5109CCTX;6936520886227
401564068;(А)PDA Honor 5109CCTY;6936520886234
401564058;(А)PDA Honor 5109CCUA;6936520886241
401564069;(А)PDA Honor 5109CCUB;6936520886258
401564070;(А)PDA Honor 5109CEJQ;6936520892440
401564071;(А)PDA Honor 5109CEJR;6936520892457
401564072;(А)PDA Honor 5109CEJS;6936520892464
401564077;(А)PDA Honor 5109CGYM;6936520896332
401564078;(А)PDA Honor 5109CGYN;6936520896349
401564060;(А)PDA Honor 5109CGYP;6936520896356
401564074;(А)PDA Honor 5109CHAV;6936520896363
401564075;(А)PDA Honor 5109CHAW;6936520896370
4268303;(А)PDA Honor LGN-LX1 5109BXJR;6936520876419
4268305;(А)PDA Honor LGN-LX1 5109BXJT;6936520876402
400944020;(А)PDA Huawei Mate 80 Pro 16/512GB Bl;2040094402012
400944023;(А)PDA Huawei Mate 80 Pro 16/512GB G;2040094402319
400944021;(А)PDA Huawei Mate 80 Pro 16/512GB Gl;2040094402111
400624676;(А)PDA Huawei Mate X7 16/512GB Black;2040062467616
400624676;(А)PDA Huawei Mate X7 16/512GB Black;2040062467616
400624679;(А)PDA Huawei Mate X7 16/512GB Red;2040062467913
400624678;(А)PDA Huawei Mate X7 16/512GB White;2040062467814
400624678;(А)PDA Huawei Mate X7 16/512GB White;2040062467814
400624625;(А)PDA Huawei nova 14 Pro 12/512GB Black;2040062462512
400624633;(А)PDA Huawei nova 14 Pro 12/512GB Pink;2040062463311
400624574;(А)PDA Huawei nova 14i 8/128GB Black;2040062457419
400624599;(А)PDA Huawei nova 14i 8/256GB Black;2040062459918
400624599;(А)PDA Huawei nova 14i 8/256GB Black;2040062459918
400624596;(А)PDA Huawei nova 14i 8/256GB Blue;2040062459611
400944069;(А)PDA Huawei nova 15 12/256GB Bl;2040094406911
400944025;(А)PDA Huawei nova 15 12/256GB G;2040094402517
400944046;(А)PDA Huawei nova 15 12/256GB Wh;2040094404610
401423668;(А)PDA Huawei nova 15 Max 8/256GB Bl;6942103196744
401552657;(А)PDA Huawei nova 15 Max 8/256GB Bsh Gl;2040155265716
401552622;(А)PDA Huawei nova 15 Max 8/256GB Lk Cy;2040155262210
400944166;(А)PDA Huawei nova 15 Pro 12/256GB Bl;2040094416613
400944152;(А)PDA Huawei nova 15 Pro 12/256GB Wh;2040094415210
400944101;(А)PDA Huawei nova 15 Pro 12/512GB Bl;2040094410116
400944096;(А)PDA Huawei nova 15 Pro 12/512GB Wh;2040094409615
400624548;(А)PDA Huawei nova Y63 6/128GB Silver;2040062454814
400624551;(А)PDA Huawei nova Y73 8/128GB Black;2040062455118
400624560;(А)PDA Huawei nova Y73 8/128GB Blue;2040062456016
400624563;(А)PDA Huawei nova Y73 8/256GB Black;2040062456313
400624638;(А)PDA Huawei Pura 80 12/256GB Black;2040062463816
400624640;(А)PDA Huawei Pura 80 12/256GB Gold;2040062464011
400624642;(А)PDA Huawei Pura 80 12/256GB White;2040062464219
400624650;(А)PDA Huawei Pura 80 Pro 12/512 Gz Red;2040062465018
400624649;(А)PDA Huawei Pura 80 Pro 12/512 White;2040062464912
400624669;(А)PDA Huawei Pura 80 Ultra 16/512 Black;2040062466916
401337929;(А)PDA Infinix GT 50 Pro 256+12 Bl;4894947119767
401337929;(А)PDA Infinix GT 50 Pro 256+12 Bl;4894947119767
401337890;(А)PDA Infinix GT 50 Pro 256+12 S;4894947119781
401337890;(А)PDA Infinix GT 50 Pro 256+12 S;4894947119781
401337809;(А)PDA Infinix NOTE 60 256+8 Mn Bl;4894947114038
401327090;(А)PDA Infinix NOTE 60 Pro 12/256GB Ti;4894947114359
401337396;(А)PDA Infinix NOTE 60 Pro 256+12 B;4894947114380
401337472;(А)PDA Infinix NOTE 60 Pro 256+8 S;4894947114496
401337465;(А)PDA Infinix NOTE 60 Pro 256+8 Ti;4894947114342
401321560;(А)PDA Infinix NOTE Edge 8/256GB Bl;4894947111150
401323581;(А)PDA Infinix SMART 20 4/128GB Bl;4894947122583
401322982;(А)PDA Infinix SMART 20 4/64GB Bl;4894947122576
400531280;(А)PDA realme 14 5G RMX5070 8/256GB Gp;2040053128014
400503163;(А)PDA realme 15T 8/256GB Wh;2040050316315
401163457;(А)PDA realme 16 5G RMX5171 8/256 Gr;6941764488106
401157828;(А)PDA realme 16 5G RMX5171 8/256 Wh;6941764488113
400779220;(А)PDA realme 16 Pro 5G 8/256GB Gp;6941764485655
400779450;(А)PDA realme 16 Pro+ 5G 12/512GB Gr;6941764484726
400779337;(А)PDA realme 16 Pro+ 5G 8/256GB Gr;6941764484696
401163467;(А)PDA realme C100i RMX5377 4/128 S;6941764490901
401163505;(А)PDA realme C100i RMX5377 4/128 V;6941764490918
400518213;(А)PDA realme C71 RMX5303 6/128GB G;2040051821313
400623646;(А)PDA realme C85 4G 6/128GB Blue;6941764481428
400623645;(А)PDA realme C85 4G 6/128GB Dark Grey;6941764481442
400623623;(А)PDA realme C85 4G 6/128GB Purple;6941764481435
400623647;(А)PDA realme C85 4G 8/256GB Blue;6941764481459
400623627;(А)PDA realme C85 4G 8/256GB Dark Grey;6941764481473
400615061;(А)PDA realme C85 Pro 6/128GB G;6941764483460
400615044;(А)PDA realme C85 Pro 6/128GB V;6941764483477
400615062;(А)PDA realme C85 Pro 8/256GB G;6941764477858
400615059;(А)PDA realme C85 Pro 8/256GB V;6941764477865
400518082;(А)PDA realme Note 60x 3/64GB G;2040051808215
400517999;(А)PDA realme Note 60x 3/64GB RMX3938 Bl;2040051799919
400518212;(А)PDA realme Note 70 6/128GB Gl;2040051821214
400518077;(А)PDA realmeNote 60x 4/128GB RMX3938 Bl;2040051807713
400523411;(А)PDA Redmi 15 8/256GB Midnight Black;2040052341117
400523417;(А)PDA Redmi 15 8/256GB Sandy Purple;2040052341711
400523414;(А)PDA Redmi 15 8/256GB Titan Gray;2040052341414
400524789;(А)PDA Redmi 15C 4/128GB Midnight Black;2040052478912
400524792;(А)PDA Redmi 15C 4/128GB Mint Green;2040052479216
400514199;(А)PDA Redmi 15C 4/128Gb Mn/Bl;2040051419916
400524787;(А)PDA Redmi 15C 4/128GB Moonlight Blue;2040052478714
400524929;(А)PDA Redmi 15C 4/128GB Twilight Orange;2040052492918
400524932;(А)PDA Redmi 15C 4/256GB Midnight Black;2040052493212
400524948;(А)PDA Redmi 15C 4/256GB Mint Green;2040052494813
400524930;(А)PDA Redmi 15C 4/256GB Moonlight Blue;2040052493014
400524954;(А)PDA Redmi 15C 8/256GB Midnight Black;2040052495414
400524956;(А)PDA Redmi 15C 8/256GB Twilight Orange;2040052495612
400524962;(А)PDA Redmi A5 3/64GB Midnight Black;2040052496213
400524958;(А)PDA Redmi A5 3/64GB Ocean Blue;2040052495810
400524964;(А)PDA Redmi A5 4/128GB Ocean Blue;2040052496411
400524968;(А)PDA Redmi A5 4/128GB Sandy Gold;2040052496817
400794692;(А)PDA REDMI A7 Pro 4/128GB Black;6932554493868
400794684;(А)PDA REDMI A7 Pro 4/128GB Mist Blue;6932554493769
400794675;(А)PDA REDMI A7 Pro 4/128GB Sunset Or;6932554493783
400794664;(А)PDA REDMI A7 Pro 4/64GB Black;6932554493936
400794635;(А)PDA REDMI A7 Pro 4/64GB Mist Blue;6932554493738
400794629;(А)PDA REDMI A7 Pro 4/64GB Sunset Or;6932554493820
400522544;(А)PDA REDMI Note 15 8/256GB Bl;6932554476151
400522549;(А)PDA REDMI Note 15 8/256GB Gl B;6932554482664
400522545;(А)PDA REDMI Note 15 8/256GB Pu;6932554482626
400522509;(А)PDA REDMI Note 15 Pro 12/256GB Bl;6932554469788
400522510;(А)PDA REDMI Note 15 Pro 12/256GB Gl B;6932554480325
400522511;(А)PDA REDMI Note 15 Pro 12/256GB Ti C;6932554480257
400522512;(А)PDA REDMI Note 15 Pro 12/512GB Bl;6932554469849
400522514;(А)PDA REDMI Note 15 Pro 12/512GB Gl B;6932554480363
400522516;(А)PDA REDMI Note 15 Pro 12/512GB Ti C;6932554480370
400522601;(А)PDA REDMI Note 15 Pro 5G 8/256GB Bl;6932554471743
400522572;(А)PDA REDMI Note 15 Pro 5G 8/256GB Gc B;6932554471286
400522600;(А)PDA REDMI Note 15 Pro 5G 8/256GB Ti C;6932554471385
400536914;(А)PDA REDMI Note 15 Pro 5G 8/512Gb Bl;6932554478339
400536942;(А)PDA REDMI Note 15 Pro 5G 8/512Gb Gl B;6932554478544
400536944;(А)PDA REDMI Note 15 Pro 5G 8/512Gb Ti;6932554478575
400536944;(А)PDA REDMI Note 15 Pro 5G 8/512Gb Ti;6932554478575
400522493;(А)PDA REDMI Note 15 Pro 8/256GB Bl;6932554469832
400522506;(А)PDA REDMI Note 15 Pro 8/256GB Gl B;6932554480349
400522508;(А)PDA REDMI Note 15 Pro 8/256GB Ti C;6932554480356
400522838;(А)PDA REDMI Note 15 Pro+ 5G 12/512GB B;6932554481957
400522835;(А)PDA REDMI Note 15 Pro+ 5G 12/512GB Bl;6932554467999
400522834;(А)PDA REDMI Note 15 Pro+ 5G 12/512GB Br;6932554490379
400522832;(А)PDA REDMI Note 15 Pro+ 5G 8/256GB B;6932554481728
400522818;(А)PDA REDMI Note 15 Pro+ 5G 8/256GB Bl;6932554490140
400522813;(А)PDA REDMI Note 15 Pro+ 5G 8/256GB Br;6932554481476
401350796;(А)PDA Tecno Camon50Ultra5G 12/256Gb Bl;4894947120480
401350798;(А)PDA Tecno Camon50Ultra5G 12/256Gb G;4894947120497
401350822;(А)PDA Tecno Camon50Ultra5G 12/256Gb Ti;4894947120503
401350792;(А)PDA Tecno Camon50Ultra5G 8/256Gb G;4894947120398
401350794;(А)PDA Tecno Camon50Ultra5G 8/256Gb Ti;4894947120404
400649439;(А)PDA Xiaomi 17 12/256GB Bl;6932554482039
400649413;(А)PDA Xiaomi 17 12/512GB B;6932554482282
400649416;(А)PDA Xiaomi 17 12/512GB Bl;6932554482251
400647538;(А)PDA Xiaomi 17 Ultra 16/1024GB Bl;6932554483678
400647520;(А)PDA Xiaomi 17 Ultra 16/512GB Bl;6932554483777
400647518;(А)PDA Xiaomi 17 Ultra 16/512GB G;6932554484279
400643102;(А)PDA Xiaomi 17 Ultra 16/512GB Wh;6932554483746
401290628;(А)PDA Xiaomi 17T 12/256GB Black;6932554447885
401291310;(А)PDA Xiaomi 17T 12/256GB Blue;6932554485184
401291379;(А)PDA Xiaomi 17T 12/256GB Violet;6932554445461
401291401;(А)PDA Xiaomi 17T 12/512GB Black;6932554458058
401291440;(А)PDA Xiaomi 17T 12/512GB Blue;6932554459147
401291543;(А)PDA Xiaomi 17T 12/512GB Violet;6932554463892
401293859;(А)PDA Xiaomi 17T Pro 12/256GB Black;6932554497682
401295388;(А)PDA Xiaomi 17T Pro 12/256GB Deep Blue;6932554497880
401295986;(А)PDA Xiaomi 17T Pro 12/512GB Black;6932554422516
401296252;(А)PDA Xiaomi 17T Pro 12/512GB Deep Blue;6932554447717
401296257;(А)PDA Xiaomi 17T Pro 12/512GB Deep V;6932554497668
4268287;(А)PS Honor Choice BOE-ME00 R;2000426828712
4266477;(А)PS Honor Choice Pro Bl;2000426647719
400458508;(А)PS MAX Q-40 B;2040045850817
400480467;(А)RF ATLANT 4612-101;4811159076794
4322102;(А)RF Beko B3R0CNK332HW;2000432210211
4322102;(А)RF Beko B3R0CNK332HW;2000432210211
4257735;(А)RF Candy CFN6185B DEMO;2000425773518
4257722;(А)RF Candy CFN6185S DEMO;2000425772214
4257723;(А)RF Candy CFN6185W DEMO;2000425772313
4257745;(А)RF Candy CFN6185WDC DEMO;2000425774515
4257720;(А)RF Candy CFN6200S DEMO;2000425772016
4257742;(А)RF Candy CFN6200SDC DEMO;2000425774218
4257742;(А)RF Candy CFN6200SDC DEMO;2000425774218
4257721;(А)RF Candy CFN6200W DEMO;2000425772115
4257743;(А)RF Candy CFN6200WDC DEMO;2000425774317
4257743;(А)RF Candy CFN6200WDC DEMO;2000425774317
401756880;(А)RF Gefest GNB2CС3C2;4610509420870
4258556;(А)RF Gorenje NRK41814S4I;2000425855627
4258912;(А)RF Gorenje NRK418FEW4;2000425891212
401059175;(А)RF Gorenje NRK620161W4I Wh;3838783132611
401059184;(А)RF GORENJE NRK620161X4I Gr;3838783132093
4258508;(А)RF Gorenje NRK6202AC4;2000425850813
4258506;(А)RF Gorenje NRK6202AW4;2000425850615
4258507;(А)RF Gorenje NRK6202AXL4;2000425850714
4257639;(А)RF Haier C2F636CXMVU1 DEMO;2000425763915
4257654;(А)RF Haier C2F637CFMVU1 DEMO;2000425765414
4257655;(А)RF Haier C2F637CWMVU1 DEMO;2000425765513
4257498;(А)RF Haier C4F640CGGU1 DEMO;2000425749810
4257493;(А)RF Haier C4F640CWU1 DEMO;2000425749315
4257492;(А)RF Haier C4F640CXU1 DEMO;2000425749216
4257490;(А)RF Haier C4F740CBXGU1 DEMO;2000425749018
4257501;(А)RF Haier C4F740CDBGU1 DEMO;2000425750113
4257494;(А)RF Haier C4F740CLBGU1 DEMO;2000425749414
4257707;(А)RF Haier C4F744CWGU1 DEMO;2000425770715
4257770;(А)RF Haier CEF536CSG DEMO;2000425777011
4257772;(А)RF Haier CEF536CWG DEMO;2000425777219
4257775;(А)RF Haier CEF538CGG DEMO;2000425777516
4257774;(А)RF Haier CEF538CWG DEMO;2000425777417
4257372;(А)RF Haier HB18FGSAAARU DEMO;2000425737213
4257548;(А)RF Haier HRF-522DS6RU S DEMO;2000425754814
4257549;(А)RF Haier HRF-523DS6RU DEMO;2000425754913
4257453;(А)RF Haier HRF-541DY7RU DEMO;2000425745317
4257619;(А)RF Haier HRF-600DM7ERU S DEMO;2000425761911
4257380;(А)RF Haier HTF-456DM6RU DEMO;2000425738012
4257768;(А)RF Haier HTF-690DGS7RU1 DEMO;2000425776816
4256991;(А)RF Haier MSR115L;697156371263830293
4259110;(А)RF Hisense RB3K330SAC1;2000425911019
4258478;(А)RF Hisense RB3K330SAF1;2000425847820
4258673;(А)RF Hisense RB3N331NAC1;2000425867323
4258672;(А)RF Hisense RB3N331NAW1;2000425867224
400919928;(А)RF Hisense RB434N4BC2;3838782419454
400919827;(А)RF Hisense RB434N4BW2;3838782541995
4258650;(А)RF Hisense RB5P405NAQ1;2000425865022
4259118;(А)RF Hisense RB5P410SAFE;2000425911811
4259131;(А)RF Hisense RQ5P605NSVE;2000425913112
4258911;(А)RF Hisense RQ768N4GBE;2000425891113
400852864;(А)RF MIDEA MDRB458FGF01IDM;4816202800647
400852863;(А)RF MIDEA MDRB458FGF46IDM;4816202800630
400852858;(А)RF MIDEA MDRB510FGF01IDM;2040085285822
400950506;(А)RF Midea MDRB510FGF33IDM;4816202800715
400951137;(А)RF Midea MDRB599MMF01 Wh;4816202800777
400951218;(А)RF Midea MDRB599MMF46;4816202800784
400950505;(А)RF Midea MDRB601MME01 белый;6954903819891
400950409;(А)RF Midea MDRB601MME46 нерж.сталь;6954903819907
4269812;(А)RF Midea MDRF692MIE46;694046193477065284
4269860;(А)RF Midea MDRF705BIE70;694046193872365284
400956412;(А)RF MIDEA MDRS791MIE45 черный;6940461945301
4269801;(А)RF Toshiba GR-RB500WE-PMJ(06);694046193246265284
4269935;(А)RF Toshiba GR-RB572WI-PMJ(06);695490381994565284
4269936;(А)RF Toshiba GR-RB572WI-PMJ(51);695490381993865284
4269877;(А)RF Toshiba GR-RF695WI-PGJ(67);694046193852565284
4269844;(А)RF Toshiba GR-RS755WI-PMJ(06);694046193694165284
4269816;(А)RF Toshiba GR-RS780WI-PMJ(06);694046193600265284
400951431;(А)RF Toshiba GR-RS910WI1-PMJ(06);6940461944250
400477280;(А)RF Weis. CBN2WB1C2;2040047728022
400477278;(А)RF Weis. CBN2WB1W2;2040047727827
400501933;(А)RF Weis. CBN2WB3B2;4610509420313
400496081;(А)RF Weis. CBN2WB3M2;4610509420184
400497303;(А)RF Weis. CBN2WC2B2;4610509420078
400477281;(А)RF Weis. CBN2WC2C2;2040047728121
400554603;(А)RF Weis. CBN2WC2L2;4610509420535
400496021;(А)RF Weis. CBN2WC2M2;4610509420191
400477279;(А)RF Weis. CBN2WC2W2;2040047727926
401769579;(А)RF Weis. CBN2WP1M2;4610509420924
400607041;(А)RF Weis. WRB2SB1W1;4610509420580
400603180;(А)RF Weissgauff WRB1SB1W1;4610509420634
400478631;(А)RF ZUGEL ZCWI360DB;4610216581383
400478629;(А)RF ZUGEL ZCWI460DB;4610216581369
400478632;(А)RF ZUGEL ZCWI570DB;4610216581390
400484339;(А)RF ZUGEL ZRCDI456XB;4610216581550
400888359;(А)RF ZUGEL ZRFB2BNFW;4610509420443
400484271;(А)RF ZUGEL ZRFD200B;4610216581321
401248437;(А)RF ZUGEL ZRFD362B Bl;4610216582304
400484282;(А)RF ZUGEL ZRSSI540XB;4610216581598
400484357;(А)RF ZUGEL ZTWF122B;4610216581123
400484349;(А)RF ZUGEL ZTWF81B;4610216581086
4269804;(А)RF Midea MDRS791MIE46;694046193512865284
400519940;(А)SmartTVпр. BarTon Smart Box SA-2408;4620214140055
400816378;(А)SmartTVпр. BarTon SW-2432;4620214140079
400816377;(А)SmartTVпр. Cadena CSB-248;4620214140383
400237868;(А)SmartTVпр. Cadena PRO A CSB-230;4630056787257
400237869;(А)SmartTVпр. Cadena PRO S CSB-235;4630056787295
400237871;(А)SmartTVпр. Cadena PRO X CSB-238;4630056787318
4322115;(А)SmartTVпр. Sber SBDV-00006;2000432211515
4322116;(А)SmartTVпр. Sber SBDV-00269;2000432211614
400524788;(А)SmartTVпр. Xiaomi PFJ4203RU;2040052478813
4258538;(А)SS Hisense AX3120Q;2000425853821
4259123;(А)SS Hisense AX5140Q;2000425912313
4259123;(А)SS Hisense AX5140Q;2000425912313
4258772;(А)SS Hisense HS2100;2000425877216
4258772;(А)SS Hisense HS2100;2000425877216
4258837;(А)SS Hisense HS3100;2000425883712
4258837;(А)SS Hisense HS3100;2000425883712
4258838;(А)SS Hisense HS5100;2000425883811
4258838;(А)SS Hisense HS5100;2000425883811
400519068;(А)SS Samsung HW-B650F/RU;8806097077220
400519068;(А)SS Samsung HW-B650F/RU;8806097077220
400519069;(А)SS Samsung HW-B750F/RU;8806097077206
400519069;(А)SS Samsung HW-B750F/RU;8806097077206
400519070;(А)SS Samsung HW-Q600F/RU;8806097077190
400519071;(А)SS Samsung HW-Q800F/RU;8806097078739
400519071;(А)SS Samsung HW-Q800F/RU;8806097078739
400519073;(А)SS Samsung HW-Q930F/RU;8806097078708
400519073;(А)SS Samsung HW-Q930F/RU;8806097078708
400478496;(А)SS TCL Q75H;2040047849611
400478496;(А)SS TCL Q75H;2040047849611
400478497;(А)SS TCL S55H;2040047849710
400478497;(А)SS TCL S55H;2040047849710
401149140;(А)SS Toshiba C210WR;6942351425900
401149140;(А)SS Toshiba C210WR;6942351425900
401153674;(А)SS Toshiba M510WR;6942351425924
400472462;(А)SW Elari Chrono Pro Bl;4751043710598
4268309;(А)SW Honor LWS-WB11 Bl;6977887510455
400636134;(А)SW Huawei Watch Fit 4 Black;2040063613418
400636161;(А)SW Huawei Watch Fit 4 Pro Black;2040063616112
400636158;(А)SW Huawei Watch Fit 4 Pro Blue;2040063615818
401204531;(А)SW Huawei Watch FIT 5 Bl;6942103190629
401204756;(А)SW Huawei Watch FIT 5 Li;6942103190605
401204768;(А)SW Huawei Watch FIT 5 Pro Bl;6942103190575
401204789;(А)SW Huawei Watch FIT 5 Pro Or;6942103190551
401204786;(А)SW Huawei Watch FIT 5 Pro Wh;6942103190568
401204608;(А)SW Huawei Watch FIT 5 Wh;6942103190612
400635509;(А)SW Huawei Watch Fit SE Forest Green;2040063550911
400635492;(А)SW Huawei Watch Fit SE starry black;2040063549212
400636729;(А)SW Huawei Watch GT 6 41mm Purple;2040063672910
400636203;(А)SW Huawei Watch GT 6 46mm Black;2040063620317
400636768;(А)SW Huawei Watch GT 6 Pro 46mm Brown;2040063676819
400636771;(А)SW Huawei Watch GT 6 Pro 46mm Ti;2040063677113
400636771;(А)SW Huawei Watch GT 6 Pro 46mm Ti;2040063677113
400499012;(А)SW Mibro XPSWZ002B B;6971619679175
400607624;(А)SW Xiaomi BHR9441GL;2040060762416
400607626;(А)SW Xiaomi BHR9444GL;2040060762614
400607627;(А)SW Xiaomi BHR9917GL;2040060762713
400531172;(А)SW Xiaomi Redmi BHR8784GL;2040053117216
400531186;(А)SW Xiaomi Redmi BHR8790GL;2040053118619
4268307;(А)TC HONOR 5504ADRE;6971759902553
4268307;(А)TC HONOR 5504ADRE;6971759902553
4266457;(А)TC HONOR 5504ADRG;6971759902560
401571465;(А)TC Honor PAD 10 WIFI 8/128GB 5301ANNW;693652086993037786
401571466;(А)TC Honor PAD 10 WIFI 8/256GB 5301ANNY;693652086994737786
401571463;(А)TC Honor PAD X9a LTE 6/128GB 5301AMVJ;693652086659537786
401571462;(А)TC Honor PAD X9a WIFI 8/256Gb5301AMVF;693652086543737786
401571461;(А)TC HonorPAD X9a WIFI6/128Gb5301AMVE_L;693652086542037786
400888218;(А)TC Horizont H-Tab 1+ (G100);4810443004857
400888218;(А)TC Horizont H-Tab 1+ (G100);4810443004857
401233943;(А)TC Horizont H-Tab Crystal Ma/Mt;4810443005809
401240005;(А)TC Horizont H-Tab GO OTr;4810443005458
401240030;(А)TC Horizont H-Tab MINI Mn/Bl;4810443005441
400627545;(А)TC HUAWEI 53014GXU;2040062754518
400627547;(А)TC HUAWEI 53014GXX;2040062754716
400627663;(А)TC HUAWEI 53014KCC;2040062766313
400627637;(А)TC HUAWEI 53014KCL;2040062763718
400639852;(А)TC HUAWEI 53014KPV;2040063985218
400639853;(А)TC HUAWEI 53014KPW;2040063985317
400627662;(А)TC HUAWEI 53014MLK;2040062766214
400627644;(А)TC HUAWEI 53014MLV;2040062764418
401043965;(А)TC HUAWEI 53014NTJ;6942103182273
401047327;(А)TC HUAWEI 53014PKB;6942103189104
401043774;(А)TC HUAWEI 53014PKC;6942103189098
400627634;(А)TC HUAWEI TXZ-W09 8+256 WIFI +клав.;2040062763411
400649761;(А)TC Xiaomi Pad 8 8+128 Gb Gray;6932554473297
400649761;(А)TC Xiaomi Pad 8 8+128 Gb Gray;6932554473297
400649465;(А)TC Xiaomi Pad 8 Pro 8+128 Gb Gray;6932554475697
400649461;(А)TC Xiaomi Pad 8 Pro 8+256 Gb Gray;6932554475291
400532309;(А)TC Xiaomi Red.Pad2 4/128GB 4G Gp/Gr;2040053230915
400532290;(А)TC Xiaomi Red.Pad2 4/128GB WF Gp/Gr;2040053229018
400532297;(А)TC Xiaomi Red.Pad2 4/128GB WiFi Mt/G;2040053229711
400532316;(А)TC Xiaomi Red.Pad2 8/256GB 4G Gp/Gr;2040053231615
400532317;(А)TC Xiaomi Red.Pad2 8/256GB 4G Mt/G;2040053231714
400532305;(А)TC Xiaomi Red.Pad2 8/256GB WF Gp/Gr;2040053230519
401564403;(А)TC Xiaomi Redmi Pad 2 4G Gr;6932554451059
401256658;(А)TC Xiaomi REDMIPad2 9.7 4/128Гб Gp/Gr;6939093007310
401256541;(А)TC Xiaomi REDMIPad2 9.7 4/64 Гб Gp/Gr;6939093007839
401256670;(А)TC Xiaomi REDMIPad2 9.7 4G4/64ГбGp/Gr;6939093013595
401256700;(А)TC XiaomiREDMIPad2 9.7 4G4/128ГбGp/Gr;6939093013557
400839786;(А)TV Artel 43AU20H;4870248927188
400839791;(А)TV Artel 43AU20K;4870248927195
400839842;(А)TV Artel 50AU20K;4870248927201
400839904;(А)TV Artel 55AU20K;4870248927218
400839664;(А)TV Artel A32MH1300;4870248927164
400644554;(А)TV Artel UA32H4101;4780074201829
400478410;(А)TV Artel YA32LH1600;4780074203854
400478667;(А)TV Artel YA43LF1600;4780074203861
400478558;(А)TV Artel YA50LU3600;4780074207630
400478778;(А)TV Artel YA55LU3600;4780074207647
400748056;(А)TV Artel YA65LU3600;4780074208194
400496903;(А)TV Dreame 32Q10;6978486970343
400514005;(А)TV Dreame 43Q100;2005777760704
400514004;(А)TV Dreame 55Q100;2005777760896
400514006;(А)TV Dreame 65Q100;2005777760889
400514006;(А)TV Dreame 65Q100;2005777760889
400475388;(А)TV Dreame Aura Mini LED 4K TV 55S100;6978486970053
400475591;(А)TV Dreame Aura Mini LED 4K TV 65S100;6978486970060
400475591;(А)TV Dreame Aura Mini LED 4K TV 65S100;6978486970060
400475397;(А)TV Dreame Aura Mini LED 4K TV 75S100;6978486970077
400475386;(А)TV Dreame Aura Mini LED 4K TV 86S100;6978486970084
400475432;(А)TV Dreame AuraFrame QLED 4KTV55Q100F;6978486970091
400475434;(А)TV Dreame AuraFrame QLED 4KTV65Q100F;6978486970107
400475381;(А)TV Dreame Vivid QLED 4K TV 50Q100;6978486970039
400475584;(А)TV Dreame Vivid QLED 4K TV 75Q100;6978486970046
400475584;(А)TV Dreame Vivid QLED 4K TV 75Q100;6978486970046
400788389;(А)TV Hisense 32A4S RU;4630354783692
400788811;(А)TV Hisense 32A5S RU;4630354783661
400970990;(А)TV Hisense 40A4S RU;4630354783685
400979635;(А)TV Hisense 40A5S RU;4630354783647
400744219;(А)TV Hisense 43E7S RU;4630354783562
400744219;(А)TV Hisense 43E7S RU;4630354783562
4258450;(А)TV Hisense 50E7Q RU;2000425845024
401079713;(А)TV Hisense 50E7S PRO RU;4630354783517
400748315;(А)TV Hisense 50E7S RU;4630354783555
401079629;(А)TV Hisense 50U7S RU;4630354783401
400979826;(А)TV Hisense 55E7S PRO RU;4630354783500
400754370;(А)TV Hisense 55E7S RU;4630354783548
400773907;(А)TV Hisense 55U7S;6942351433585
400773907;(А)TV Hisense 55U7S;6942351433585
400773907;(А)TV Hisense 55U7S;6942351433585
401026857;(А)TV Hisense 55U7S PRO;6942351437149
401026857;(А)TV Hisense 55U7S PRO;6942351437149
400754879;(А)TV Hisense 65E7S;6942351431710
400754879;(А)TV Hisense 65E7S;6942351431710
400754879;(А)TV Hisense 65E7S;6942351431710
400757361;(А)TV Hisense 65E7S PRO;6942351432595
400757361;(А)TV Hisense 65E7S PRO;6942351432595
400881521;(А)TV Hisense 65U7S;6942351433769
400881521;(А)TV Hisense 65U7S;6942351433769
401038017;(А)TV Hisense 65U7S PRO;6942351437293
401038017;(А)TV Hisense 65U7S PRO;6942351437293
400980556;(А)TV Hisense 65UR9S;6942351436241
400980556;(А)TV Hisense 65UR9S;6942351436241
400757514;(А)TV Hisense 75E7S;6942351431901
400757514;(А)TV Hisense 75E7S;6942351431901
400881360;(А)TV Hisense 75E7S PRO;6942351433165
400881360;(А)TV Hisense 75E7S PRO;6942351433165
400779446;(А)TV Hisense 75U7S;6942351437811
400779446;(А)TV Hisense 75U7S;6942351437811
401042700;(А)TV Hisense 75U7S PRO;6942351437446
401042700;(А)TV Hisense 75U7S PRO;6942351437446
400987476;(А)TV HISENSE 75UR9S;6942351436302
400763294;(А)TV Hisense 85E7S;6942351432076
400881438;(А)TV Hisense 85E7S PRO;6942351436074
400780644;(А)TV Hisense 85U7S;2040078064427
401051894;(А)TV Hisense 85U7S PRO;6942351437590
400987515;(А)TV HISENSE 85UR9S;6942351436371
400508348;(А)TV Samsung QE43QN90FAUXRU;8806095986906
400492821;(А)TV Samsung QE50QN80FAUXRU;8806095970479
400492824;(А)TV Samsung QE55QN70FAUXRU;8806095986920
400492828;(А)TV Samsung QE65QN70FAUXRU;8806095986968
400493951;(А)TV Samsung UE85U8000FUXRU;8806097092995
4322091;(А)TV Sber SDF-43UQ7000MBA;2000432209116
4320921;(А)TV Sber SDX-32F3111;2000432092114
4320925;(А)TV Sber SDX-32F3112;2000432092510
4320924;(А)TV Sber SDX-32H3011;2000432092411
4320922;(А)TV Sber SDX-32H3113;2000432092213
4322090;(А)TV Sber SDX-43F3000MBA;2000432209017
4320929;(А)TV Sber SDX-43UQ6033;2000432092916
4322094;(А)TV Sber SDX-50UQ6000MBA;2000432209413
4322096;(А)TV Sber SDX-55U8133;2000432209611
4322097;(А)TV Sber SDX-55UQ6000MGA;2000432209710
400484302;(А)TV Shivaki S43QY;4780074206435
400485969;(А)TV Shivaki S50QY;4780074206459
400486196;(А)TV Shivaki S55QY;4780074206473
400486248;(А)TV Shivaki S65QY;4780074206497
400486248;(А)TV Shivaki S65QY;4780074206497
401152393;(А)TV TCL 32S4K;4630506830106
401152393;(А)TV TCL 32S4K;4630506830106
400475534;(А)TV TCL 32S5K;2040047553419
401152579;(А)TV TCL 43P7L;4630506830045
400475536;(А)TV TCL 43S5K;2040047553617
400475537;(А)TV TCL 50P7K;2040047553716
401152599;(А)TV TCL 50P7L;4630506830144
400475538;(А)TV TCL 55C6K;2040047553815
400478419;(А)TV TCL 55C7K;2040047841912
401152760;(А)TV TCL 55C7L;6937574852244
401152760;(А)TV TCL 55C7L;6937574852244
400478450;(А)TV TCL 55P6K;2040047845019
401152764;(А)TV TCL 55P7L;6937574837982
400475543;(А)TV TCL 55P8K;2040047554317
401152763;(А)TV TCL 55P8L;6937574832086
401152763;(А)TV TCL 55P8L;6937574832086
401156582;(А)TV TCL 65C7L;6937574849800
400478451;(А)TV TCL 65P6K;2040047845118
401156592;(А)TV TCL 65P7L;6937574837937
400475541;(А)TV TCL 65P8K;2040047554119
401156591;(А)TV TCL 65P8L;6937574832031
401156591;(А)TV TCL 65P8L;6937574832031
400475545;(А)TV TCL 75C8K;2040047554515
400478454;(А)TV TCL 75P6K;2040047845415
400478445;(А)TV TCL 75P8K;2040047844517
4258615;(А)TV Toshiba 32V35RE RU;2000425861529
4258654;(А)TV Toshiba 43M450RE RU;2000425865428
4258597;(А)TV Toshiba 43V35RE RU;2000425859724
4258652;(А)TV Toshiba 50M450RE RU;2000425865220
4258653;(А)TV Toshiba 55M450RE RU;2000425865329
4258653;(А)TV Toshiba 55M450RE RU;2000425865329
4258515;(А)TV Toshiba 55Z670RE;2000425851520
401005038;(А)TV Toshiba 55Z680SE;6942351439662
401005038;(А)TV Toshiba 55Z680SE;6942351439662
4258655;(А)TV Toshiba 65M450RE;2000425865527
4258655;(А)TV Toshiba 65M450RE;2000425865527
4258516;(А)TV Toshiba 65Z670RE;2000425851629
4258516;(А)TV Toshiba 65Z670RE;2000425851629
401027288;(А)TV Toshiba 65Z680SE;6942351439679
401027288;(А)TV Toshiba 65Z680SE;6942351439679
4258553;(А)TV Toshiba 65Z770RE;2000425855320
4258553;(А)TV Toshiba 65Z770RE;2000425855320
4258656;(А)TV Toshiba 75M450RE;2000425865626
4258517;(А)TV Toshiba 75Z670RE;2000425851728
4258517;(А)TV Toshiba 75Z670RE;2000425851728
4258558;(А)TV Toshiba 75Z770RE;2000425855825
4258558;(А)TV Toshiba 75Z770RE;2000425855825
400764346;(А)TV Toshiba 85M450RE;6942351422220
4258518;(А)TV Toshiba 85Z670RE;2000425851827
4258559;(А)TV Toshiba 85Z770RE;2000425855924
4258559;(А)TV Toshiba 85Z770RE;2000425855924
400473210;(А)TV Витязь 55LU1260;4810094022002
400512221;(А)TV Яндекс Бейсик 43 YNDX-00074;2040051222110
400512224;(А)TV Яндекс Бейсик 50  YNDX-00075;2040051222417
400512224;(А)TV Яндекс Бейсик 50  YNDX-00075;2040051222417
400512367;(А)TV Яндекс Бейсик QLED 43 YNDX-00078;2040051236711
400512367;(А)TV Яндекс Бейсик QLED 43 YNDX-00078;2040051236711
400512368;(А)TV Яндекс Бейсик QLED 50 YNDX-00079;2040051236810
400512678;(А)TV Яндекс Бейсик QLED 55 YNDX-00080;2040051267814
400512680;(А)TV Яндекс Бейсик QLED 65 YNDX-00081;2040051268019
400512233;"(А)TV Яндекс Про MiniLED 55"" YNDX-00103";2040051223315
400512254;(А)TV Яндекс Про MiniLED 65 YNDX-00104;2040051225418
400512229;"(А)TV Яндекс Бейсик 65"" YNDX-00077";2040051222912
400496317;(А)USB-модем МТС W025;2040049631719
400491883;(А)VC Dreame D30 Ultra;6978486970640
400491883;(А)VC Dreame D30 Ultra;6978486970640
400476017;(А)VC Dreame D9MaxGen2 Wh;2040047601714
400476017;(А)VC Dreame D9MaxGen2 Wh;2040047601714
400492835;(А)VC Dreame E10;6978486970893
400480781;(А)VC Dreame F10 Bot Bl;2040048078119
400480781;(А)VC Dreame F10 Bot Bl;2040048078119
400480790;(А)VC Dreame F10 Plus Bl;2040048079017
400480790;(А)VC Dreame F10 Plus Bl;2040048079017
400474792;(А)VC Dreame F10 Plus Wh;2040047479214
400474792;(А)VC Dreame F10 Plus Wh;2040047479214
400474790;(А)VC Dreame F10 Wh;2040047479016
400638763;(А)VC Dreame F20 Wh;6978486970817
400638763;(А)VC Dreame F20 Wh;6978486970817
400638796;(А)VC Dreame F21 Wh;6978486970855
400476018;(А)VC Dreame F9 Pro;2040047601813
400475925;(А)VC Dreame G10 Pro;2040047592517
400475925;(А)VC Dreame G10 Pro;2040047592517
400644501;(А)VC Dreame G12;6978486970794
400644501;(А)VC Dreame G12;6978486970794
400474787;(А)VC Dreame H14 Dual;2040047478712
400474791;(А)VC Dreame H15 Pro Heat;2040047479115
400474796;(А)VC Dreame HHR14A;2040047479610
400476014;(А)VC Dreame HHR25A;2040047601417
400476014;(А)VC Dreame HHR25A;2040047601417
400475928;(А)VC Dreame HHR27C;2040047592814
400477110;(А)VC Dreame HHR30B;2040047711017
400959406;(А)VC Dreame HHR32A;6978486970800
400959406;(А)VC Dreame HHR32A;6978486970800
400474664;(А)VC Dreame HHR44A (H12 Flex);2040047466412
400474664;(А)VC Dreame HHR44A (H12 Flex);2040047466412
400474778;(А)VC Dreame HHR44A (H12 Pro Flex);2040047477814
400474778;(А)VC Dreame HHR44A (H12 Pro Flex);2040047477814
400477196;(А)VC Dreame HHV11A;6978515250477
400477196;(А)VC Dreame HHV11A;6978515250477
401718360;(А)VC Dreame HHV13A;6978486970770
401718360;(А)VC Dreame HHV13A;6978486970770
401717745;(А)VC Dreame HHV16A;6978486970787
401717745;(А)VC Dreame HHV16A;6978486970787
400480876;(А)VC Dreame HHV31A;6978486970398
400480876;(А)VC Dreame HHV31A;6978486970398
400476019;(А)VC Dreame L10s Plus;2040047601912
400476020;(А)VC Dreame L10s Pro Gen2;2040047602018
400474779;(А)VC Dreame L40 Ultra AE Wh;2040047477913
400474779;(А)VC Dreame L40 Ultra AE Wh;2040047477913
400474775;(А)VC Dreame L40s Pro Ultra;2040047477517
400474774;(А)VC Dreame L40s Ultra;2040047477418
400474774;(А)VC Dreame L40s Ultra;2040047477418
400496883;(А)VC Dreame Mite Remover;6978486970763
400496883;(А)VC Dreame Mite Remover;6978486970763
400496883;(А)VC Dreame Mite Remover;6978486970763
400477235;(А)VC Dreame R10s Essent.(VZV29A) белый;6978515253454
400477235;(А)VC Dreame R10s Essent.(VZV29A) белый;6978515253454
401733927;(А)VC Dreame R10S Essential Aqua белый;6978486971739
400475914;(А)VC Dreame R10S Pro;2040047591411
400483379;(А)VC Dreame R20;6978515254833
400477122;(А)VC Dreame RLD34GA;2040047712212
400480043;(А)VC Dreame RLD35GA Bl;2040048004316
400474831;(А)VC Dreame RLD35GA Wh;2040047483112
400474831;(А)VC Dreame RLD35GA Wh;2040047483112
400474807;(А)VC Dreame RLD35GD;2040047480715
400480439;(А)VC Dreame RLD43SA Bl;2040048043919
400480439;(А)VC Dreame RLD43SA Bl;2040048043919
400474815;(А)VC Dreame RLD43SA WH;2040047481514
400506305;(А)VC Dreame RLH71DE-1 Bl;6978486970466
400506305;(А)VC Dreame RLH71DE-1 Bl;6978486970466
400483281;(А)VC Dreame RLH71DE-1 Wh;6978486970459
400479201;(А)VC Dreame RLL42SDA;2040047920112
400481239;(А)VC Dreame RLL77SE;2040048123918
400492291;(А)VC Dreame RLL94CE белый;6978515252976
400477115;(А)VC Dreame RLX41CE;2040047711512
400476894;(А)VC Dreame RLX86CE-1;2040047689415
400476894;(А)VC Dreame RLX86CE-1;2040047689415
400891279;(А)VC Dreame RLX87DE белый;6978486970954
400891279;(А)VC Dreame RLX87DE белый;6978486970954
400891201;(А)VC Dreame RLX87DE черный;6978486970947
400891201;(А)VC Dreame RLX87DE черный;6978486970947
400891003;(А)VC Dreame RLX88DE черный;6978486970961
400891003;(А)VC Dreame RLX88DE черный;6978486970961
400476027;(А)VC Dreame U20;2040047602711
400476027;(А)VC Dreame U20;2040047602711
400891433;(А)VC Dreame VRV62F черный/медный;6978486971227
400475917;(А)VC Dreame VTV21A;2040047591718
400474651;(А)VC Dreame VZV15A;2040047465118
400476009;(А)VC Dreame VZV16A;2040047600915
400474643;(А)VC Dreame VZV24A;2040047464319
400474643;(А)VC Dreame VZV24A;2040047464319
400476958;(А)VC Dreame VZV25A;6978515252990
400475924;(А)VC Dreame VZV33A;2040047592418
400476008;(А)VC Dreame VZV36B;2040047600816
400476008;(А)VC Dreame VZV36B;2040047600816
400475920;(А)VC Dreame VZV66A;2040047592012
400475920;(А)VC Dreame VZV66A;2040047592012
400475920;(А)VC Dreame VZV66A;2040047592012
400475921;(А)VC Dreame VZV77B;2040047592111
400475921;(А)VC Dreame VZV77B;2040047592111
400492728;(А)VC Ecovacs N20e Plus белый;6970135034321
400492310;(А)VC Ecovacs N20e Wh;6970135034307
400492310;(А)VC Ecovacs N20e Wh;6970135034307
400494553;(А)VC Ecovacs X11 Bl;6970135037742
400494553;(А)VC Ecovacs X11 Bl;6970135037742
401079416;(А)VC FuturoHome MTR VS-450;4657821648124
400503179;(А)VC FuturoHome MTR VS-700G серый;2040050317930
400503179;(А)VC FuturoHome MTR VS-700G серый;2040050317930
400503180;(А)VC FuturoHome MTR VS-700W белый;2040050318036
400520048;(А)VC Garlyn SR-790 белый;4673769412016
400168325;(А)VC Garlyn SR-800 Max;2040016832514
4258659;(А)VC Gorenje SVC222230AEW;2000425865923
4258670;(А)VC Gorenje SVC222480AA;2000425867026
4258856;(А)VC Gorenje VC1701GACWCY;2000425885617
4258537;(А)VC Gorenje VC1901G2ABK;2000425853722
4258661;(А)VC Gorenje VC1903GACBUCY;2000425866111
4258661;(А)VC Gorenje VC1903GACBUCY;2000425866111
400520182;(А)VC Karcher 1.081-150.0;2040052018217
400520182;(А)VC Karcher 1.081-150.0;2040052018217
400521187;(А)VC Karcher 1.628-135.0;2040052118719
400522322;(А)VC Karcher 1.628-190.0;2040052232217
400820337;(А)VC NEATSVOR E6;4630253490394
400820268;(А)VC NEATSVOR M55 Pluse B;4630253490363
400780987;(А)VC NEATSVOR M80 Wh;4630253490370
401424270;(А)VC RED sol. C320 Gr;5060982437930
400472876;(А)VC RED sol. C330;5061061573464
400472897;(А)VC RED sol. C340;5061061573525
400472897;(А)VC RED sol. C340;5061061573525
400472866;(А)VC RED sol. V3090;5061061573426
400472899;(А)VC RED sol. W3500;5061061573549
400472899;(А)VC RED sol. W3500;5061061573549
400472881;(А)VC RED sol. X20;5061061573488
400472881;(А)VC RED sol. X20;5061061573488
400477446;(А)VC RED sol. X22 STORM STATION;5060982438616
400537720;(А)VC Redmond VH1310;5055323658891
400495877;(А)VC Redmond VH1311;5055323661983
400495877;(А)VC Redmond VH1311;5055323661983
400495891;(А)VC Redmond VH1312;5055323656415
400495891;(А)VC Redmond VH1312;5055323656415
400495882;(А)VC Redmond VH1313;5055323658143
400537729;(А)VC Redmond VH1314 серый;5055323658631
400537729;(А)VC Redmond VH1314 серый;5055323658631
400537723;(А)VC Redmond VH1318 PRO MAX;5055323661419
400537738;(А)VC Redmond VH1319;5055323651311
400537738;(А)VC Redmond VH1319;5055323651311
400537771;(А)VC Redmond VH1330;5055323665882
400537751;(А)VC Redmond VH1331;5055323662720
400537755;(А)VC Redmond VH1332 бирюзовый;5055323662621
400537755;(А)VC Redmond VH1332 бирюзовый;5055323662621
400537768;(А)VC Redmond VH1334 белый;5055323661518
400537768;(А)VC Redmond VH1334 белый;5055323661518
400536725;(А)VC Redmond VR1322S Wh;5055323656477
400536725;(А)VC Redmond VR1322S Wh;5055323656477
401040471;(А)VC Redmond VR1323S черный;5055323656491
401040471;(А)VC Redmond VR1323S черный;5055323656491
400495928;(А)VC Redmond VR1324S;5055323661310
400495928;(А)VC Redmond VR1324S;5055323661310
400537797;(А)VC Redmond VR1327S;5055323667039
400537797;(А)VC Redmond VR1327S;5055323667039
400537931;(А)VC Redmond VR1329S;5055323666537
400537931;(А)VC Redmond VR1329S;5055323666537
400741600;(А)VC Roborock RRE0R50 S;2040074160017
400741600;(А)VC Roborock RRE0R50 S;2040074160017
400741605;(А)VC Roborock RRE0VIS белый;2040074160512
400741605;(А)VC Roborock RRE0VIS белый;2040074160512
400741601;(А)VC Roborock S91COP Bl;2040074160116
400741601;(А)VC Roborock S91COP Bl;2040074160116
400757457;(А)VC Roborock WD5M3A Bl;2040075745770
400687284;(А)VC Roborock WD5M5A Bl;2040068728476
400741588;(А)VC Roborock WD6Y3A;2040074158816
400741588;(А)VC Roborock WD6Y3A;2040074158816
401427520;(А)VC Toshiba VC-BL140E(B);695607973589065284
401427520;(А)VC Toshiba VC-BL140E(B);695607973589065284
401426998;(А)VC Toshiba VC-BL140E(W);695607973588365284
401426998;(А)VC Toshiba VC-BL140E(W);695607973588365284
4269961;(А)VC Toshiba VC-BL200(B);695607973505065284
4269960;(А)VC Toshiba VC-BL200(W);695607973506765284
400500844;(А)VC Trouver E20 Plus;2040050084412
400500844;(А)VC Trouver E20 Plus;2040050084412
400493815;(А)VC Trouver E20 Pro Bl;2040049381515
400493815;(А)VC Trouver E20 Pro Bl;2040049381515
400531456;(А)VC Trouver E30 Aqua;6977728941783
400544360;(А)VC Trouver G1 Pro белый;2040054436019
400488908;(А)VC UWANT D500Pro;6974230886243
400488908;(А)VC UWANT D500Pro;6974230886243
400488908;(А)VC UWANT D500Pro;6974230886243
400489290;(А)VC UWANT D700 Gr;6974230887547
400489290;(А)VC UWANT D700 Gr;6974230887547
400489604;(А)VC UWANT V500;6974230885987
400489604;(А)VC UWANT V500;6974230885987
400488048;(А)VC Xiaomi BHR084AEU;6932554440893
400488048;(А)VC Xiaomi BHR084AEU;6932554440893
400488044;(А)VC Xiaomi BHR089REU;6932554447052
400488044;(А)VC Xiaomi BHR089REU;6932554447052
400614956;(А)VC Xiaomi BHR08GYEU;6932554458379
400614967;(А)VC Xiaomi BHR08J7EU;6932554463496
400635438;(А)VC Xiaomi BHR5156EU;6934177745959
400571296;(А)VC Xiaomi BHR8276EU белый;6941812774519
400624861;(А)VC Xiaomi BHR8828EU черный/серый;2040062486112
400629289;(А)VC Xiaomi BHR8831EU;2040062928919
400627944;(А)VC Xiaomi BHR8833EU;2040062794415
400627944;(А)VC Xiaomi BHR8833EU;2040062794415
400714183;(А)VC Xiaomi Robot Vacuum H50 EU белый;6932554458287
400714178;(А)VC Xiaomi Robot Vacuum H50 Pro белый;6932554446918
4257430;(А)WDM Candy ROW42646DWMC-07 DEMO;2000425743016
400852497;(А)WDM Gorenje WD2PA1X64A2DW/C белая;3838782983528
401222107;(А)WDM Gorenje WDG2P854A3C2/C Wh;3838783158451
4257452;(А)WDM Haier HWD100-B14979 DEMO;2000425745218
4257640;(А)WDM Haier HWD120-BD14378 DEMO;2000425764011
4257552;(А)WDM Haier HWD80-BP14929S DEMO;2000425755217
4257765;(А)WDM Haier HWD80-BP14959A DEMO;2000425776519
4257767;(А)WDM Haier HWD80-BP14979S DEMO;2000425776717
4258631;(А)WDM Hisense WD3I8043BWF2;2000425863127
4259134;(А)WDM Hisense WD5I8043BWF;2000425913419
400852732;(А)WDM Hisense WD5I8043BWF1 белая;6901101834393
4269929;(А)WDM Toshiba TWD-T21BU90UWRU(MG);697518828817265284
4269930;(А)WDM Toshiba TWD-T25BZU115MWRU(MG);697518828821965284
400479739;(А)WDM Vard VWD414 белый;4607097711954
400479738;(А)WDM Vard VWD414B черная;4607097711961
400479737;(А)WDM Vard VWD514S белый;4607097711398
400479736;(А)WDM Vard VWD514SB серый;4607097711510
400845771;(А)WebCam Defender 63191;4745091893587
400673451;(А)WebCam Rapoo C200;6940056198808
400674241;(А)WebCam Rapoo C260;6940056198471
400728398;(А)WebCam Rapoo C280;6940056199904
400589679;(А)WiFi адапт. CUDY WU1300S;2040058967915
400494554;(А)WM AEG LFR62844BE;2099962106286
400494566;(А)WM AEG LFR73944FE;2099962106323
4322103;(А)WM Beko WSPE7612W;2000432210310
4257579;(А)WM Candy AQUA 114D2-07 DEMO;2000425757914
4257692;(А)WM Candy C33W4 07MBW-07 DEMO;2000425769214
4257691;(А)WM Candy C37W4 27MBBR-07 DEMO;2000425769115
4257562;(А)WM Candy CSH41273DW/2-07 DEMO;2000425756214
4257561;(А)WM Candy CSO34 106T1/2-07 DEMO;2000425756115
4257409;(А)WM Candy CSO4 107TB1/2-07 DEMO;2000425740916
4257560;(А)WM Candy CSO4 276TWMB-07 DEMO;2000425756016
4257575;(А)WM Candy CSO44 286TWM-07 DEMO;2000425757518
401641027;(А)WM Candy PrimO C41W4 06MBW-07;462717216137530293
4257429;(А)WM Candy RO441286DWMC4-07 DEMO;2000425742910
400627541;(А)WM Gorenje W3NGPI72SBS/C Wh;3838782877940
401419117;(А)WM Gorenje WG2PS72A12/C;3838783156587
401424883;(А)WM Gorenje WG2PS72A12S/C Ti;3838783156594
401056663;(А)WM Gorenje WG4S84B1 Wh;3838783100030
4258718;(А)WM Gorenje WNHA62SAS;2000425871818
4258719;(А)WM Gorenje WNHA74SAS;2000425871917
4257526;(А)WM Haier HW100-BD14378S DEMO;2000425752612
4257061;(А)WM Haier HW120-BD14397SU1;697518848146730293
4257592;(А)WM Haier HW50-BP1026 DEMO;2000425759215
4257586;(А)WM Haier HW60-BP12929AE DEMO;2000425758614
4257444;(А)WM Haier HW65-BP129302A DEMO;2000425744419
4257476;(А)WM Haier HW70-BP12269 DEMO;2000425747618
401786122;(А)WM Haier HW70-BP12337SU1;462717216132030293
4257651;(А)WM Haier HW70-BP12919 DEMO;2000425765117
4257652;(А)WM Haier HW70-BP12919S DEMO;2000425765216
4257685;(А)WM Haier HW70-BP12969AE DEMO;2000425768514
4257686;(А)WM Haier HW70-BP12969ASE DEMO;2000425768613
4257688;(А)WM Haier HW70-BP12969DE DEMO;2000425768811
4257442;(А)WM Haier HW80-B14279 DEMO;2000425744211
4257383;(А)WM Haier HW80-B14979 DEMO;2000425738319
4257612;(А)WM Haier HW80-B14979D DEMO;2000425761218
4257382;(А)WM Haier HW80-BP14979S DEMO;2000425738210
4257437;(А)WM Haier HW90-B14979S DEMO;2000425743719
4257520;(А)WM Haier HW90-BP14929A DEMO;2000425752018
400622366;(А)WM Hisense WF1I7022BWJ2/C;6901101838148
4258619;(А)WM Hisense WF3I7027BWJ;2000425861925
4258595;(А)WM Hisense WF5I1045BWQ;2000425859526
4259133;(А)WM Hisense WF5I8043BWF;2000425913310
4258594;(А)WM Hisense WF5I9043BBFS;2000425859427
400526837;(А)WM Horizont WM-4601W 8C;4811803003244
400526837;(А)WM Horizont WM-4601W 8C;4811803003244
400466295;(А)WM Horizont WM-4601W L/Gr;4811803003220
4269902;(А)WM Midea MF100T80BS/S-RU;694587834855465284
4269851;(А)WM Midea MF100W70BS/S-RU;694587834602465284
4269818;(А)WM Midea MF200W80WBS/S-RU;694587834235465284
4269789;(А)WM Midea MFE05W80B/W-RU;694587833755865284
400490221;(А)WM mini Horizont WM-4601W Bl;4811803003237
400808082;(А)WM TCL TWOP-6910W14W1 белый;6933749555033
400481386;(А)WM TCL TWRP-1108W12G2;2040048138615
400481378;(А)WM TCL W-SF606W;2040048137816
4269808;(А)WM Toshiba TW-BK100GF4RU(WS);697518828150065284
4269885;(А)WM Toshiba TW-BN80C4RU(WK);694587834847965284
4269849;(А)WM Toshiba TW-BN90C4RU(SK);697518828466265284
4269922;(А)WM Toshiba TW-T21BU90UWRU(MG);697518828818965284
4269921;(А)WM Toshiba TW-T25BZU115MWRU(MG);697518828816565284
400479623;(А)WM Vard VWF314;4607097711282
400479622;(А)WM Vard VWF494;4607097710964
400479621;(А)WM Vard VWF514;4607097711183
400479620;(А)WM Vard VWF514B;4607097711190
401358632;(А)WM ZUGEL ZWT8 Wh, белый;4610216582427
401358610;(А)WM ZUGEL ZWT9 S, серебристый;4610216582434
400474917;(А)WM Атлант СМА 70С105-00;2040047491711
400494582;(А)WM-крепление AEG A1WYHSK2;2099962021510
400500204;(А)WM-крепление Bosch WTZ27410;2099954934415
4257516;(А)WM-крепление Candy WSK1101/2 DEMO;2000425751615
4257482;(А)WM-крепление Haier CK-1 DEMO;2000425748219
4257764;(А)WM-крепление Haier CK-3 DEMO;2000425776410
4257484;(А)WM-крепление Haier CKS-1 DEMO;2000425748417
4258978;(А)WM-крепление Hisense SKHDSNW;2000425897818
401058965;(А)WM-крепление Hisense WZ3S70W;6901101835390
400872587;(А)WM-крепление MIDEA MSKK-W01;465780451045565284
400872589;(А)WM-крепление Toshiba TSKK-G01;694587835388665284
400496385;(А)WM-крепление Vard 442201;4607097710926
400496549;(А)WM-крепление Vard VSK2;4607097711268
400496561;(А)WM-крепление Vard VSK3;4607097711275
400646825;(А)WM-крепление Vard VSK4;4607097711336
401245060;(А)А/Г/кос. Dreame MLLA7200;6979054370480
401245060;(А)А/Г/кос. Dreame MLLA7200;6979054370480
401018658;(А)А/гриль Braun HF5075I-HF5075IBK;8021098006134
401018658;(А)А/гриль Braun HF5075I-HF5075IBK;8021098006134
400501502;(А)А/гриль Brayer BR2032;9120099337328
400501502;(А)А/гриль Brayer BR2032;9120099337328
400501944;(А)А/гриль Brayer BR2038 черный;9120099337335
400501944;(А)А/гриль Brayer BR2038 черный;9120099337335
400501944;(А)А/гриль Brayer BR2038 черный;9120099337335
400505457;(А)А/гриль Brayer BR2050 черный;9120099337083
400478501;(А)А/гриль Dreame AF30 Bl;2040047850112
400478501;(А)А/гриль Dreame AF30 Bl;2040047850112
400478444;(А)А/гриль Dreame AF30 Wh;2040047844418
400788057;(А)А/гриль Dreame DZ30 Bl;6978486970626
400788057;(А)А/гриль Dreame DZ30 Bl;6978486970626
400504004;(А)А/гриль FuturoHome MTR AF-200;14657821647308
400504004;(А)А/гриль FuturoHome MTR AF-200;14657821647308
400503932;(А)А/гриль FuturoHome MTR AF-300;14657821647520
400503932;(А)А/гриль FuturoHome MTR AF-300;14657821647520
400503932;(А)А/гриль FuturoHome MTR AF-300;14657821647520
4257907;(А)А/гриль Gorenje AF1409DB;2000425790720
4257907;(А)А/гриль Gorenje AF1409DB;2000425790720
4257907;(А)А/гриль Gorenje AF1409DB;2000425790720
4258712;(А)А/гриль Gorenje AF1700DB;2000425871214
4258712;(А)А/гриль Gorenje AF1700DB;2000425871214
4258491;(А)А/гриль Hisense HAF1350DR;2000425849121
4258491;(А)А/гриль Hisense HAF1350DR;2000425849121
4258491;(А)А/гриль Hisense HAF1350DR;2000425849121
4258836;(А)А/гриль Hisense HAF2900D;2000425883613
4258836;(А)А/гриль Hisense HAF2900D;2000425883613
4258836;(А)А/гриль Hisense HAF2900D;2000425883613
400360508;(А)А/гриль Kitfort КТ-2225;2040036050813
400917970;(А)А/гриль MIDEA MAF-TN45WK Bl;6936718341781
400917970;(А)А/гриль MIDEA MAF-TN45WK Bl;6936718341781
400917970;(А)А/гриль MIDEA MAF-TN45WK Bl;6936718341781
400621630;(А)А/гриль NutriB. RC12500001;8006447003996
400621630;(А)А/гриль NutriB. RC12500001;8006447003996
400683576;(А)А/гриль RED G500;2040068357614
400683576;(А)А/гриль RED G500;2040068357614
400683540;(А)А/гриль RED G500W;2040068354019
400683540;(А)А/гриль RED G500W;2040068354019
400683540;(А)А/гриль RED G500W;2040068354019
400683435;(А)А/гриль RED G550;2040068343518
400683399;(А)А/гриль RED G550W;2040068339917
400683288;(А)А/гриль RED MC550;2040068328812
400683288;(А)А/гриль RED MC550;2040068328812
400561977;(А)А/гриль RED MC550W;14657843190240
400561977;(А)А/гриль RED MC550W;14657843190240
400492157;(А)А/гриль RED sol. TWIN W255;5061061572832
400492157;(А)А/гриль RED sol. TWIN W255;5061061572832
400472902;(А)А/гриль RED sol. W265;5061061570722
400472902;(А)А/гриль RED sol. W265;5061061570722
400472902;(А)А/гриль RED sol. W265;5061061570722
400472902;(А)А/гриль RED sol. W265;5061061570722
400502649;(А)А/гриль RED sol. WS270;5061061571057
400558790;(А)А/гриль Redmond AG1900;5055323651861
400558790;(А)А/гриль Redmond AG1900;5055323651861
400558790;(А)А/гриль Redmond AG1900;5055323651861
400558865;(А)А/гриль Redmond AG1904;5055323667480
400558865;(А)А/гриль Redmond AG1904;5055323667480
400558868;(А)А/гриль Redmond AG1905;5055323667596
400558875;(А)А/гриль Redmond AG1906;5055323667572
400229911;(А)А/пила ПОБЕДА ПА 150;4640165790178
400472274;(А)А/поилка RED SOLUTION 05;5061061570432
400517664;(А)Автомойка Karcher 1.601-888.0;2040051766416
400672971;(А)Адапт. Rapoo 13239;6940056132390
400672909;(А)Адапт. Rapoo XD10-BL;6940056132383
400674262;(А)Адапт. Rapoo XD61-SGRY;6940056132413
400549653;(А)Адапт. Vivanco 46065 45/12 05;6983727590860
400549654;(А)Адапт. Vivanco 47085 47/14 03;6983727590884
400824947;(А)АКБ ANKER NanoMagGo A1664H11 черный;0194644203467
400824950;(А)АКБ ANKER NanoMagGo A1664H21 белый;0194644203504
400824611;(А)АКБ ANKER Zolo A110DH11 черный;0194644291464
400824612;(А)АКБ ANKER Zolo A110DH21 белый;0194644276560
400824613;(А)АКБ ANKER Zolo A110EH11 черный;0194644291471
400824614;(А)АКБ ANKER Zolo A110EH21 белый;0194644276652
400824615;(А)АКБ ANKER Zolo A1689H21 белый;0194644201142
401588647;(А)АКБ Deppa 33686;4680431287469
401759944;(А)АКБ Deppa 33696;2040175994412
401759953;(А)АКБ Deppa 33698;2040175995310
400838318;(А)АКБ Deppa 33715;4680431297673
400839492;(А)АКБ Deppa 33716;4680431297697
400840033;(А)АКБ Deppa 33717;4680431297758
400840266;(А)АКБ Deppa 33718;4680431297734
401588872;(А)АКБ Deppa 33867;4680431287483
400476688;(А)АКБ Rexant 30-2039 черный;4601004300033
400476687;(А)АКБ Rexant 30-2051;4601004300040
400476689;(А)АКБ Rexant 30-2052;4601004300057
400720852;(А)АКБ RivaCase VA1031 D/Gr;4260709016887
400720924;(А)АКБ RIVACASE VA1093 черный;4260709016900
400721661;(А)АКБ RIVACASE VA1097;4260709016931
400708440;(А)АКБ RivaCase VA2032 Bl;4260709016771
400719421;(А)АКБ RivaCase VA2112 Bl;4260709016825
400717433;(А)АКБ RivaCase VA2231 Bl;4260709016795
400719461;(А)АКБ RivaCase VA2232 Bl;4260709016832
400718682;(А)АКБ RivaCase VA2614 Bl;4260709016818
400721764;(А)АКБ RivaCase VA2617 Cp;4260709016580
400709655;(А)АКБ RivaCase VA2618 Bl;4260709016788
400717529;(А)АКБ RivaCase VA2619 S;4260709016801
400720035;(А)АКБ RivaCase VA2620 S;4260709016849
400955026;(А)АКБ RivaCase VA2632;4260709016870
400849738;(А)Акк. хол. Thermos Ice Pack ком. 2*100;5010576399120
400469920;(А)Акк. хол. Арктика AX-400;4610003067137
400947150;(А)Акк. хол. Арктика AX-600 синий;4610003067144
400560465;(А)Антенна Cadena AV-6012;4630009585176
400560464;(А)Антенна Cadena AV-6015;4630009585169
400560463;(А)Антенна Cadena BAS-5159-DX;4603225022619
400532004;(А)Ароматиз. Topperr 3111;4610086278031
400532008;(А)Ароматиз. Topperr 3112;4610086278024
400532128;(А)Ароматиз. Zumman 3103;4610086277980
400532111;(А)Ароматиз. Zumman 3108;4610086277997
400531979;(А)Ароматиз. Zumman Z31-13;4610086277973
400537172;(А)Батарея Opticell Basic 9V 1шт;4650540250098
400537110;(А)Батарея Opticell Basic AA 4шт;4650540250012
400537147;(А)Батарея Opticell Basic AAA 4шт;4650540250029
400537170;(А)Батарея Opticell Basic D 2шт;4650540250081
400537160;(А)Батарея Opticell Basic С 2шт;4650540250074
400537173;(А)Батарея Opticell Specialty 2032 2шт;4650540250203
400537176;(А)Батарея Opticell Specialty 2032 4шт;4650540250296
400537177;(А)Батарея Opticell Turbo Max AA 4шт;4650540250456
400537181;(А)Батарея Opticell Turbo Max AA 6шт;4650540250470
400537184;(А)Батарея Opticell Turbo Max AA 8шт;4650540250494
400537178;(А)Батарея Opticell Turbo Max AAA 4шт;4650540250463
400537183;(А)Батарея Opticell Turbo Max AAA 6шт;4650540250487
400537186;(А)Батарея Opticell Turbo Max AAA 8шт;4650540250500
400506645;(А)Батарея Rexant 39-1011;4601004330283
400506644;(А)Батарея Rexant 39-1012;4601004330221
400506647;(А)Батарея Rexant 39-1026;4601004330306
400506646;(А)Батарея Rexant 39-1027;4601004330320
400513993;(А)Блендер Blackton Bt HB420PS;2040051399317
4172544;(А)Блендер Braun HB701AI-MQ7035X;8021098003041
4172544;(А)Блендер Braun HB701AI-MQ7035X;8021098003041
4172544;(А)Блендер Braun HB701AI-MQ7035X;8021098003041
4176834;(А)Блендер Braun HB901AI-MQ9147X;8021098003065
4176834;(А)Блендер Braun HB901AI-MQ9147X;8021098003065
4176834;(А)Блендер Braun HB901AI-MQ9147X;8021098003065
4172545;(А)Блендер Braun HB901AI-MQ9195XLI;8021098003058
4172545;(А)Блендер Braun HB901AI-MQ9195XLI;8021098003058
400287724;(А)Блендер Braun MQ55236MBK;8021098003959
400287724;(А)Блендер Braun MQ55236MBK;8021098003959
400287724;(А)Блендер Braun MQ55236MBK;8021098003959
400287726;(А)Блендер Braun MQ55755MBK;8021098003966
400502031;(А)Блендер Cadena BC505M;4620214142769
400502031;(А)Блендер Cadena BC505M;4620214142769
400601418;(А)Блендер Cadena BC508M;4620214142783
400502032;(А)Блендер Cadena BC509MS;4620214142806
400536964;(А)Блендер Gezatone FB125;2040053696414
400536964;(А)Блендер Gezatone FB125;2040053696414
400537000;(А)Блендер Gezatone FB130;2040053700012
400537000;(А)Блендер Gezatone FB130;2040053700012
4259157;(А)Блендер Gorenje HBC564QW;2000425915710
4259157;(А)Блендер Gorenje HBC564QW;2000425915710
4259157;(А)Блендер Gorenje HBC564QW;2000425915710
4259158;(А)Блендер Gorenje HBC804QW;2000425915819
4259158;(А)Блендер Gorenje HBC804QW;2000425915819
4259159;(А)Блендер Gorenje HBX601XG;2000425915918
400472071;(А)Блендер NutriB. NB908MASL;8006447004146
400472071;(А)Блендер NutriB. NB908MASL;8006447004146
400472045;(А)Блендер NutriB. NBF550DG;8006447004016
400472045;(А)Блендер NutriB. NBF550DG;8006447004016
400304590;(А)Блендер NutriBullet NBP003NBL;8006447002630
400304557;(А)Блендер NutriBullet NBP003W;8006447002623
400744458;(А)Блендер RED sol. HB2901 Bl;5060982437077
400744458;(А)Блендер RED sol. HB2901 Bl;5060982437077
400473110;(А)Блендер RED sol. HB2902;5061061573921
400473110;(А)Блендер RED sol. HB2902;5061061573921
400319825;(А)Блендер RED sol. HB2904;5060982436797
400319825;(А)Блендер RED sol. HB2904;5060982436797
400319825;(А)Блендер RED sol. HB2904;5060982436797
400319825;(А)Блендер RED sol. HB2904;5060982436797
400319825;(А)Блендер RED sol. HB2904;5060982436797
400472850;(А)Блендер RED sol. HB2910D;5061061573389
400472850;(А)Блендер RED sol. HB2910D;5061061573389
400746258;(А)Блендер RED sol. HB2917P Wh;5061061570586
400746258;(А)Блендер RED sol. HB2917P Wh;5061061570586
400301606;(А)Блендер RED sol. RHB-2964;5060982438654
400473114;(А)Блендер RED sol. RSB-M3404;5061061573969
400473114;(А)Блендер RED sol. RSB-M3404;5061061573969
400473647;(А)Блендер RED SOLUTION HB2907;5061061570609
400302391;(А)Блендер RED solution RHB-2968;5060982438678
400614908;(А)Блендер Redmond BH400 Gr;5055323659232
400728406;(А)Блендер Redmond BH401 Gr;5055323660368
400728406;(А)Блендер Redmond BH401 Gr;5055323660368
400631183;(А)Блендер Redmond BH402 B;5055323659256
400494441;(А)Блендер Redmond BH403 Bz;5055323654350
400494441;(А)Блендер Redmond BH403 Bz;5055323654350
400627642;(А)Блендер Redmond BH403 Gr;5055323654558
400627801;(А)Блендер Redmond BH404 Bz;5055323661860
400627801;(А)Блендер Redmond BH404 Bz;5055323661860
400631189;(А)Блендер Redmond BH407 Wh;5055323654831
400614960;(А)Блендер Redmond BH408 Bl;5055323654855
400494440;(А)Блендер Redmond BH421 Gr;5055323657009
400494440;(А)Блендер Redmond BH421 Gr;5055323657009
400494440;(А)Блендер Redmond BH421 Gr;5055323657009
400494436;(А)Блендер Redmond BH421 Wh;5055323656989
400494436;(А)Блендер Redmond BH421 Wh;5055323656989
400614976;(А)Блендер Redmond BH423 Be;5055323657344
400614976;(А)Блендер Redmond BH423 Be;5055323657344
400615015;(А)Блендер Redmond BH423 Bl;5055323657269
400615007;(А)Блендер Redmond BH423 Wh;5055323657320
400627630;(А)Блендер Redmond BH424 Gr/Br;5055323664564
400615024;(А)Блендер Redmond BH425 Gr;5055323665868
400627618;(А)Блендер Redmond BH426 Gr;5055323666575
400631178;(А)Блендер Redmond BH440 Wh;5055323668227
400492733;(А)Блендер Redmond BS410;2040049273322
400492733;(А)Блендер Redmond BS410;2040049273322
400748372;(А)Блендер Redmond BS411 Bl;5055323659010
400748372;(А)Блендер Redmond BS411 Bl;5055323659010
400748382;(А)Блендер Redmond BS412 Bl;5055323665905
400748382;(А)Блендер Redmond BS412 Bl;5055323665905
400615043;(А)Блендер Redmond RHB-2902 Bl;5055323665943
400754589;(А)Блендер Redmond RSB-M3416 Bl;5055323659270
400754589;(А)Блендер Redmond RSB-M3416 Bl;5055323659270
400754589;(А)Блендер Redmond RSB-M3416 Bl;5055323659270
400480890;(А)Блендер Rombica RMBL-001;2040048089016
400466174;(А)Блендер Rombica RMBL-005;2040046617419
4276978;(А)Блок CADENA SSC325-09/SW in;4620214142516
4276979;(А)Блок CADENA SSC325-09/SW out;4620214148679
4268362;(А)Блок Centek CT-65F07+Wi-Fi (IN);2000426836229
4268363;(А)Блок Centek CT-65F07+Wi-Fi (OUT);2000426836328
4268365;(А)Блок Centek CT-65F09+Wi-Fi (IN);2000426836526
4268366;(А)Блок Centek CT-65F09+Wi-Fi (OUT);2000426836625
4268368;(А)Блок Centek CT-65F12+Wi-Fi (IN);2000426836823
4268369;(А)Блок Centek CT-65F12+Wi-Fi (OUT);2000426836922
4211421;(А)Блок Haier HSU-09HFM203/R3(SDB)-IN;693206381942555029
4211420;(А)Блок Haier HSU-09HFM203/R3(SDB)-OUT;693206380417955029
4266346;(А)Блок HI HAC-07F1WI in;4640047205394
4266347;(А)Блок HI HAC-07F1WO out;4640047205424
4266349;(А)Блок HI HAC-09F1WI in;4640047205448
4266350;(А)Блок HI HAC-09F1WO out;4640047205462
4268492;(А)Блок Newtek NT-65CHA07 (IN);2000426849229
4268493;(А)Блок Newtek NT-65CHA07 (OUT);2000426849328
4268495;(А)Блок Newtek NT-65CHA09 (IN);2000426849526
4268496;(А)Блок Newtek NT-65CHA09 (OUT);2000426849625
4268498;(А)Блок Newtek NT-65CHA12 (IN);2000426849823
4268499;(А)Блок Newtek NT-65CHA12 (OUT);2000426849922
4270045;(А)Блок TCL ELITE 07 ONF/R1 IN;6931084759222
4270045;(А)Блок TCL ELITE 07 ONF/R1 IN;6931084759222
4270046;(А)Блок TCL ELITE 07 ONF/R1 OUT;4657820150475
4270046;(А)Блок TCL ELITE 07 ONF/R1 OUT;4657820150475
4274920;(А)Блок TCL ELITE 09 INV/R1 IN;6931084759185
4274920;(А)Блок TCL ELITE 09 INV/R1 IN;6931084759185
4274921;(А)Блок TCL ELITE 09 INV/R1 OUT;4657820150529
4274921;(А)Блок TCL ELITE 09 INV/R1 OUT;4657820150529
4270048;(А)Блок TCL ELITE 09 ONF/R1 IN;6931084759239
4270048;(А)Блок TCL ELITE 09 ONF/R1 IN;6931084759239
4270049;(А)Блок TCL ELITE 09 ONF/R1 OUT;4657820150482
4270049;(А)Блок TCL ELITE 09 ONF/R1 OUT;4657820150482
4274923;(А)Блок TCL ELITE 12 INV/R1 IN;6931084759192
4274923;(А)Блок TCL ELITE 12 INV/R1 IN;6931084759192
4274924;(А)Блок TCL ELITE 12 INV/R1 OUT;4657820150536
4274924;(А)Блок TCL ELITE 12 INV/R1 OUT;4657820150536
400621051;(А)Бутылка MASTERPRO BGMP-6114;6941849639263
400305604;(А)Бутылка Арктика 720-1000-BL B;4630243432076
400308904;(А)Бутылка Арктика 720-1000-PK P;4630243432106
400305605;(А)Бутылка Арктика 720-500-CN Lt/B;4630243432038
400305607;(А)Бутылка Арктика 721-700-LV lvd;4610003067915
400946403;(А)Бутылка Арктика 724-750-GRPT;4630243438511
400955262;(А)Бутылка Арктика 727-240-ORGN;4630243437880
400407320;(А)Бутылка АРХИМЕД Р2214;4690449050252
400494727;(А)В/DW Bosch SMV46KX04E;2099961783891
4257726;(А)В/DW Candy Nova CI 0A9E0AA-08 DEMO;2000425772610
4257727;(А)В/DW Candy Nova CI 3A7E0AB-08 DEMO;2000425772719
4257728;(А)В/DW Candy Nova CI 5A7E1AA-08 DEMO;2000425772818
4258484;(А)В/DW Gorenje GV520E11;2000425848414
4258543;(А)В/DW Gorenje GV561D11;2000425854316
4258975;(А)В/DW Gorenje GV573C11;2000425897511
401418129;(А)В/DW Gorenje GV573C15;3838783131195
4258774;(А)В/DW Gorenje GV643D90;2000425877414
4259112;(А)В/DW Gorenje GV663B62;2000425911217
4259116;(А)В/DW Gorenje GV673A66;2000425911613
4257756;(А)В/DW Haier HDWE10-593RU DEMO;2000425775611
4257729;(А)В/DW Haier HDWE11-595RU DEMO;2000425772917
4257410;(А)В/DW Haier HDWE14-094RU DEMO;2000425741012
4257760;(А)В/DW Haier HDWE14-592RU DEMO;2000425776014
4257759;(А)В/DW Haier HDWE14-593RU DEMO;2000425775918
4257757;(А)В/DW Haier HDWE9-591RU DEMO;2000425775710
4257517;(А)В/DW HaierHDWE9-394RU DEMO;2000425751714
4259099;(А)В/DW Hisense HV543D10;2000425909917
4259111;(А)В/DW Hisense HV583B10AD;2000425911118
4259115;(А)В/DW Hisense HV693A65AD;2000425911514
4259113;(А)В/DW Hisense HV693A66UVAD;2000425911316
400409936;(А)В/DW Kuppersberg GIM 6078;2040040993618
400420047;(А)В/DW Kuppersberg GSM 4573;2040042004718
400409938;(А)В/DW Kuppersberg GSM 6073;2040040993816
401293791;(А)В/DW Maunfeld MLP60535 Light Beam;4660248018036
4269835;(А)В/DW Midea MID45S160i;465780451019665284
4269963;(А)В/DW Midea MID45S480I;6939962634111
4269838;(А)В/DW Midea MID45S720i;465780451028865284
4269839;(А)В/DW Midea MID60S160i;465780451029565284
4269964;(А)В/DW MIDEA MID60S480I;6939962634135
4269894;(А)В/DW Toshiba DW-10B3(B)-RU;693996262703865284
400479467;(А)В/DW Vard VDI413L;4607097711343
400479468;(А)В/DW Vard VDI451C;4607097711527
400479120;(А)В/DW Vard VDI613L;4607097711350
400479121;(А)В/DW Vard VDI651C;4607097711572
400478615;(А)В/DW ZUGEL ZDI458;4610216580898
400478616;(А)В/DW ZUGEL ZDI608;4610216580928
4257663;(А)В/MW Candy CMXBTG218B DEMO;2000425766312
4257680;(А)В/MW Candy CMXBTG259B DEMO;2000425768019
4258545;(А)В/MW Gorenje BM201AG1BG;2000425854514
4258546;(А)В/MW Gorenje BMI251SG3BG;2000425854613
4258544;(А)В/MW Gorenje BMX201AG1BG;2000425854415
4258544;(А)В/MW Gorenje BMX201AG1BG;2000425854415
4258544;(А)В/MW Gorenje BMX201AG1BG;2000425854415
4257420;(А)В/MW Haier HMX-BTG259B DEMO;2000425742019
4257421;(А)В/MW Haier HMX-BTG259W DEMO;2000425742118
4257422;(А)В/MW Haier HMX-BTG259X DEMO;2000425742217
400454624;(А)В/MW Kuppersberg HMW 626 B;4260420814359
400628753;(А)В/MW Maunfeld MBMO820SGB09;4660248003599
4269794;(А)В/MW Midea MI10250GB;462712125473865284
4269916;(А)В/MW Midea MI70200B;481377900491165284
4269955;(А)В/MW Midea MI922005GB;694427168605865284
400578340;(А)В/MW Vard VMG122PK;4607097712135
400478824;(А)В/MW Vard VMG125PK;4607097711411
400478789;(А)В/MW Vard VMG245PK;4607097711428
400494733;(А)В/RF Bosch KIV87NSE0;2099960359714
4257700;(А)В/RF Candy CBCH7248AIS DEMO;2000425770012
4257701;(А)В/RF Candy CBCS7266AFS DEMO;2000425770111
4258563;(А)В/RF Gorenje NRKI418FP2;2000425856310
4259033;(А)В/RF Gorenje NRKI517142;2000425903311
4258610;(А)В/RF Gorenje NRKI519141;2000425861024
4257584;(А)В/RF Haier BCF5261WRU DEMO;2000425758416
4257746;(А)В/RF Haier HBCN7190U1 DEMO;2000425774614
4258858;(А)В/RF Hisense RB3B280SAW1;2000425885815
400494718;(А)В/RF Samsung BRB80F30BES0EO;2099961930653
400480345;(А)В/RF Vard VIC177NIW;4607097711923
400478617;(А)В/RF ZUGEL ZRI1760FNF;4610216580584
400478628;(А)В/RF ZUGEL ZRI2002FNF;4610216580591
400478618;(А)В/RF ZUGEL ZRI2070FNF;4610216580607
401070209;(А)В/выт Krona KRHD189;4260713271777
400551128;(А)В/выт MEFERI SMARTBOX60BK LIGHT;6976292252028
4257566;(А)В/выт. Candy CDG6CBGP-07 DEMO;2000425756610
4257682;(А)В/Выт. Candy CVXBI63MGBB DEMO;2000425768217
4257683;(А)В/Выт. Candy CVXBI63MGWW DEMO;2000425768316
4257676;(А)В/выт. Candy CVXT64NX DEMO;2000425767616
4257677;(А)В/выт. Candy CVXT64SX DEMO;2000425767715
4257678;(А)В/выт. Candy CVXW64SB DEMO;2000425767814
4259010;(А)В/выт. Gorenje BHI549E9GB;2000425901010
4258570;(А)В/выт. Gorenje BHI626E7X;2000425857027
4258534;(А)В/выт. Gorenje TH60E7GB;2000425853425
4258533;(А)В/выт. Gorenje TH60E7X;2000425853326
4258539;(А)В/выт. Gorenje TH60E7XB;2000425853920
4258714;(А)В/выт. Gorenje WHI646E6B;2000425871412
4258931;(А)В/выт. Gorenje WHI646E7BP;2000425893117
4258481;(А)В/выт. Gorenje WHI649EXGW;2000425848117
4257465;(А)В/выт. Haier HVX-BI652GB DEMO;2000425746512
4257466;(А)В/выт. Haier HVX-BI652GW DEMO;2000425746611
4257467;(А)В/выт. Haier HVX-BI662X DEMO;2000425746710
4266737;(А)В/выт. Haier HVX-BI664GBX DEMO;693722431408500000
4266648;(А)В/выт. Haier HVX-BI671X DEMO;692577780127500000
4256172;(А)В/выт. Haier HVX-BI772X;692577780691130293
4257468;(А)В/выт. Haier HVX-BI772X DEMO;2000425746819
4257621;(А)В/выт. Haier HVX-T642GB DEMO;2000425762116
4266641;(А)В/выт. Haier HVX-T671W DEMO;692577780071100000
4257160;(А)В/выт. Haier HVX-T671X;692577780073530293
4266642;(А)В/выт. Haier HVX-T671X DEMO;692577780073500000
4257387;(А)В/выт. Haier HVX-W672GB DEMO;2000425738715
4266643;(А)В/выт. Haier HVX-W672GBX DEMO;692577780116900000
4266645;(А)В/выт. Haier HVX-W692GB DEMO;692577780118300000
4266646;(А)В/выт. Haier HVX-W692GW DEMO;692577780156500000
4259011;(А)В/выт. Hisense CH5IN4GB;2000425901119
400474848;(А)В/выт. Krona Alva 600 Black S;2040047484812
400474816;(А)В/выт. Krona Asta 600 Black PB;2040047481613
400474816;(А)В/выт. Krona Asta 600 Black PB;2040047481613
400474822;(А)В/выт. Krona Asta 600 inox PB;2040047482214
400474835;(А)В/выт. Krona Asta 600 white PB;2040047483518
400373085;(А)В/выт. Krona IRMA A 600 Bl;4260713273160
400396617;(А)В/выт. Krona JANNA T 600 PB Bl;4260713273283
400397612;(А)В/выт. Krona JILLIAN 500 black PB Bl;4260713273696
400397613;(А)В/выт. Krona JILLIAN 500 inox PB Ix;4260713273719
400397611;(А)В/выт. Krona JILLIAN 500 white PB Wh;4260713273672
400397621;(А)В/выт. Krona JILLIAN 600 black PB Bl;4260713273702
400397621;(А)В/выт. Krona JILLIAN 600 black PB Bl;4260713273702
400397654;(А)В/выт. Krona JILLIAN 600 inox PB;4260713273726
400397618;(А)В/выт. Krona JILLIAN 600 white PB Wh;4260713273689
400396676;(А)В/выт. Krona KAMILLA MV 500 BL;4260713273498
400396701;(А)В/выт. Krona KAMILLA MV 500 WH;4260713273511
400396701;(А)В/выт. Krona KAMILLA MV 500 WH;4260713273511
400396713;(А)В/выт. Krona KAMILLA MV 6001 WH;4260713273528
400396981;(А)В/выт. Krona KAMILLA MV 6002 BL;4260713273535
400397156;(А)В/выт. Krona KAMILLA MV 6002 IX;4260713273542
400397218;(А)В/выт. Krona KAMILLA MV 6002 WH;4260713273559
400331981;(А)В/выт. Krona VIERKANT 600 Bl PB;4260713270602
400428462;(А)В/выт. Kuppersberg F 660;2040042846219
400420237;(А)В/выт. Kuppersberg INTOUCH 60 X;2040042023719
400627629;(А)В/выт. Maunfeld Nebula 60 Glass Black;4660248008488
4269784;(А)В/выт. Midea MH60AN350GB;462712125386165284
4269915;(А)В/выт. Midea MH60C668GB Bl;693996262840065284
4269782;(А)В/выт. Midea MH60I350B;462712125369465284
4269783;(А)В/выт. Midea MH60I350W;462712125370065284
4269797;(А)В/выт. Midea MH60I550GB;462712125656565284
4269942;(А)В/выт. Midea MH60I850GB;693996263210065284
4269942;(А)В/выт. Midea MH60I850GB;693996263210065284
4269940;(А)В/выт. Midea MH60I950GB;693996263157865284
400480000;(А)В/выт. Vard VFG664PK;4607097711541
4257544;(А)В/выт.Candy CBT60RBG-07 DEMO;2000425754418
4257543;(А)В/выт.Candy CBT60RX-07 DEMO;2000425754319
4257563;(А)В/выт.Candy CPY5MBP-07 Bl DEMO;2000425756313
4257565;(А)В/выт.Candy CPY5MXP-07 Ix DEMO;2000425756511
4269852;(А)В/выт.Midea MH60AN300GB;462712125385465284
400494505;(А)В/Г/пан. AEG HGB64420SM;2099956204301
400494514;(А)В/Г/пан. AEG HKB64420NB;2099956204325
400495912;(А)В/Г/пан. Bosch PGH6B5K90;2099962342868
400495911;(А)В/Г/пан. Bosch POH6B6K30;2099962342844
4257635;(А)В/Г/пан. Candy CHXG64CNB DEMO;2000425763519
4257633;(А)В/Г/пан. Candy CHXG64CWB DEMO;2000425763311
4257632;(А)В/Г/пан. Candy CHXM32CX DEMO;2000425763212
400484475;(А)В/Г/пан. Evelux HEG 315 BG;2039485761823
400484476;(А)В/Г/пан. Evelux HEG 638 X;3830079123358
400484477;(А)В/Г/пан. Evelux HEG 675 BG;3830079123303
4258530;(А)В/Г/Пан. Gorenje G641BHF;2000425853029
4258504;(А)В/Г/пан. Gorenje GW642ABX;2000425850417
4258504;(А)В/Г/пан. Gorenje GW642ABX;2000425850417
4257379;(А)В/Г/пан. Haier HHX-G64CNB DEMO;2000425737916
4266730;(А)В/Г/пан. Haier HHX-M64CWFX DEMO;692577780688100000
4259015;(А)В/Г/пан. Hisense GG643BTE;2000425901515
4258510;(А)В/Г/Пан. Hisense GG663BHF;2000425851025
400429639;(А)В/Г/пан. Kuppersberg TG 68 B;4260420814892
4269770;(А)В/Г/пан. Midea MG3205X;462712125083965284
4269772;(А)В/Г/пан. Midea MG3260GB;462712125085365284
4269771;(А)В/Г/пан. Midea MG3260GW;462712125086065284
4269918;(А)В/Г/пан. Midea MG607B;693996262824065284
4269947;(А)В/Г/пан. Midea MG699TGB;693996263007665284
4269948;(А)В/Г/пан. Midea MG699TGW;693996263006965284
400480048;(А)В/Г/пан. Vard VHLS6434K;4607097711084
400478625;(А)В/Г/пан. ZUGEL ZGH600X;4610216581444
400891396;(А)В/Г/пан. ZUGEL ZGH601B;4655752930301
400478626;(А)В/Г/пан. ZUGEL ZGH602X;4610216581055
400495922;(А)В/И/пан. Bosch PUE611HC1E;2099962342905
400494732;(А)В/И/пан. Bosch PUG611AA5E;2099945657170
4257660;(А)В/И/пан. Candy CI642MCBBRU DEMO;2000425766015
4258611;(А)В/И/пан. Gorenje GI3202BSCE;2000425861123
4259035;(А)В/И/пан. Gorenje GI621FMC;2000425903519
4257568;(А)В/И/пан. Haier HHK-Y32PTB DEMO;2000425756818
4257569;(А)В/И/пан. Haier HHK-Y64TJVB DEMO;2000425756917
4257595;(А)В/И/пан. Haier HHY-Y64NPVB DEMO;2000425759512
4259037;(А)В/И/пан. Hisense HI621FM HSN;2000425903717
4258668;(А)В/И/пан. Hisense I6443C;2000425866814
400420212;(А)В/И/пан. Kuppersberg ICO 301;2040042021210
400420221;(А)В/И/пан. Kuppersberg ICS 644;2040042022118
400627050;(А)В/И/пан. Maunfeld AVI6044SSBK;4660248015127
4269864;(А)В/И/пан. Midea MIH32701F;693671832914765284
4269865;(А)В/И/пан. Midea MIH37701F;693671832917865284
4269866;(А)В/И/пан. Midea MIH64701F;693671832931465284
4269872;(А)В/И/пан. Midea MIH65781SB;693671832940665284
4269871;(А)В/И/пан. Midea MIH67781F;693671832929165284
400434037;(А)В/И/пан. Monsher MHI 4505;4260697453336
400434037;(А)В/И/пан. Monsher MHI 4505;4260697453336
400479822;(А)В/И/пан. Vard VHI6461K;4607097711022
400479823;(А)В/И/пан. Vard VHI6461X;4607097711558
400478606;(А)В/И/пан. ZUGEL ZIH294B;4610216580492
400891453;(А)В/И/пан. ZUGEL ZIH604B;4655752930172
400478622;(А)В/И/пан. ZUGEL ZIH617B;4610216581079
4257628;(А)В/И/пан. Candy CHXY32NB DEMO;2000425762819
4257629;(А)В/И/пан. Candy CHXY53NB DEMO;2000425762918
4258688;(А)В/И/пан.Gorenje GI6401BC;2000425868818
4269879;(А)В/м.кам. Midea MDRE306FZF01;695490381680765284
400478619;(А)В/м.кам. ZUGEL ZFI17540NF;4610216580621
400478620;(А)В/м.кам. ZUGEL ZFI870NF;4610216580638
400628727;(А)В/осуш. Xiaomi BHR8374EU;6941812777466
400628727;(А)В/осуш. Xiaomi BHR8374EU;6941812777466
401437103;(А)В/очист. Dreame AP10 Gray;6978677890191
401437103;(А)В/очист. Dreame AP10 Gray;6978677890191
401437103;(А)В/очист. Dreame AP10 Gray;6978677890191
400476010;(А)В/очист. Dreame PM10 CVF24A;2040047601011
400476010;(А)В/очист. Dreame PM10 CVF24A;2040047601011
400476011;(А)В/очист. Dreame PM20 CVF14A;2040047601110
400476011;(А)В/очист. Dreame PM20 CVF14A;2040047601110
400561036;(А)В/очист. PRIMERA ACP-B300-HС;4640408706683
400480265;(А)В/очист. Smartmi ZMKQJHQP12;2040048026516
400526714;(А)В/очист. Xiaomi BHR6026EU;2040052671412
400558960;(А)В/увл. PRIMERA HUP-E3056-LA;4640047203642
400558960;(А)В/увл. PRIMERA HUP-E3056-LA;4640047203642
400558958;(А)В/увл. PRIMERA HUP-G1035-TAL;4640047204229
400333614;(А)В/увл. RED evolution RHF-3305;5060982434816
400333614;(А)В/увл. RED evolution RHF-3305;5060982434816
400504783;(А)В/увл. WEASTRO BHT-6L-LCD-8C;6407845879329
400513793;(А)В/увл. WEASTRO BHW-6L-M;6974099693686
400513793;(А)В/увл. WEASTRO BHW-6L-M;6974099693686
400513793;(А)В/увл. WEASTRO BHW-6L-M;6974099693686
400266995;(А)В/увл. Yamaguchi Sky Cloud;4630174160444
400491807;(А)В/увл/оч. Dreame CVF12A;6978677890085
400491807;(А)В/увл/оч. Dreame CVF12A;6978677890085
400491807;(А)В/увл/оч. Dreame CVF12A;6978677890085
400490171;(А)В/увл/оч. Dreame H40;6978677890078
400490171;(А)В/увл/оч. Dreame H40;6978677890078
400490171;(А)В/увл/оч. Dreame H40;6978677890078
400503061;(А)В/увл/оч. Dreame PM30;6978677890023
400503061;(А)В/увл/оч. Dreame PM30;6978677890023
400480262;(А)В/увл/оч.Smartmi CJXJSQ05ZM;2040048026219
400480262;(А)В/увл/оч.Smartmi CJXJSQ05ZM;2040048026219
400480262;(А)В/увл/оч.Smartmi CJXJSQ05ZM;2040048026219
400487378;(А)В/увл/оч.Smartmi CJXJSQ06ZM;6970403203459
400487378;(А)В/увл/оч.Smartmi CJXJSQ06ZM;6970403203459
400494522;(А)В/Э/пан. AEG HK654070IB;2000001059661
4266086;(А)В/Э/пан. Candy CH64FX DEMO;801636196191300000
4257697;(А)В/Э/пан. Candy CHXC64DAB DEMO;2000425769719
4258573;(А)В/Э/пан. Gorenje ECS322BCSCE;2000425857324
4259070;(А)В/Э/пан. Gorenje ECS642BCSCE;2000425907012
4259058;(А)В/Э/пан. Gorenje ECT641BCSCE;2000425905810
4259059;(А)В/Э/пан. Gorenje ECT641BXE;2000425905919
4257460;(А)В/Э/пан. Haier HHY-C32RVB DEMO;2000425746017
4258649;(А)В/Э/пан. Hisense E6432X;2000425864919
4269869;(А)В/Э/пан. Midea MCH64101F;693671832945165284
4269863;(А)В/Э/пан. Midea MCH64401SX;693671832936965284
400480250;(А)В/Э/пан. Vard VHC6464K;4607097710940
400494552;(А)В/Э/шкаф AEG NBA5C43AK;2099962026058
400495923;(А)В/Э/шкаф Bosch HBF134EB2;2099962342929
400773908;(А)В/Э/шкаф BROOX ER0007G00 белый;4620076760644
4266687;(А)В/Э/шкаф Candy COS625WL DEMO;805901904821500000
4257695;(А)В/Э/шкаф Candy COS625XBLS DEMO;2000425769511
4257649;(А)В/Э/шкаф Candy COXK06LNBB DEMO;2000425764912
4257627;(А)В/Э/шкаф Candy COXP06NBB DEMO;2000425762710
4257625;(А)В/Э/шкаф Candy COXP06TBB DEMO;2000425762512
4257648;(А)В/Э/шкаф Candy COXP08LTSB DEMO;2000425764813
4257646;(А)В/Э/шкаф Candy COXP08LTSW DEMO;2000425764615
400484574;(А)В/Э/шкаф Evelux EO 430 PB;3830079121491
400742535;(А)В/Э/шкаф Evelux EO 607 B;3830079123853
400643286;(А)В/Э/шкаф Evelux EO 624 X;3830079123877
400643318;(А)В/Э/шкаф Evelux EO 677 PB;3830079123884
400514143;(А)В/Э/шкаф GE GE-1060M6;4813779005239
400522333;(А)В/Э/шкаф GE GE-2060D6;4813779005246
4258522;(А)В/Э/шкаф Gorenje BO6737E02X;2000425852213
4258524;(А)В/Э/шкаф Gorenje BOS6737E13BG;2000425852411
4258643;(А)В/Э/шкаф Gorenje BOS6737E13FBG;2000425864315
4258528;(А)В/Э/шкаф Gorenje BOS6747A01X;2000425852817
4258612;(А)В/Э/шкаф Gorenje BOS6747A05DG;2000425861222
4258916;(А)В/Э/шкаф Gorenje BOSX6737E06BG;2000425891618
4258915;(А)В/Э/шкаф Gorenje BOX6737E02BG;2000425891519
4258527;(А)В/Э/шкаф Gorenje BSA6737E15BG;2000425852718
4258613;(А)В/Э/шкаф Gorenje BSA6747DGWI;2000425861321
4266089;(А)В/Э/шкаф Haier HOD-PM08TGB DEMO;692577780026100000
4266088;(А)В/Э/шкаф Haier HOD-PM08VGBX DEMO;692577780025400000
4257532;(А)В/Э/шкаф Haier HOQ-K2ANN3BX DEMO;2000425753213
4257534;(А)В/Э/шкаф Haier HOQ-K2ANN3GB DEMO;2000425753411
4257535;(А)В/Э/шкаф Haier HOQ-K2ANN3WB DEMO;2000425753510
4257780;(А)В/Э/шкаф Haier HOX-P06HGB DEMO;2000425778018
4257146;(А)В/Э/шкаф Haier HOX-P06HGBX;692577786023430293
4257779;(А)В/Э/шкаф Haier HOX-P06HGBX DEMO;2000425777912
4257386;(А)В/Э/шкаф Haier HOX-P06HGW DEMO;2000425738616
4266683;(А)В/Э/шкаф Haier HOX-P09CGBX DEMO;692577780145900000
4266684;(А)В/Э/шкаф Haier HOX-P09CGW DEMO;692577780143500000
4258470;(А)В/Э/шкаф Hisense BI64223ADBG;2000425847028
4258892;(А)В/Э/шкаф Hisense BI64223PDBG;2000425889219
4258716;(А)В/Э/шкаф Hisense BI65346ADBGWIFI;2000425871610
4258717;(А)В/Э/шкаф Hisense BI65346PDBGWIFI;2000425871719
4258682;(А)В/Э/шкаф Hisense BSA65224CG;2000425868214
4258893;(А)В/Э/шкаф Hisense BSA65334ABDG;2000425889318
4258715;(А)В/Э/шкаф Hisense BSA66346ADBGWIFI;2000425871511
400474888;(А)В/Э/шкаф Krona Estero 45 BL;2040047488810
400474870;(А)В/Э/шкаф Krona LAZIO 45 BL;2040047487011
400426361;(А)В/Э/шкаф Kuppersberg HO 608 BX;4262507950073
400423982;(А)В/Э/шкаф Kuppersberg HT 613 Black;4260697456443
400628726;(А)В/Э/шкаф Maunfeld AEOD60106B2;4660248016582
400628737;(А)В/Э/шкаф Maunfeld AEOH6066B2;4660248016537
4269959;(А)В/Э/шкаф Midea MCO913005GB;694427168682965284
4269959;(А)В/Э/шкаф Midea MCO913005GB;694427168682965284
401417215;(А)В/Э/шкаф Midea MO306005YGBN Bl;481377900538365284
401357278;(А)В/Э/шкаф Midea MO408105YGBN;481377900539065284
400956964;(А)В/Э/шкаф Midea MO509105YGB;4813779005444
400956870;(А)В/Э/шкаф Midea MO509105YGW;4813779005468
400956559;(А)В/Э/шкаф Midea MO509105YX;4813779005451
400955725;(А)В/Э/шкаф Midea MO611105YGB;4813779005529
4269951;(А)В/Э/шкаф Midea MO715105GB;694427168506865284
4269950;(А)В/Э/шкаф Midea MO715105GW;694427168507565284
4269875;(А)В/Э/шкаф Midea MO72105GB;694427167901265284
4269956;(А)В/Э/шкаф Midea MO817105MGB;694427168618865284
400479610;(А)В/Э/шкаф Vard VOC444HB;4607097711855
400495864;(А)В/Э/шкаф Vard VOE444I;4607097711213
400479606;(А)В/Э/шкаф Vard VOE554HB;4607097711756
400479605;(А)В/Э/шкаф Vard VOE554HX;4607097711749
400479608;(А)В/Э/шкаф Vard VON441B;4607097711466
400479604;(А)В/Э/шкаф Vard VON444B;4607097711480
400478605;(А)В/Э/шкаф ZUGEL ZOE452B;4655752930677
400480164;(А)В/Э/шкаф ZUGEL ZOE601B;4655752930011
400478604;(А)В/Э/шкаф ZUGEL ZOE602B;4610216580232
400478621;(А)В/Э/шкаф ZUGEL ZOE610B;4610216581437
400167571;(А)Вакуумизатор Garlyn V-800 черный;4673739559437
4259034;(А)Вакуумизатор Gorenje VS110BE;2000425903410
4259034;(А)Вакуумизатор Gorenje VS110BE;2000425903410
400473534;(А)Вакуумизатор RED SOLUTION VSS100;5061061570395
400623962;(А)Вакуумизатор Redmond VS1500;5055323662584
400496237;(А)Вакуумизатор Redmond VS1501 Wh;5055323662607
400747909;(А)Вакуумизатор Redmond VS1502 Be;5055323664489
400747909;(А)Вакуумизатор Redmond VS1502 Be;5055323664489
400496253;(А)Вакуумизатор Redmond VS1502 Bl;5055323664878
400514062;(А)Вафельница BQ ST1010;2040051406213
400501506;(А)Вафельница Brayer BR2310;9120099337366
400501506;(А)Вафельница Brayer BR2310;9120099337366
4258998;(А)Вафельница Gorenje WM1400SB;2000425899812
400308723;(А)Вафельница Kitfort КТ-1643;2040030872312
400621754;(А)Вентил. Brayer BR4975;9120099334419
400735110;(А)Вентил. Centek CT-5024;4680353020670
400735181;(А)Вентил. Centek CT-5024;4680353020663
400735181;(А)Вентил. Centek CT-5024;4680353020663
400735110;(А)Вентил. Centek CT-5024;4680353020670
400735181;(А)Вентил. Centek CT-5024;4680353020663
400735110;(А)Вентил. Centek CT-5024;4680353020670
401604193;(А)Вентил. CENTEK CT-5025 Bl;4680353029468
401604193;(А)Вентил. CENTEK CT-5025 Bl;4680353029468
401791825;(А)Вентил. Centek CT-5025 Gr;4680353015768
400735270;(А)Вентил. Centek CT-5035;4680353030136
400735272;(А)Вентил. Centek CT-5035;4680353030143
400735407;(А)Вентил. Centek CT-5041;4680353031829
400735407;(А)Вентил. Centek CT-5041;4680353031829
400735411;(А)Вентил. Centek CT-5043;4680353031911
400735411;(А)Вентил. Centek CT-5043;4680353031911
400735454;(А)Вентил. Centek CT-5045;4680353031942
400735454;(А)Вентил. Centek CT-5045;4680353031942
400735351;(А)Вентил. Centek CT-5050;4680353031775
400735351;(А)Вентил. Centek CT-5050;4680353031775
400735351;(А)Вентил. Centek CT-5050;4680353031775
400733753;(А)Вентил. Centek CT-5080;4680353031805
400733753;(А)Вентил. Centek CT-5080;4680353031805
400733889;(А)Вентил. Centek CT-5082;4680353031850
400733889;(А)Вентил. Centek CT-5082;4680353031850
400734923;(А)Вентил. Centek CT-5084;4680353031874
400734923;(А)Вентил. Centek CT-5084;4680353031874
401425786;(А)Вентил. Dreame MF10 Gl;6978798900038
401425786;(А)Вентил. Dreame MF10 Gl;6978798900038
401425786;(А)Вентил. Dreame MF10 Gl;6978798900038
400545497;(А)Вентил. Primera CFP-8001MM;4630583201097
400545497;(А)Вентил. Primera CFP-8001MM;4630583201097
400545488;(А)Вентил. Primera CFP-8001MR;4630583201042
400545488;(А)Вентил. Primera CFP-8001MR;4630583201042
400550099;(А)Вентил. Primera FFP-3530DD;4630583201110
400550099;(А)Вентил. Primera FFP-3530DD;4630583201110
400550099;(А)Вентил. Primera FFP-3530DD;4630583201110
400551834;(А)Вентил. Primera SFP-3005TX;4640047204649
400551834;(А)Вентил. Primera SFP-3005TX;4640047204649
400551834;(А)Вентил. Primera SFP-3005TX;4640047204649
400550101;(А)Вентил. Primera SFP-4021JXA;4630583201059
400550101;(А)Вентил. Primera SFP-4021JXA;4630583201059
400550101;(А)Вентил. Primera SFP-4021JXA;4630583201059
400550101;(А)Вентил. Primera SFP-4021JXA;4630583201059
400577221;(А)Вентил. PRIMERA TFP-1503JC;4630583201066
400682740;(А)Вентил. Xiaomi Mi Smart standing Fan;2040068274010
400682740;(А)Вентил. Xiaomi Mi Smart standing Fan;2040068274010
400682740;(А)Вентил. Xiaomi Mi Smart standing Fan;2040068274010
400682777;(А)Вентил. Xiaomi Smart Tower Fan 2 EU;6941812792254
400682777;(А)Вентил. Xiaomi Smart Tower Fan 2 EU;6941812792254
400729258;(А)Весы Centek CT-2480 Wh;4680353025217
400729259;(А)Весы Centek CT-2482 Wh;4680353025224
400503264;(А)Весы FuturoH. SK-100B черный;4657821647103
400517901;(А)Весы FuturoH. SK-100W белый;4657821647097
401785062;(А)Весы FuturoHome SC-400 Wh;4650656050612
401068830;(А)Весы FuturoHome SC-600 Wh;4657811617284
400335140;(А)Весы Kitfort КТ-803-6;2040033514011
400519964;(А)Весы Maturo SC-400;2040051996417
400519342;(А)Весы NDTech KS199;4630598770854
400500871;(А)Весы Picooc Mini Lite Bl;2040050087116
400301949;(А)Весы RED evolution RS-M706;5060982434694
400741752;(А)Весы RED sol. S729 Bl;5060982438456
400741996;(А)Весы RED sol. S734 Bl;5060982438593
400473833;(А)Весы RED sol. SM726;5061061574065
400820057;(А)Весы REDMOND RS-757 P;5055323663833
400682946;(А)Весы Redmond RS-M748 стальной;5055323655081
400556607;(А)Весы Redmond SB1811 G;5055323658532
400556644;(А)Весы Redmond SB1812S Gr;5055323665660
400558671;(А)Весы Redmond SB1813S Wh;5055323668067
400496861;(А)Весы Redmond SK1800;5055323658457
400615636;(А)Весы Redmond SK1800 Bl;5055323658396
400615631;(А)Весы Redmond SK1800 G;5055323658358
400480992;(А)Весы Rombica SCL-0100;2040048099213
400480902;(А)Весы Rombica SCL-0102;2040048090210
400480932;(А)Весы Rombica SCL-0103;2040048093211
400469357;(А)Г/станция RED SOLUTION GS50;5061061571569
401347383;(А)Гель Aroma Drop 30245;4602984032662
401347385;(А)Гель Aroma Drop 30252;4602984032648
401347408;(А)Гель Aroma Drop 30254;4602984032655
400356891;(А)Гель HomeA. HA-800-0101;8682503122971
400491800;(А)Гель Maunf. MVM4700PB;4660248017589
400491749;(А)Гель Maunf. MVM4700PC;4660248017602
400491799;(А)Гель Maunf. MVM4700PU;4660248017596
400491802;(А)Гель Maunf. MVM4700PW;4660248017572
400519327;(А)Гель Maunf. MVM4800BCL;4660248018609
400519359;(А)Гель Maunf. MVM4800BWL;4660248018623
400806468;(А)Гель More Choice W#s chen gel Color1л;2040080646819
400806469;(А)Гель More Choice W#s chen gel Color3л;2040080646918
400806472;(А)Гель More Choice W#schengelKinder 1 л;2040080647212
400362063;(А)Гель WONDER LAB BOX4/12-WL550SRG24FM;4680068931957
400425914;(А)Гель WONDER LAB WL1000DGL7AC-V(ЧЗ);4680068932046
400331988;(А)Гель WONDER LAB WL1000WGL1LC(ЧЗ);4680068932770
400331989;(А)Гель WONDER LAB WL1000WGL23LF(ЧЗ);4680068930783
400531262;(А)Гель WONDER LAB WL1000WGL3CF-ЧЗ;4680068930813
400331987;(А)Гель WONDER LAB WL1000WGL5MF(ЧЗ) син;4680068930851
401336866;(А)ГП Darina GM 3M41 001 W белый;460715204995430478
401336863;(А)ГП Darina PL GM241 010 1W белый;460715204798130478
400569744;(А)ГП Gefest GC 532E4WH;2040056974410
400569755;(А)ГП Gefest GC 532E5WH;2040056975516
401521798;(А)ГП Weis. ULTRA 1 2019 W;465023504025630478
400266267;(А)Гриль Braun CG7040;8021098002440
400266428;(А)Гриль Braun CG9160;8021098002532
400266435;(А)Гриль Braun CG9167;8021098002549
4258953;(А)Гриль Hisense HAF1600D;2000425895319
4258953;(А)Гриль Hisense HAF1600D;2000425895319
400429752;(А)Гриль RED sol. G807D;5061061570494
400429752;(А)Гриль RED sol. G807D;5061061570494
400302613;(А)Гриль RED solution RGM-G850P;5060982438715
400302613;(А)Гриль RED solution RGM-G850P;5060982438715
400301676;(А)Гриль RED solution RGM-M805;5060982431235
400495691;(А)Гриль Redmond GM300;5055323655166
400495691;(А)Гриль Redmond GM300;5055323655166
400495729;(А)Гриль Redmond GM301;5055323659690
400495729;(А)Гриль Redmond GM301;5055323659690
400495734;(А)Гриль Redmond GM303;5055323654473
400495734;(А)Гриль Redmond GM303;5055323654473
400684717;(А)Гриль Redmond GM303 Be;5055323654510
400495736;(А)Гриль Redmond GM304;5055323652745
400684218;(А)Гриль Redmond GM306;5055323653537
400683287;(А)Гриль Redmond RGM-M808P;5055323655227
400684706;(А)Гриль Redmond RGM-M821 Bl;5055323653438
400684698;(А)Гриль Redmond RGM-M822;5055323664229
400195197;(А)Дарсонваль Gezatone BP-7000 P;2200049838888
401185363;(А)Диффузор GA.МА SH3010;2040118536310
401689841;(А)Доска HANS & GRETСHEN 28HS-3506;4002951105328
401446513;(А)Доска HANS & GRETСHEN FB-S;4002951104062
400377433;(А)Доска АРХИМЕД Р2194БЗ;4690449051617
400377434;(А)Доска АРХИМЕД Р2195БЗ;4690449051006
400377435;(А)Доска АРХИМЕД Р2196БЗ;4690449051624
400377439;(А)Доска АРХИМЕД Р2237;4690449054649
400614978;(А)Дуршлаг MASTERPRO BGEU-5572;8435698803558
400356216;(А)Жидкость HomeA. HA-200-0101;8682503122490
400356215;(А)Жидкость HomeA. HA-200-0102;8682503122506
400512681;(А)Игр.набор Defender 52117;4714033521178
400559834;(А)Измел. ARS HOME A-104;2040055983413
400640231;(А)Измел. Axon A-520;2040064023117
400640254;(А)Измел. Axon A-732;2040064025418
400640260;(А)Измел. Axon A-823;2040064026019
400496319;(А)ИП Redmond IC2001;5055323662829
400477981;(А)Ирригатор CS Medica CS-1 Pro;2040047798117
400496860;(А)Ирригатор Redmond YR4501 Bl;5055323658792
400496601;(А)Ирригатор Redmond YR4501 Wh;2040049660139
400557270;(А)Ирригатор Redmond YR4504 P;5055323667923
400557268;(А)Ирригатор Redmond YR4504 Te/Tu;5055323667909
400557251;(А)Ирригатор Redmond YR4504 Wh;5055323667619
400505394;(А)Ирригатор Revyline RL 220 Bl;2000601695252
400505393;(А)Ирригатор Revyline RL 220 Wh;2000601695245
400506533;(А)Ирригатор Revyline RL 240 Bl;200060169567241801
400578311;(А)Ирригатор Revyline RL 240 Wh;2040057831118
400505454;(А)Ирригатор Revyline RL 670 Bl;2000601703605
400505455;(А)Ирригатор Revyline RL 670 Wh;2000601703599
400738747;(А)Йогуртница Redmond RYM-M5401-E Wh;5055323659294
400738747;(А)Йогуртница Redmond RYM-M5401-E Wh;5055323659294
400617964;(А)К/Кресло Cougar 3MELIORB.VP01;2040061796410
400617964;(А)К/Кресло Cougar 3MELIORB.VP01;2040061796410
400514017;(А)К/Кресло Defender 64863;4745091894805
400514016;(А)К/Кресло Defender 64864;4745091894812
400514020;(А)К/Кресло Defender 64865;4745091894829
400514019;(А)К/Кресло Defender 64866;4745091894836
400514014;(А)К/Кресло Defender 64868;4745091894850
400514015;(А)К/Кресло Defender 64869;4745091894867
400514015;(А)К/Кресло Defender 64869;4745091894867
400173543;(А)К/Кресло МЕТТА EL SynSit10 Черн-красн;4665315309352
400490322;(А)К/Кресло МЕТТА ErgoLife Comfort Черн;4665316516124
400490322;(А)К/Кресло МЕТТА ErgoLife Comfort Черн;4665316516124
400490317;(А)К/Кресло МЕТТА SU-B-8/131/009 Черный;4665316737314
400490317;(А)К/Кресло МЕТТА SU-B-8/131/009 Черный;4665316737314
400173544;(А)К/Кресло МЕТТА Y 4DF B2-14D Черный;4665315309383
400829048;(А)К/микр. Defender 64645;4745090826166
400514426;(А)К/микр. Defender 64666;4714033646666
400850545;(А)Кабель ANKER A8060H11;0194644288778
400850539;(А)Кабель ANKER A8060H21;0194644288761
400850537;(А)Кабель ANKER A81F5G21;0194644133108
400746840;(А)Кабель ANKER A81F6G11;2040074684018
400850543;(А)Кабель ANKER A81F7G11;0194644151904
400850542;(А)Кабель ANKER A8753H11;0194644187248
400528536;(А)Кабель Defender 87331;4745090824902
400528537;(А)Кабель Defender 87332;4745090824919
400528529;(А)Кабель Defender 87333;4745090824926
400528535;(А)Кабель Defender 87343;4745091893037
400528530;(А)Кабель Defender 87344;4745091893044
400528531;(А)Кабель Defender 87345;4745091893051
400528532;(А)Кабель Defender 87346;4745091893068
400528533;(А)Кабель Defender 87347;4745091893075
400528534;(А)Кабель Defender 87348;4745091893082
400476835;(А)Кабель Hama 200602;4047443443656
400476836;(А)Кабель Hama 200603;4047443443663
400476843;(А)Кабель Hama 200675;4047443444318
400476844;(А)Кабель Hama 200676;4047443444325
400476841;(А)Кабель Hama 200692;4047443444479
400476842;(А)Кабель Hama 200693;4047443444486
400476837;(А)Кабель Hama 200696;4047443444684
400623990;(А)Кабель Monster Cable MC-130853-00;2040062399016
400623902;(А)Кабель Monster Cable MC-130858-00;2040062390211
400623914;(А)Кабель Monster Cable MC-130859-00;2040062391416
400622364;(А)Кабель Monster Cable MC-130873-00;2040062236410
400622367;(А)Кабель Monster Cable MC-PME2-H0150;2040062236717
400622375;(А)Кабель Monster Cable MC-PME2-H0200;2040062237516
400622381;(А)Кабель Monster Cable MC-PME2-H0300;2040062238117
400622383;(А)Кабель Monster Cable MC-PME2-H0500;2040062238315
400622378;(А)Кабель Monster Cable MC-PME4-H015;2040062237813
400623894;(А)Кабель Monster Cable MC-PME4-H020;2040062389413
400623905;(А)Кабель Monster Cable MC-PME8-H015;2040062390518
400622370;(А)Кабель Monster Cable MC-PME8-H020;2040062237011
400549652;(А)Кабель Vivanco 42975 SPV HDWE 09;6983727590846
400547235;(А)Кабель Vivanco 43062 UK7/40-N;6983727590402
400547499;(А)Кабель Vivanco 45332 CC N4 30 5;6983727590648
400549643;(А)Кабель Vivanco 46012 46/00 15;6983727590709
400549642;(А)Кабель Vivanco 46056 46/11 25;6983727590686
400549641;(А)Кабель Vivanco 46057 46/11 50;6983727590662
400549651;(А)Кабель Vivanco 46095 46/80 125B;6983727590563
400549645;(А)Кабель Vivanco 46098 46/10 075;6983727590747
400547379;(А)Кабель Vivanco 46099 46/10 10S;6983727590549
400547252;(А)Кабель Vivanco 46149 46/40 10;6983727590457
400549644;(А)Кабель Vivanco 46150 46/40 20;6983727590723
400549647;(А)Кабель Vivanco 46151 46/40 30;6983727590785
400544610;(А)Кабель Vivanco 48/20 15GB;6983727590389
400544440;(А)Кабель Vivanco 48/20 15GW;6983727590297
400544543;(А)Кабель Vivanco HDMI 2.0 1.0м (47972);6983727590327
400536156;(А)Кабель Vivanco HDMI 2.0 1.5м (47976);6983727590242
400544357;(А)Кабель Vivanco HDMI 2.0 2.0м (47973);6983727590273
400544549;(А)Кабель Vivanco HDMI 2.0 3.0м (47974);6983727590341
400648707;(А)Какао Capovita Hot Chocolate 16шт;4650587730218
400503566;(А)Капс. Maunf. MDC15LF;4660248016476
400503970;(А)Капс. Maunf. MDC30LF;4660248016490
400491901;(А)Капс. Maunf. MVM30МС;4660248017619
400708523;(А)Капс. More Choice WcW30;4610196409769
400308742;(А)Капсулы Jundo Laundry pods DUO 20шт;4903720021194
400702912;(А)Капсулы More Choice WcС15;4610196407048
400708831;(А)Капсулы More Choice WcС50;4610196407314
400806458;(А)Капсулы More Choiceh 30 шт;2040080645812
400644526;(А)Капучинатор Capovita D02-A1 Bl;4650587730034
400644550;(А)Капучинатор Capovita D02-A1 Wh;4650587730119
400496857;(А)Капучинатор Redmond MF5000 Bl;5055323663734
400496857;(А)Капучинатор Redmond MF5000 Bl;5055323663734
400496598;(А)Капучинатор Redmond MF5000 Wh;5055323663758
400496598;(А)Капучинатор Redmond MF5000 Wh;5055323663758
400578292;(А)Капучинатор Stelvio MF200 B;2040057829214
400578297;(А)Капучинатор Stelvio MF300 B;2040057829719
400331320;(А)Караоке Ikarao BХ2;5065018511011
401337725;(А)Картофелемялка Atlantis D1338 черный;5606912003815
400197490;(А)Картридж Philips AWP210;4897099302940
400135467;(А)Картридж Philips AWP211;4895244608275
400193702;(А)Картридж Philips AWP230P1;4895244608879
400135499;(А)Картридж Philips AWP230P3/58;4897099307648
400503944;(А)Картридж Аквафор D5 3шт;4600987007526
400154590;(А)Картридж Гейзер 30500;4607056500452
400154591;(А)Картридж Гейзер 30503;4607056501299
400154588;(А)Картридж Гейзер 50091;4607056508137
400438224;(А)Картридж Гейзер 50103;4660043711682
400428783;(А)Картридж Гейзер 50122;4660043714904
401375616;(А)Кастрюля ATTRIBUTE ASD016;4660132127608
401375609;(А)Кастрюля ATTRIBUTE ASD018;4660132127615
401375611;(А)Кастрюля ATTRIBUTE ASD020;4660132127622
401375612;(А)Кастрюля ATTRIBUTE ASD024;4660132127639
400632764;(А)Кастрюля BERGNER BG-6507;2040063276415
400632830;(А)Кастрюля BERGNER BG-6508;2040063283017
400671806;(А)Кастрюля Filigrana FG18SGA01SP;4660248013727
400499441;(А)Кастрюля Filigrana FG20MLL01CR 16см;4660248013376
400671783;(А)Кастрюля Filigrana FG20SGA01CS;4660248013741
400533416;(А)Кастрюля Filigrana FG20STL01CR;4660248013277
400671792;(А)Кастрюля Filigrana FG24SGA01CS;4660248013765
400499459;(А)Кастрюля Filigrana FG30MLL01CR;4660248013390
400533425;(А)Кастрюля Filigrana FG30STL01CR;4660248013291
400499559;(А)Кастрюля Filigrana FG40MLL01CR 20см;4660248013413
400533429;(А)Кастрюля Filigrana FG40STL01CR;4660248013314
400533431;(А)Кастрюля Filigrana FG50STL01CR;4660248013338
400872757;(А)Кастрюля MASTERPRO MPUS10141-STSMS;0850036612056
400474292;(А)Кастрюля Maunf. MF20LN01CR;4660248008518
400474297;(А)Кастрюля Maunf. MF30LN01CR;4660248008532
400474314;(А)Кастрюля Maunf. MF40LN01CR;4660248008556
400526738;(А)Кастрюля Maunfeld MF20ARR1CS;4660248015783
400526738;(А)Кастрюля Maunfeld MF20ARR1CS;4660248015783
400526747;(А)Кастрюля Maunfeld MF24ARR1CS;4660248015806
400233981;(А)Кастрюля Metrot 2.4л 348685;8600034177154
400233973;(А)Кастрюля Metrot 2.4л 350012;8600034180291
400233978;(А)Кастрюля Metrot 3.3л 348688;8600034177178
400233976;(А)Кастрюля Metrot 3.3л 350013;8600034180314
400473233;(А)Кастрюля Metrot 389143;8600034231610
400473270;(А)Кастрюля Metrot 389145;8600034231658
400473271;(А)Кастрюля Metrot 389147;8600034231672
400946421;(А)Кастрюля Metrot 389614;8600034232112
400946782;(А)Кастрюля Metrot 389615;8600034232136
400958505;(А)Кастрюля Metrot 389616;8600034232150
400966644;(А)Кастрюля Metrot 394605;8600034238121
400967410;(А)Кастрюля Metrot 394606;8600034238145
400967740;(А)Кастрюля Metrot 394607;8600034238169
400233982;(А)Кастрюля Metrot 5.7л 348690;8600034177192
400233977;(А)Кастрюля Metrot 5.7л 350015;8600034180338
400233975;(А)Кастрюля Metrot 7.9л 350016;8600034180352
400341156;(А)Кастрюля Metrot Аппетит 2.2л;8600034221031
400341551;(А)Кастрюля Metrot Аппетит 3.1л;8600034221055
400341632;(А)Кастрюля Metrot Аппетит 5.4л;8600034221079
401423741;(А)Кастрюля Pyrex 208A000N/2022;3426470262071
400508893;(А)Клав. Defender 45106;4745090821963
400828805;(А)Клав. Defender 45186;4714033451864
400828803;(А)Клав. Defender 45375;4714033453752
400508896;(А)Клав. Defender Dark Knight GK-077;4745090822625
400508894;(А)Клав. Defender Hawk GK-418;4745090825541
400508897;(А)Клав. Defender Talvar GK-558;4714033455572
400508898;(А)Клав. Defender Vipra GK-586;4714033455893
400680682;(А)Клав. Rapoo V500ALLOY;6940056128287
400728387;(А)Клав. Rapoo V50S;6940056131539
400508895;(А)Клав. Redragon Fizz Pro;6950376726018
400620938;(А)Клав. Thunderobot JM03NT00BRU;6932066317898
400512369;(А)Ков. Defender 50004;4745090823899
400528780;(А)Ков. Defender 50016;4745090823950
400512371;(А)Ков. Defender 50561;4714033505611
400539299;(А)Ков. Defender 50803;4714033508032
400672794;(А)Коврик Rapoo V10C;6940056119360
400639914;(А)Коврик Rapoo V10S;6940056120137
400615016;(А)Ковш BERGNER BG-6372;6951119666394
400533435;(А)Ковш Filigrana FG18STL01SP;4660248013253
400499566;(А)Ковш Filigrana MOLLY FG18MLL01SP 16см;4660248013352
400872737;(А)Ковш MASTERPRO MPUS10140-STSMS;0850036612049
400474430;(А)Ковш Maunf. MF18LN01SP;4660248008693
400526686;(А)Ковш Maunfeld MF16ARR1SP;4660248015769
400483977;(А)Колонка Яндекс YNDX-00026BLU;2040048397715
400483995;(А)Колонка Яндекс YNDX-00026ORG;2040048399511
400483997;(А)Колонка Яндекс YNDX-00026PNK;2040048399719
400484000;(А)Колонка Яндекс YNDX-00026VIO;2040048400019
400484007;(А)Колонка Яндекс YNDX-00027BLK;2040048400712
400484008;(А)Колонка Яндекс YNDX-00027GRY;2040048400811
400484011;(А)Колонка Яндекс YNDX-00027LIL;2040048401115
400484054;(А)Колонка Яндекс YNDX-00028BLU;2040048405410
400484050;(А)Колонка Яндекс YNDX-00028GRN;2040048405014
400484051;(А)Колонка Яндекс YNDX-00028GRY;2040048405113
400513698;(А)Колонка Яндекс YNDX-00028ORG;2040051369815
400484055;(А)Колонка Яндекс YNDX-00028PNK;2040048405519
400484049;(А)Колонка Яндекс YNDX-00028VIO;2040048404918
400484018;(А)Колонка Яндекс YNDX-00053E;2040048401818
400484020;(А)Колонка Яндекс YNDX-00053K;2040048402013
400484057;(А)Колонка Яндекс YNDX-00059BLK;2040048405717
400484056;(А)Колонка Яндекс YNDX-00059GRY;2040048405618
400506638;(А)Колонка Яндекс YNDX-00060 Bl;2040050663815
400507888;(А)Колонка Яндекс YNDX-00060 Gr;2040050788815
400624046;(А)Комм. Monster Cable MC-130854-00;2040062404611
400624035;(А)Комм. Monster Cable MC-130855-00;2040062403515
400623997;(А)Комм. Monster Cable MC-130860-00;2040062399719
400624044;(А)Комм. Monster Cable MC-PME4-H030;2040062404413
400624031;(А)Комм. Monster Cable MC-PME4-H050;2040062403119
401552683;(А)Компл. RAPOO X1820 Bl;6940056103635
401552959;(А)Компл. RAPOO X1820 Wh;6940056103642
400816625;(А)Компл. TCL DSK80W;6933749556351
400432386;(А)Компл. Гейзер 50094;4607056508861
400236314;(А)Компл. Триколор TR-1800/2100-50-kit;4630056783952
400237859;(А)Компл.Трикол. TR-900/1800/2100-55-kit;4630056786519
400144312;(А)Комплект Гейзер 50095;4607056508878
400144261;(А)Комплект Гейзер 50105;4660043711941
400144280;(А)Комплект Гейзер 50108;4660043712511
400486281;(А)Конв. Cadena HTR-1000-X;4620214140697
400486281;(А)Конв. Cadena HTR-1000-X;4620214140697
400486281;(А)Конв. Cadena HTR-1000-X;4620214140697
400486282;(А)Конв. Cadena HTR-1500-X;4620214140703
400486283;(А)Конв. Cadena HTR-2000-X;4620214140710
400574984;(А)Конв. PRIMERA PHP-2000-MXB;4640047200887
400111242;(А)Конв. СТН НЭБ-М-НСт 0.5 мЧк;4627120861319
400847458;(А)Конд. AROMA DROP 28501;4602984032044
400847457;(А)Конд. AROMA DROP 30165;4602984032020
400497426;(А)Конд. BIS 26625;4602984027705
400497427;(А)Конд. BIS 26627;4602984027712
400497428;(А)Конд. BIS 26631;4602984027736
400356359;(А)Конд. HomeA. HA-300-0101;8682503122513
400356358;(А)Конд. HomeA. HA-300-0102;8682503122780
400356360;(А)Конд. HomeA. HA-300-0503;8682503123053
400883102;(А)Конд. Snow Green ЦЭ672;4660064502283
400425987;(А)Конд. WONDER LAB WL1000FBS5SFC(ЧЗ);4680068933517
400320672;(А)Констр. UNIDRAGON 4218;4640157456112
401021065;(А)Контейнер Axon VC-208 Wh;2040102106512
401069019;(А)Контейнер Metrot 350019;8600034180390
401069130;(А)Контейнер Metrot 350021;8600034180413
400864026;(А)Контейнер Альт-Пласт АП 773;4612747599622
400956399;(А)Контейнер Арктика 2200-26-BL;14630243435630
400377437;(А)Контейнер АРХИМЕД P2040;4690449042257
400377620;(А)Контейнер АРХИМЕД Р2207БИР;4690449055332
400377443;(А)Контейнер АРХИМЕД Р2224;4690449050436
400514215;(А)Контейнер АРХИМЕД Р2275ГОЛ;4690449056438
400173239;(А)Корзина Econova 32226-00 Gr;4620119407932
400173236;(А)Корзина Econova 32462-01 Be;4630114833117
400173249;(А)Корзина Econova 32462-01 Gr;4630114833131
400173274;(А)Корзина Econova 32463-01 Be;4630114833148
400173275;(А)Корзина Econova 32464-00 Be;4630114833179
400173273;(А)Корзина Econova 42008-00 Be;4620119401046
400173242;(А)Корзина Econova 42008-00 Gr;4620119401022
400173250;(А)Корзинка Econova 32226-00 Be;4620119407956
400744314;(А)Коф.стан. Redmond CM735 St;5055323666513
400744314;(А)Коф.стан. Redmond CM735 St;5055323666513
400648562;(А)Кофе Capovita Americano 16шт;4650587730188
400648584;(А)Кофе Capovita Caf# Au Lait 16шт;4650587730195
400645034;(А)Кофе Capovita Caramel 10шт;4650587730294
400647163;(А)Кофе Capovita Decaf 10шт;4650587730263
400647198;(А)Кофе Capovita Espresso 10шт;4650587730225
400648699;(А)Кофе Capovita Flat White 16шт;4650587730201
400648693;(А)Кофе Capovita Latte Macchiato 16шт;4650587730171
400647615;(А)Кофе Capovita Lungo 10шт;4650587730256
400647601;(А)Кофе Capovita Lungo Forte 10шт;4650587730249
400648439;(А)Кофе Capovita Ristretto 10шт;4650587730232
400648551;(А)Кофе Capovita Vanilla 10шт;4650587730270
400648598;(А)Кофе Capovita Кофе в капсулах Cappuc;4650587730164
400577725;(А)Кофе CARRARO Aroma Intenso 1кг;2040057772541
400577728;(А)Кофе CARRARO Espresso Milano 1кг;2040057772848
400577729;(А)Кофе CARRARO Primo Mattino 1кг;2040057772947
400797040;(А)Кофе DCortez белый 1кг;8000604002242
400797037;(А)Кофе DCortez золотой 1кг;8000604002266
400797036;(А)Кофе DCortez черный 1кг;8000604002228
400120391;(А)Кофе DL AS00006319;4603302926823
4206321;(А)Кофе DL Sig. Milk Selection Blend 1кг;4640043233360
4206324;(А)Кофе DL Signature Africana 1кг;4640043233544
4206322;(А)Кофе DL Signature Espresso Blend 1кг;4640043233377
400307030;(А)Кофе DL Signature Espresso Light;4603302918408
4206323;(А)Кофе DL Signature Mild Blend 1кг;4640043233384
400577724;(А)Кофе ITALCO Arabica Brazil 1кг;2040057772442
400816218;(А)Кофе ITALCO Caffe' Crema 1кг;4640165783194
400577731;(А)Кофе ITALCO EA Espresso Barista 1кг;2040057773142
400577732;(А)Кофе ITALCO EA Espresso Classic 1кг;2040057773241
400577722;(А)Кофе ITALCO Espresso Italiano 1кг;2040057772244
400577730;(А)Кофе ITALCO ESPRESSO ORO 1кг;2040057773043
400577733;(А)Кофе ITALCO Extra Cream 1кг;2040057773340
400577734;(А)Кофе ZABELINI Grandezza di Roma 1кг;2040057773449
400577735;(А)Кофе ZABELINI Magia di Napoli 1кг;2040057773548
400577736;(А)Кофе ZABELINI Misteri di Venezia 1кг;2040057773647
400474402;(А)Кофеварка Brayer BR1119;9120099336581
400475183;(А)Кофеварка Brayer BR1125;9120099334570
400471093;(А)Кофеварка Brayer BR1128;9120099336659
400471093;(А)Кофеварка Brayer BR1128;9120099336659
400644409;(А)Кофеварка Capovita CN-ND0101 Bl;14650587730147
400644470;(А)Кофеварка Capovita CN-ND0101 Wh;14650587730352
400640177;(А)Кофеварка Capovita CN-R0201 Bl;4650587730089
400643461;(А)Кофеварка Capovita CN-R0201 Wh;4650587730096
4171265;(А)Кофеварка DL EC685.BK;8004399023437
4171263;(А)Кофеварка DL EC685.M;8004399023420
4171263;(А)Кофеварка DL EC685.M;8004399023420
4171263;(А)Кофеварка DL EC685.M;8004399023420
400474756;(А)Кофеварка DL EC820.B;8004399325340
400474756;(А)Кофеварка DL EC820.B;8004399325340
400474756;(А)Кофеварка DL EC820.B;8004399325340
400474756;(А)Кофеварка DL EC820.B;8004399325340
400946083;(А)Кофеварка RED sol. CM1524;5061061571842
400496254;(А)Кофеварка Redmond CM701;5055323654794
400496254;(А)Кофеварка Redmond CM701;5055323654794
400496254;(А)Кофеварка Redmond CM701;5055323654794
400495974;(А)Кофеварка Redmond CM703 Bl;5055323657986
400495974;(А)Кофеварка Redmond CM703 Bl;5055323657986
400536008;(А)Кофеварка Redmond CM708 Bl;5055323658181
400536008;(А)Кофеварка Redmond CM708 Bl;5055323658181
400737988;(А)Кофеварка Redmond CM711 St;5055323654954
400737988;(А)Кофеварка Redmond CM711 St;5055323654954
400535931;(А)Кофеварка Redmond CM712 Bl;5055323654930
400536256;(А)Кофеварка Redmond CM713 Be;5055323653513
400536267;(А)Кофеварка Redmond CM713 Wh;5055323653476
400536267;(А)Кофеварка Redmond CM713 Wh;5055323653476
400496353;(А)Кофеварка Redmond CM714;5055323651212
400496353;(А)Кофеварка Redmond CM714;5055323651212
400536959;(А)Кофеварка Redmond CM715;5055323655715
400536959;(А)Кофеварка Redmond CM715;5055323655715
400496367;(А)Кофеварка Redmond CM716;5055323657368
400496367;(А)Кофеварка Redmond CM716;5055323657368
400600267;(А)Кофеварка Redmond CM717 Be;5055323657160
400600267;(А)Кофеварка Redmond CM717 Be;5055323657160
400600267;(А)Кофеварка Redmond CM717 Be;5055323657160
400600289;(А)Кофеварка Redmond CM717 Wh;5055323657146
400600289;(А)Кофеварка Redmond CM717 Wh;5055323657146
400600289;(А)Кофеварка Redmond CM717 Wh;5055323657146
400536046;(А)Кофеварка Redmond CM720 Bz;5055323661945
400536046;(А)Кофеварка Redmond CM720 Bz;5055323661945
400649422;(А)Кофеварка Redmond CM722 Be;5055323663673
400649422;(А)Кофеварка Redmond CM722 Be;5055323663673
400496952;(А)Кофеварка Redmond CM723 Be;5055323667527
400496953;(А)Кофеварка Redmond CM723 Bl;5055323667503
400615650;(А)Кофеварка Redmond CM724 Bl;5055323668081
400615650;(А)Кофеварка Redmond CM724 Bl;5055323668081
400496370;(А)Кофеварка Redmond RCM-1521;5055323658938
400496370;(А)Кофеварка Redmond RCM-1521;5055323658938
400535677;(А)Кофеварка Redmond RCM-M1507 Bl;5055323663871
400496962;(А)Кофейная станция Redmond CM737;5055323662706
400496962;(А)Кофейная станция Redmond CM737;5055323662706
401070199;(А)Кофейник Metrot 350026;8600034180475
4110301;(А)Кофемаш. DL ECAM22.110.B;18004399023885
4110301;(А)Кофемаш. DL ECAM22.110.B;18004399023885
400403459;(А)Кофемаш. DL ECAM220.60.B;8004399027220
400403459;(А)Кофемаш. DL ECAM220.60.B;8004399027220
4166216;(А)Кофемаш. DL ECAM290.81.TB;18004399021416
4166216;(А)Кофемаш. DL ECAM290.81.TB;18004399021416
4166216;(А)Кофемаш. DL ECAM290.81.TB;18004399021416
400287722;(А)Кофемаш. DL ECAM320.70.TB;8004399028388
400287722;(А)Кофемаш. DL ECAM320.70.TB;8004399028388
400139412;(А)Кофемаш. DL ECAM450.55.G;8004399021136
4208372;(А)Кофемаш. DL ECAM450.55.S;8004399021143
4208372;(А)Кофемаш. DL ECAM450.55.S;8004399021143
400499756;(А)Кофемаш. DL ECAM630.75.TSM;8004399030855
400499756;(А)Кофемаш. DL ECAM630.75.TSM;8004399030855
400339944;(А)Кофемаш. DL EXAM440.55.G;8004399026636
400339939;(А)Кофемаш. DL EXAM440.55.W;8004399026629
400339939;(А)Кофемаш. DL EXAM440.55.W;8004399026629
400488169;(А)Кофемаш. KAXFREE SF1 Max белая;6974712751472
400488169;(А)Кофемаш. KAXFREE SF1 Max белая;6974712751472
400488168;(А)Кофемаш. KAXFREE SF1 Pro белая;6974712751496
400488168;(А)Кофемаш. KAXFREE SF1 Pro белая;6974712751496
400488168;(А)Кофемаш. KAXFREE SF1 Pro белая;6974712751496
400640250;(А)Кофемаш. KAXFREE SF1 Pro черная;6974712751489
400640250;(А)Кофемаш. KAXFREE SF1 Pro черная;6974712751489
400640250;(А)Кофемаш. KAXFREE SF1 Pro черная;6974712751489
400407168;(А)Кофемаш. Kuppersberg KCF 400 S;4260697459369
400407433;(А)Кофемаш. Kuppersberg KCF 401 B;4260697459338
400407443;(А)Кофемаш. Kuppersberg KCF 401 G;4260697459345
400627897;(А)Кофемаш. Luxhomme COFMASHCAP4V1AG;2040062789718
400627897;(А)Кофемаш. Luxhomme COFMASHCAP4V1AG;2040062789718
400496398;(А)Кофемаш. Redmond CM707;5055323655333
400496398;(А)Кофемаш. Redmond CM707;5055323655333
400496965;(А)Кофемаш. Redmond CM710;5055323654435
400496965;(А)Кофемаш. Redmond CM710;5055323654435
400763176;(А)Кофемаш. Redmond CM731 Bl;5055323668807
400763176;(А)Кофемаш. Redmond CM731 Bl;5055323668807
400475472;(А)Кофемолка Brayer BR1188;9120099336185
400536104;(А)Кофемолка Redmond CG805 Be;5055323652592
400536143;(А)Кофемолка Redmond CG805 Bl;5055323652615
400536131;(А)Кофемолка Redmond CG805 S;5055323652530
400496975;(А)Кофемолка Redmond CG805 белая;5055323652578
400496976;(А)Кофемолка Redmond RCG-M1607;5055323663895
400578300;(А)Кофемолка Stelvio FR300;2040057830012
400578300;(А)Кофемолка Stelvio FR300;2040057830012
400985095;(А)Кофемолка Аксион КМ22 R;4607159822802
400357248;(А)Крем Home Active HA-500-0501;8682503122537
401373004;(А)Крышка ATTRIBUTE ALN026;4660132146579
401373005;(А)Крышка ATTRIBUTE ALN028;4660132146586
401278887;(А)Крышка Pyrex BH26;3426470271219
401278925;(А)Крышка Pyrex BH28;3426470271301
400509166;(А)КСТ DTS KTR DTS25 seti;2040050916621
400502313;(А)Кувшин Аквафор Лион 800304 (белый);4600987013428
400502068;(А)Кувшин Аквафор Орлеан 519338 (белый);4600987009582
400502110;(А)Кувшин Аквафор Престиж 211150 (синий);4600987009506
400500473;(А)Кувшин Аквафор Прованс 522768 (черн);4600987012384
400746905;(А)Кух.комб. Redmond FP608 Gr;5055323654619
400746905;(А)Кух.комб. Redmond FP608 Gr;5055323654619
400496866;(А)Кух.комб. Redmond RFP-3909;5055323659379
400496866;(А)Кух.комб. Redmond RFP-3909;5055323659379
400271576;(А)Кух.комб.CASO KM 1800 Black-E;2040027157613
4126766;(А)Кух.маш. Kenwood KVC85.004SI;5011423002026
4126766;(А)Кух.маш. Kenwood KVC85.004SI;5011423002026
400472859;(А)Кух.маш. RED sol. X1000;5060982439910
400496868;(А)Кух.маш. Redmond FM612;5055323649462
400496867;(А)Кух.маш. Redmond FM615;5055323659911
400727349;(А)Кух.маш. Redmond FM615 Be;5055323665486
400727349;(А)Кух.маш. Redmond FM615 Be;5055323665486
400617355;(А)Кух.маш. Redmond RKM-4040 Be;5055323659935
400617355;(А)Кух.маш. Redmond RKM-4040 Be;5055323659935
400636951;(А)Кух.проц. ARS HOME A-111;2040063695117
401337820;(А)Кухонная утварь Atlantis 24108-SK Нож;4002950100874
401337990;(А)Кухонная утварь Atlantis Нож разделоч;4002950100898
400651618;(А)Л/генер. Redmond IM6201 S;5055323664342
400651618;(А)Л/генер. Redmond IM6201 S;5055323664342
4258877;(А)Л/резка Gorenje R402W;2000425887710
4258877;(А)Л/резка Gorenje R402W;2000425887710
400482209;(А)Ламп Cam LSH10/GX53/RGBCW/WIFI-15564;4895257800253
400483929;(А)Ламп CamLSH11/A60/RGBCW/Е27/WF-14499;4895117892756
400483927;(А)Ламп CamLSH7/C35/RGBCW/E14/WIF-14500;4895117892770
401219908;(А)Ложка Atlantis D1332;5606912003754
401588320;(А)Ложка Atlantis D1432;5606912003846
401322073;(А)Лопатка Atlantis D1334 черный;5606912003778
400173272;(А)Лоток Econova 32388-01;4630114831519
400173233;(А)Лоток Econova 32388-01 Gr;4630114833315
400173224;(А)Лоток Econova 32389-01 Be;4630114831533
400173237;(А)Лоток Econova 32392-00 Be;4630075608427
400173270;(А)Лоток Econova 32392-00 Gr;4630114833100
400173230;(А)Лоток Бытпласт 32249-01 Bl;4620119409431
400173268;(А)Лоток Бытпласт 32250-01 Bl;4620119409448
400173264;(А)Лоток Бытпласт 32251-01 Bl;4630032198916
400167609;(А)М/варка Garlyn MR-Duo 10 черный;4603809717481
400167609;(А)М/варка Garlyn MR-Duo 10 черный;4603809717481
4201028;(А)М/варка Garlyn MR-Duo 5;460380971701648636
400293943;(А)М/варка Garlyn MR-Pro 20;2040029394313
400353839;(А)М/варка RED sol. M4100;5060982435455
400473129;(А)М/варка RED sol. PM4000;5061061573983
400472351;(А)М/варка RED SOLUTION M4300;5061061570944
400472351;(А)М/варка RED SOLUTION M4300;5061061570944
400494197;(А)М/варка Redmond MC101;5055323651298
400494197;(А)М/варка Redmond MC101;5055323651298
400614912;(А)М/варка Redmond MC102 Bl;5055323653032
400494561;(А)М/варка Redmond MC102 Wh;5055323666957
400628747;(А)М/варка Redmond MC103 Bl;5055323652936
400631147;(А)М/варка Redmond MC104 Bl;5055323652714
400615632;(А)М/варка Redmond MC105 Be;5055323663222
400628763;(А)М/варка Redmond MC105 Gr;5055323664953
400494576;(А)М/варка Redmond MC124S Bl;5055323652653
400494581;(А)М/варка Redmond MC125S Bl;5055323652684
400494581;(А)М/варка Redmond MC125S Bl;5055323652684
400497333;(А)М/варка Redmond MC128;5055323667176
400496089;(А)М/варка Redmond MP112;5055323651250
400621285;(А)М/варка Redmond MP114 белый;5055323653599
400621742;(А)М/варка Redmond MP114 черный;5055323653575
400494738;(А)М/варка Redmond RMC-03 Bl;5055323659393
400494738;(А)М/варка Redmond RMC-03 Bl;5055323659393
400494756;(А)М/варка Redmond RMC-450 S;5055323665646
400494756;(А)М/варка Redmond RMC-450 S;5055323665646
400942248;(А)М/варка Redmond RMC-M52 Bl;5055323655555
400628870;(А)М/варка Redmond RMC-M90;5055323661112
400629246;(А)М/варка Redmond RMC-M902;5055323655579
400629246;(А)М/варка Redmond RMC-M902;5055323655579
4257740;(А)М/кам. Candy CUF163WA DEMO;2000425774010
4257740;(А)М/кам. Candy CUF163WA DEMO;2000425774010
4257488;(А)М/кам. Haier HCE100R DEMO;2000425748813
4257485;(А)М/кам. Haier HCE150R DEMO;2000425748516
4257486;(А)М/кам. Haier HCE251R DEMO;2000425748615
4257470;(А)М/кам. Haier HF-284SG DEMO;2000425747014
4257471;(А)М/кам. Haier HF-284WG DEMO;2000425747113
4257374;(А)М/кам. Haier HF300WG DEMO;2000425737411
4257371;(А)М/кам. Haier HF-82WAA DEMO;2000425737114
4257616;(А)М/кам. Haier HF-85MWAA DEMO;2000425761614
4257247;(А)М/ларь Candy CCM100R DEMO;2000425724718
4257604;(А)М/ларь Candy CCM200R DEMO;2000425760419
401077514;(А)М/ларь Hisense FT100N1AW1;6979048651410
401077734;(А)М/ларь Hisense FT200N1AW1;6979048651397
400491750;(А)М/пекарь Galaxy LINE GL2981;4610264006593
400491750;(А)М/пекарь Galaxy LINE GL2981;4610264006593
400473126;(А)М/пекарь RED sol. RMB-M601;5061061573624
400473126;(А)М/пекарь RED sol. RMB-M601;5061061573624
400746495;(А)М/пекарь RED sol. RMB-M603 Bl/Gr;5060982431730
400746495;(А)М/пекарь RED sol. RMB-M603 Bl/Gr;5060982431730
400746495;(А)М/пекарь RED sol. RMB-M603 Bl/Gr;5060982431730
400473127;(А)М/пекарь RED sol. RMB-M607;5061061573648
400620782;(А)М/пекарь Redmond MB1201;5055323660016
400809824;(А)М/пекарь Redmond RMB-634/3 черный;5055323668906
400809824;(А)М/пекарь Redmond RMB-634/3 черный;5055323668906
400809824;(А)М/пекарь Redmond RMB-634/3 черный;5055323668906
400683274;(А)М/пекарь Redmond RMB-M602;5055323659454
400683274;(А)М/пекарь Redmond RMB-M602;5055323659454
400496869;(А)М/пекарь Redmond RMB-M612/1 черный;5055323666452
401163814;(А)М/ср Jundo Аctive oxygen 30шт;4903720020180
400494411;(А)М/ср Maunf. MVM100PP;4660248017770
400872727;(А)М/ср Snow Green ЦЭ482;4660064500203
400872727;(А)М/ср Snow Green ЦЭ482;4660064500203
401044005;(А)М/ср Snow Green ЦЭ482 50шт;4660064500197
400608160;(А)М/стайл. Brayer BR3309;9120099336604
400476021;(А)М/стайл. Dreame AMF17A Gl/Ti;2040047602117
400476021;(А)М/стайл. Dreame AMF17A Gl/Ti;2040047602117
400476021;(А)М/стайл. Dreame AMF17A Gl/Ti;2040047602117
400476022;(А)М/стайл. Dreame AMF18A Gl;2040047602216
400674733;(А)М/стайл. Dreame AMS01A;6979181922934
400674733;(А)М/стайл. Dreame AMS01A;6979181922934
400454105;(А)М/стайл. RED SOLUTION MS001;5061061572924
400599265;(А)Массажер Bradex KZ 0473;2000669682003
400497813;(А)Массажер Bradex СМАРТ KZ 1428;2040049781315
400253042;(А)Массажер Gezatone AMG395;2040025304217
400253042;(А)Массажер Gezatone AMG395;2040025304217
400495604;(А)Массажер Gezatone AMG496;4711229420598
400495604;(А)Массажер Gezatone AMG496;4711229420598
400514386;(А)Массажер WEASTRO Massage Gun Bl;6974099675484
400513936;(А)Массажер WEASTRO Massage Gun Gloss;6974099675453
400514479;(А)Массажер WEASTRO MPB01G;6918859720434
400514480;(А)Массажер WEASTRO MPC03B;6918859720465
401187194;(А)Маш.д/вол.GA.МА GCX630 W&L BG-HF;8023277175792
400468811;(А)Маш.д/волос Brayer BR3403;9120099333061
400836715;(А)Маш.д/волос Centek CT-2137;4680353019957
400362040;(А)Маш.д/волос Galaxy LINE GL 4179 Bl;4610264002700
401283909;(А)Маш.д/волос NDCare Clip HC01 SpBl;4665301711879
400555328;(А)Маш.д/волос Redmond HT4802;5055323662522
400555360;(А)Маш.д/волос Redmond HT4803;5055323663352
400269578;(А)Метеост. Rexant 70-0511;4601004022355
400269577;(А)Метеост. Rexant 70-0515;4601004022379
400269576;(А)Метеост. Rexant 70-0518;4601004083240
400532025;(А)Мешок Zumman 32022;4610086278062
401562054;(А)Миксер RED sol. FM540 Bl;5061061574881
400473120;(А)Миксер RED sol. RHM-M2108;5061061573709
400478184;(А)Миксер RED sol. RM2110;5061061571453
400496870;(А)Миксер Redmond FM600;5055323662843
400727491;(А)Миксер Redmond FM602 D/Gr;5055323655418
400727491;(А)Миксер Redmond FM602 D/Gr;5055323655418
400620811;(А)Миксер Redmond FM603 белый;5055323653254
400620767;(А)Миксер Redmond MH2801;5055323656255
400756389;(А)Миксер Redmond RHM-2105 D/Gr;5055323666025
400573722;(А)Мини-печь Gorenje OM30CLI;2040057372215
4258730;(А)Мини-печь Hisense HOM30M;2000425873010
4258734;(А)Мини-печь Hisense HOM45D;2000425873416
4258732;(А)Мини-печь Hisense HOM45M;2000425873218
400446525;(А)Мини-печь RED SOLUTION RO-5701;5061061572870
400627080;(А)Мини-печь Redmond OV2100;5055323666674
400628721;(А)Мини-печь Redmond OV2101;5055323667336
400739033;(А)Мини-печь Redmond RO-5706S Me;5055323656811
400739033;(А)Мини-печь Redmond RO-5706S Me;5055323656811
401275579;(А)Миска ATTRIBUTE ASG005;4660132100823
401423743;(А)Миска Pyrex 180P000;3426470023337
401423742;(А)Миска Pyrex 181B000/7046;5010762010617
400864043;(А)Миска Альт-Пласт АП 1059;4610362071288
400864044;(А)Миска Альт-Пласт АП 580;4612758073722
400864045;(А)Миска Альт-Пласт АП 581;4612758073739
400864046;(А)Миска Альт-Пласт АП 582;4612758073746
400515080;(А)Миска АРХИМЕД SATURN;4690449056445
400660536;(А)Мон. Acer EB321HQUC3bmiipx;4711474477460
400660529;(А)Мон. Acer EK271PBbi;4711474859280
400660535;(А)Мон. Acer Nitro ED340CURJ0bmiipx;4711474701619
400660530;(А)Мон. Acer UM.HX1CD.201;4711474859297
401708041;(А)Мон. ASUS 90LM0BS0-B01E71;4711387959220
401710887;(А)Мон. LG 27G440A-B.ARUZ;8806096668528
401710483;(А)Мон. LG 34U640B-B.ARUZ;8806096758694
400645289;(А)Мон. OSiO B24-01b;4640257982122
400645292;(А)Мон. OSiO B24-01w;4640257982054
400645287;(А)Мон. OSiO B27-01w;4640257982139
400646819;(А)Мон. OSiO BaseLine B27-01b Bl;4640257982153
400483283;(А)Мон. Samsung C34G55TWWI;2040048328313
400526846;(А)Мон. Samsung LS32FG812SIXCI;8806095969862
400481982;(А)Мон. Samsung S24D300GAI;2040048198213
400483375;(А)Мон. Samsung S25BG400EI;2040048337513
400483368;(А)Мон. Samsung S27BG400EI;2040048336813
400955647;(А)Мон. Samsung S27D300GAI;2040095564719
400956429;(А)Мон. Samsung S27F610EAI;2040095642912
400957980;(А)Мон. Samsung S27FG606EI;8806097603450
400481994;(А)Мон. Samsung S32CG550EI;2040048199418
401323788;(А)Мон. Thunderobot DF27C240L Bl;204013237881162973
400495778;(А)Мон. Thunderobot DF27F100;2040049577819
400496038;(А)Мон. Thunderobot JT00E300URU;2040049603815
400496024;(А)Мон. Thunderobot JT00EX00TRU;2040049602412
400496039;(А)Мон. Thunderobot JT00EY00TRU;2040049603914
401327120;(А)Мон. Thunderobot Skyline 34Q180V Bl;204013271201162973
4214980;(А)Мотокоса Oasis TB-2500P (1/2);4640130918415
4214980;(А)Мотокоса Oasis TB-2500P (1/2);4640130918415
4214980;(А)Мотокоса Oasis TB-2500P (1/2);4640130918415
4235898;(А)Мотокоса Oasis TB-90P Eco;4670222800540
400458017;(А)МС MAX Q10;2040045801710
4062516;(А)МФИ СОЮЗ МПС-5630С;4603010051435
400526474;(А)МФУ HP DESKJET 2320;2040052647417
400427642;(А)Мыло WONDER LAB WL540LQS24IC-V(ЧЗ);4680068931889
400512352;(А)Мышь Defender 52069;4714033520690
400512350;(А)Мышь Defender 52141;4714033521413
400512343;(А)Мышь Defender 52142;4714033521420
400512344;(А)Мышь Defender 52143;4714033521437
400512351;(А)Мышь Defender 52144;4714033521444
400512348;(А)Мышь Defender 52164;4714033521642
400538524;(А)Мышь Defender 52366;4714033523660
400512346;(А)Мышь Defender 52542;4714033525428
400512345;(А)Мышь Defender 52746;4714033527460
400512347;(А)Мышь Defender 52896;4714033528962
400843400;(А)Мышь Defender 52932;4745091894577
400538655;(А)Мышь Defender 52933;4714033529334
400682732;(А)Мышь Rapoo 1630 Silent;6940056133472
400682735;(А)Мышь Rapoo M306;6940056125477
400638754;(А)Мышь Rapoo M50PLUS-BL;2040063875410
400638744;(А)Мышь Rapoo V16RGB;2040063874413
400680564;(А)Мышь Rapoo V20S;6940056121271
400680444;(А)Мышь Rapoo V260PRO;6940056130860
400512349;(А)Мышь Redragon 73051;6950376730510
400620773;(А)Мышь Thunderobot JM03N500CRU;6932066318888
400620987;(А)Мышь Thunderobot JM03NJ00ARU;2040062098711
400620897;(А)Мышь Thunderobot JM03NS00BRU;6932066317911
401275862;(А)Наб. ATTRIBUTE AGC222;4660132133807
400640076;(А)Наб. Axon A-602;2040064007612
400615045;(А)Наб. BERGNER BG-39259-CP;6941849629639
400621014;(А)Наб. BERGNER BG-41390-RD;6926427690829
400512682;(А)Наб. Defender 52779;200041432762344188
400600139;(А)Наб. Dreame RAW4;2040060013914
400600181;(А)Наб. Dreame RAW6;2040060018117
400600207;(А)Наб. Dreame для X50 Ultra/L50 Ultra/L;6977328065155
400621072;(А)Наб. MASTERPRO BGMP-7183;6924691305777
400569496;(А)Наб. Maunf. MF125TL01ST;4660248016865
400627876;(А)Наб. Resto 92025;4260709016979
400628660;(А)Наб. Resto 92210;4260709016986
400365682;(А)Наб. SEBURO 55258;8594219620095
400864048;(А)Наб. Альт-Пласт АП 1161;4610362072896
400864049;(А)Наб. Альт-Пласт АП 172;4612747591060
400864047;(А)Наб. Альт-Пласт АП 583;4612758073654
400864050;(А)Наб. Альт-Пласт АП 783;4612758071452
400377621;(А)Наб. АРХИМЕД P2120БИР;4690449055356
400377619;(А)Наб. АРХИМЕД P2181ЧЕР;4690449055349
400377618;(А)Наб. АРХИМЕД Р2207ЧЕР;4690449055325
400438616;(А)Наб. Гейзер 50123;4660043714911
400178008;(А)Набор GOODKING C-10046 синий;2040017800819
400472699;(А)Набор Kranz KR-66-6682;4601004265851
400537152;(А)Набор Maunf. MF2426MGS02ST;4660248013789
400350697;(А)Набор МультиДом 68.745;4610119938925
4001185;(А)Насадка Kenwood AW20010010;5011423204710
4001191;(А)Насадка Kenwood AW20011012;5011423204659
4001191;(А)Насадка Kenwood AW20011012;5011423204659
4001191;(А)Насадка Kenwood AW20011012;5011423204659
4001194;(А)Насадка Kenwood AW22000005;5011423205069
4001194;(А)Насадка Kenwood AW22000005;5011423205069
4001196;(А)Насадка Kenwood AWAT320B01;5011423204758
4001196;(А)Насадка Kenwood AWAT320B01;5011423204758
4001197;(А)Насадка Kenwood AWAT340001;5011423204673
4001197;(А)Насадка Kenwood AWAT340001;5011423204673
400519032;(А)Науш. Defender 62450;4745091891767
400514995;(А)Науш. ELFY AIR 10057 Wh;2040051499512
400514996;(А)Науш. ELFY EPA-EVERYWHERE-BL-M Bl;2040051499611
4268283;(А)Науш. Honor Choice Earbuds X7 Wh;2000426828316
400635466;(А)Науш. Huawei FreeBuds 7i Bl;2040063546617
400686152;(А)Науш. HUAWEI Freebuds Pro 5 Gl;6942103171598
400686145;(А)Науш. HUAWEI Freebuds Pro 5 Gr;6942103171581
400686123;(А)Науш. HUAWEI Freebuds Pro 5 Wh;6942103171574
400686123;(А)Науш. HUAWEI Freebuds Pro 5 Wh;6942103171574
400635448;(А)Науш. Huawei FreeBuds SE 2 Black;2040063544811
400634236;(А)Науш. Huawei FreeBuds SE 2 Blue;2040063423611
400635449;(А)Науш. Huawei FreeBuds SE 2 Purple;2040063544910
400634232;(А)Науш. Huawei FreeBuds SE 2 White;2040063423215
400635456;(А)Науш. Huawei FreeBuds SE 4 ANC Bl;2040063545610
400635452;(А)Науш. Huawei FreeBuds SE 4 ANC Wh;2040063545214
400839547;(А)Науш. Redmi BHR08OJGL;2040083954713
400528598;(А)Науш. Redragon 73019;6950376730190
400717648;(А)Науш. Soundcore K20i Bl;2040071764812
400665487;(А)Науш. Soundcore K20i Wh;2040066548717
400683077;(А)Науш. Xiaomi Buds 8 Active Wh;6932554464240
400531292;(А)Науш. Xiaomi Redmi Buds 6 Active B;2040053129219
400607562;(А)Науш. Xiaomi REDMI Buds 8 Lite Wh;6932554471880
401445644;(А)Науш. Яндекс YNDX-00150 Bl;4670028541821
401447907;(А)Науш. Яндекс YNDX-00150 V;4670028541999
401447645;(А)Науш. Яндекс YNDX-00150 Wh;4670028541906
400635475;(А)Наушники Huawei FreeClip 2 Bl;2040063547515
401688250;(А)Нож Atlantis 24109-SK;4002950100881
401445467;(А)Нож Atlantis 24415-SK;4002951102211
401373940;(А)Нож ATTRIBUTE APK000;4660132109000
401373927;(А)Нож ATTRIBUTE APK001;4660132109017
401373912;(А)Нож ATTRIBUTE APK002;4660132109024
401373897;(А)Нож ATTRIBUTE APK003;4660132109031
400620993;(А)Нож BERGNER BG-8776;6924392012127
400620909;(А)Нож MASTERPRO BGMP-4111;6941349577386
400620935;(А)Нож MASTERPRO BGMP-4112;6941349577416
400620963;(А)Нож MASTERPRO BGMP-4113;6941349577447
400620974;(А)Нож MASTERPRO BGMP-4116;6941349577539
400620810;(А)Нож MASTERPRO BGMP-4315;6924299371037
400361040;(А)Нож SEBURO 55241;8594219620019
400365607;(А)Нож SEBURO 55242;8594219620026
400365664;(А)Нож SEBURO 55244;8594219620040
400365666;(А)Нож SEBURO 55246;8594219620033
400365667;(А)Нож SEBURO 55248;8594219620057
400621099;(А)Ножеточ. BERGNER BG-39921-BK;6942423901523
401275560;(А)Ножницы ATTRIBUTE APK017;4660132108980
400560003;(А)Обогрев. PRIMERA IRP-550-QTM;4640408706423
400560004;(А)Обогрев. PRIMERA IRP-905-QTM;4640408706560
400173265;(А)Обувница Econova 32367-01 Bl;4620119400322
400569793;(А)Овощерезка ARS HOME A-110;2040056979316
400297693;(А)Органайзер WiMAX ODP-4-U;4650061093648
400945012;(А)Отпар. Brayer BR4123;9120099337656
400945012;(А)Отпар. Brayer BR4123;9120099337656
400501508;(А)Отпар. Brayer BR4129;9120099337434
400468779;(А)Отпар. Brayer BR4130;9120099336178
400382367;(А)Отпар. Kitfort КТ-9112;2040038236710
400354664;(А)Отпар. RED sol. HS700;5060982436278
400457476;(А)Отпар. RED SOLUTION HS750;5060982437497
400457476;(А)Отпар. RED SOLUTION HS750;5060982437497
400593185;(А)Отпар. Redmond SH1631;5055323667138
400593183;(А)Отпар. Redmond SH1632 синий;5055323665929
400588973;(А)Отпар. Redmond SH1636;5055323661532
400824135;(А)Отпар. REDMOND SH1639 белый;5055323657306
400468781;(А)Отпариватель Brayer BR4154;9120099335591
400320473;(А)П/швабра Kitfort КТ-1004-4;2040032047312
400474623;(А)Панель RED sol. RAMB-04;5060982435509
400474629;(А)Панель RED sol. RAMB-08;5060982435608
400474631;(А)Панель RED sol. RAMB-09;5060982435639
400474633;(А)Панель RED sol. RAMB-11;5060982435660
400474636;(А)Панель RED sol. RAMB-13;5060982435691
400474645;(А)Панель RED sol. RAMB-15;5060982435752
400474662;(А)Панель RED sol. RAMB-17;5060982435813
400474669;(А)Панель RED sol. RAMB-20;5060982435875
400474670;(А)Панель RED sol. RAMB-21;5060982435905
400474671;(А)Панель RED sol. RAMB-22;5060982435936
400472510;(А)Панель RED SOLUTION RGP-02;5060982434977
400472514;(А)Панель RED SOLUTION RGP-03;5060982434991
400287481;(А)Парогенер. Braun IS5247VI;8021098003706
400287481;(А)Парогенер. Braun IS5247VI;8021098003706
400287481;(А)Парогенер. Braun IS5247VI;8021098003706
400287641;(А)Парогенер. Braun IS5249BK;8021098003713
400314303;(А)Парогенер. Garlyn GST-08 Pro белый;4673739559512
400651496;(А)Парооч. Karcher 1.512-600.0;2040065149618
400651496;(А)Парооч. Karcher 1.512-600.0;2040065149618
400651560;(А)Парооч. Karcher 1.513-430.0;2040065156012
400666389;(А)Парооч. Karcher 1.513-500.0;2040066638913
401152851;(А)Парооч-ль Luxhomme SHVPAR7V1CH;2040115285112
400746406;(А)Парооч-ль Luxhomme SHVPAREKCHBAG;2040074640618
400476076;(А)ПДУ Rexant 38-0004;4601004278691
400476084;(А)ПДУ Rexant 38-0006;4601004278646
400476078;(А)ПДУ Rexant 38-0007;4601004278639
400476081;(А)ПДУ Rexant 38-0008;4601004278622
400476080;(А)ПДУ Rexant 38-0019;4601004198845
400476077;(А)ПДУ Rexant 38-0104;4601004283688
400764011;(А)ПДУ Rexant RX-100AII Wh;2040076401118
400753766;(А)ПДУ Rexant RX-101AII Wh;4601004278684
400753765;(А)ПДУ Rexant RX-102AII Wh;4601004284029
401152833;(А)Платформа Luxhomme VIPLATB;2040115283316
401152833;(А)Платформа Luxhomme VIPLATB;2040115283316
400458283;(А)Подвес STORK TVM-2T;2040045828311
400458282;(А)Подвес STORK TVM-3T;2040045828212
400458288;(А)Подвес STORK TVM-7F;2040045828816
400458290;(А)Подвес STORK TVM-7T;2040045829011
400724404;(А)Подвес д/MW Rexant 38-0100 Wh;4601004075184
400536120;(А)Подвес д/TV Hama R1118167;6983727590204
400535974;(А)Подвес д/TV Hama R1118172;6983727590143
400535915;(А)Подвес д/TV Hama R1118175;6983727590129
400537764;(А)Подвес д/TV Hama R1118178;4047443542014
400476920;(А)Подвес д/TV Rexant 38-0051;4601004148161
400481995;(А)Подвес д/TV Rexant 38-0053-1;4601004259874
400508174;(А)Подвес д/TV Rexant 38-0080;4601004075160
400508171;(А)Подвес д/TV Rexant 38-0090;4601004075177
400499860;(А)Подвес д/TV Rexant 38-0300;4601004062665
400526819;(А)Подвес д/TV Rexant 38-0310-1;4601004267213
400526845;(А)Подвес д/TV Rexant 38-0330-1;4601004267190
400481109;(А)Подвес д/TV Rexant 38-0370;4601004230392
400795963;(А)Подвес д/TV STORK 30212;4630011252493
400779670;(А)Подвес д/TV STORK STORK TVМ-1F;4630011252523
400779704;(А)Подвес д/TV STORK STORK TVМ-1T;4630011252516
400779884;(А)Подвес д/TV STORK STORK TVМ-3 AV;4630011252561
400779768;(А)Подвес д/TV STORK STORK TVМ-4Т;4630011252530
400779792;(А)Подвес д/TV STORK STORK TVМ-6Т;4630011252547
400779828;(А)Подвес д/TV STORK STORK TVМ-9Т;4630011252554
400763976;(А)Подвес д/TV STORK TVМ-8Т;4630011252509
400774062;(А)Подвес д/TV Vivanco 37977;8018417508769
400774347;(А)Подвес д/TV Vivanco 37978;8018417508776
400779105;(А)Подвес д/TV Vivanco BFMO 6040;8018417508714
401275335;(А)Подвес д/TV Vivanco BTI 5040;6983727590983
401245318;(А)Подвес д/TV Vivanco BTI 6040;8018417508837
401275114;(А)Подвес д/TV Vivanco BTI 6060;8018417508790
401275168;(А)Подвес д/TV Vivanco BTI 6080;8018417508806
401366382;(А)Подвес д/TV Триколор 2020T Bl;4630056786656
401366385;(А)Подвес д/TV Триколор 4040T Bl;4630056786663
401366291;(А)Подвес д/TV Триколор AMM 1010B;4630056786649
401366299;(А)Подвес д/TV Триколор AMM 2021B;4630056786670
400515030;(А)Подст. UBBO AVS-SPT-M;4650061093914
400528273;(А)Подст. UBBO AVS-SPW-M;4650061093969
400534009;(А)Подст. WiMAX AVS-2G-M;4650061093952
400297403;(А)Подст. WiMAX AVS-SLIM2-U;4650061093624
400678994;(А)Прибор д/лица Dreame AB01A;6978515259425
400482196;(А)Приемник BarTon TH-563;4630056785666
400482198;(А)Приемник Cadena CDT-2291SB;4630056786250
400482197;(А)Приемник Cadena CDT-2300SB;4630056786823
400433232;(А)Приемник Cadena CDT-2311 MINI;4630056786847
400433235;(А)Приемник Cadena CDT-2315SB;4630056786885
400433236;(А)Приемник Cadena CDT-2351SB;4630056786908
400816643;(А)Приемник Cadena CDT-2388S;4630056786922
400469159;(А)Проигрыват. MAX B;2040046915911
400469158;(А)Проигрыват. MAX VP-100 Br;2040046915812
400848183;(А)Пылесбор. Zumman ZB20;4610086278505
400848813;(А)Пылесбор. Zumman ZBR20;4610086278567
400848879;(А)Пылесбор. Zumman ZPR10;4610086278574
400848956;(А)Пылесбор. Zumman ZSR70;4610086278581
400848987;(А)Пылесбор. Zumman ZSR90;4610086278598
400848619;(А)Пылесбор. Zumman ZT10;4610086278550
400560002;(А)Радиатор PRIMERA ORP-1111-HMC;4640408706829
400560002;(А)Радиатор PRIMERA ORP-1111-HMC;4640408706829
400574977;(А)Радиатор PRIMERA ORP-1125-YMC;4640047200979
400638831;(А)Радиатор PRIMERA ORP-715-YMC;4640047200900
400560000;(А)Радиатор PRIMERA ORP-716-HMC;4640408706805
400560000;(А)Радиатор PRIMERA ORP-716-HMC;4640408706805
400560001;(А)Радиатор PRIMERA ORP-911-HMC;4640408706812
400574976;(А)Радиатор PRIMERA ORP-920-YMC;4640047200955
400574976;(А)Радиатор PRIMERA ORP-920-YMC;4640047200955
400469113;(А)Радио MAX MR-500;2040046911319
400469111;(А)Радио MAX MR-510;2040046911111
400458012;(А)Радио MAX MR-512;2040045801215
400457932;(А)Радио MAX MR-520;2040045793213
400492228;(А)Радио MAX MR-600;4630011252479
400476512;(А)Разветв. Rexant 18-4103-1;4601004031722
400476666;(А)Рамка Dreame N040105-000063-00E;6978486970121
400476669;(А)Рамка Dreame N040105-000066-009;6978486970145
4189480;(А)Ранец Пифагор 270689;4606224356044
4189481;(А)Ранец Пифагор 270692;4606224356075
4189482;(А)Ранец Пифагор 270693;4606224356082
4181754;(А)Ранец Юнландия 270587;4606224356174
4189447;(А)Ранец Юнландия 270590;4606224356204
4189558;(А)Ранец Юнландия 270680;4606224355955
400636820;(А)Резка ARS HOME A-101;2040063682018
400560723;(А)Резка ARS HOME A-106;2040056072314
400397282;(А)Резка Axon A-803;2040039728214
4258429;(А)Резка Gorenje R506E;2000425842917
4258429;(А)Резка Gorenje R506E;2000425842917
4258429;(А)Резка Gorenje R506E;2000425842917
400747001;(А)Резка Redmond FP619 Be;5055323662485
400747001;(А)Резка Redmond FP619 Be;5055323662485
400161185;(А)Робот RED Sol. Reddy AIR;5060982433253
400482218;(А)Розетка Cam BNS/SH-3/16A/WIFI (15905;4895257801748
400589507;(А)Роутер CUDY LT300;6971690790349
400589506;(А)Роутер CUDY LT400;6971690791193
400589672;(А)Роутер CUDY WR1200;2040058967212
400589670;(А)Роутер CUDY WR1500;2040058967014
400589650;(А)Роутер CUDY WR3000;2040058965010
400538076;(А)Роутер Jeton Tech AC1200 Air;6978967181312
400538085;(А)Роутер Jeton Tech AX3000 Air;6978967181329
400538106;(А)Роутер Jeton Tech AX3000 Core;6978967181336
400600866;(А)Роутер Tenda MAC5;6932849424089
400600838;(А)Роутер Tenda RX3000 Pro;6932849423099
400671879;(А)Роутер Дом.ру AX1500;4610392670161
401327131;(А)Роутер Дом.ру AX1500 Black;4610392670406
400715099;(А)Роутер Дом.ру AX3000;4610392670154
401334295;(А)Роутер Дом.ру AX3000 Black;4610392670345
400715245;(А)Роутер Дом.ру AX3000 Mesh;4610392670338
400496347;(А)Роутер МТС 8421FT;2040049634710
400496324;(А)Роутер МТС M042;2040049632419
400496582;(А)Роутер МТС R029;2040049658211
400496593;(А)Роутер МТС R221;2040049659317
400353184;(А)Роутер Триколор TR-router-04;4630056788599
400477763;(А)Роутер Триколор TR-router-06;4620214142271
400599404;(А)Рюкзак Lamark B155 Black;4680518047290
400604582;(А)Рюкзак Lamark B155 Khaki;4680518090210
400607006;(А)Рюкзак Lamark B157 Black;4680518047351
400604609;(А)Рюкзак Lamark B157 Khaki;4680518090241
401083345;(А)Рюкзак Mark Ryden G1_MR9808_00;4673753543405
400462794;(А)Рюкзак Mark Ryden MR8057Y_00;4673753543160
401083297;(А)Рюкзак Mark Ryden MR9008SJ_00;4673753543085
401083232;(А)Рюкзак Mark Ryden MR9031Y_SJ00;4673753543078
401083055;(А)Рюкзак Mark Ryden MR9191DYSJ_00;4673753543269
400538328;(А)Рюкзак RIVACASE 8436 темно синий;4260709014753
4189461;(А)Рюкзак Пифагор 270651;4606224356211
400308715;(А)С/порош. Jundo 4903720021118;4903720021118
400493669;(А)С/порош. Maunf. MVM6000AO;4660248017718
400519722;(А)С/порош. Maunf. MVM6000BCP;4660248018647
400559643;(А)С/порош. Maunf. MVM6000BWP;4660248018661
400493734;(А)С/порош. Maunf. MVM6000МС;4660248017732
400493759;(А)С/порош. Maunf. MVM9000AO;4660248017756
400493817;(А)С/порош. Maunf. MVM9000МС;4660248017763
400710009;(А)С/порош. More Choice Wc3000P;4610196401565
400710126;(А)С/порош. More Choice Ww1500P;4610196401411
400710118;(А)С/порош. More Choice Ww3000P;4610196401633
400882955;(А)С/порош. Snow Green ЦЭ480;4660064500135
400882938;(А)С/порош. Snow Green ЦЭ481;4660064500043
400882948;(А)С/порош. Snow Green ЦЭ483;4660064500104
400882967;(А)С/порош. Snow Green ЦЭ664;4660064500890
400883104;(А)С/порош. Snow Green ЦЭ668;4660064500982
400882962;(А)С/порош. Snow Green ЦЭ670;4660064501026
400883103;(А)С/порош. Snow Green ЦЭ674;4660064502320
400534719;(А)Салфетки Defender CLN 30102 Pro;4607125989348
400535157;(А)Салфетки Defender CLN 30300 Optima;4019114303002
400230341;(А)Светил. Camelion 15185;4895117897508
400230339;(А)Светил. Camelion KD-359 C01 (15184);4895117897492
401337560;(А)Светил. Rexant Верба черный;4601004289239
401337558;(А)Светил. Rexant Денг белый;4601004289420
401337561;(А)Светил. Rexant Карнаби черный;4601004289307
401337559;(А)Светил. Rexant Сэвил черный;4601004289246
400508439;(А)Сет.фильтр Artstyle CL-215U2C1WG;4650293491762
400508211;(А)Сет.фильтр Artstyle CL-33U2C1WG;4650293491779
400507907;(А)Сет.фильтр Artstyle CL-53U2C1WG;4650293491786
400492139;(А)Сет.фильтр Volsten S 5x3-Z (9319);4895117843864
400492141;(А)Сет.фильтр Volsten SP 3x3 (12303);4895117875513
400492142;(А)Сет.фильтр Volsten SP 5x1.5 (12304);4895117875520
400536769;(А)Сет.фильтр Willenskraft 59000.PS01W;6983727590068
400536772;(А)Сет.фильтр Willenskraft 59001.PS01B;6983727590075
400643386;(А)Сет.фильтр Онлайт 90 780;4650230907806
400643387;(А)Сет.фильтр Онлайт 90 782;4650230907820
400473169;(А)Сет.шнур Rexant 11-1101;4660008015626
400473172;(А)Сет.шнур Rexant 11-1102;4610003604042
400473175;(А)Сет.шнур Rexant 11-1103;4660008015893
400473170;(А)Сет.шнур Rexant 11-1105;4660008018177
400473174;(А)Сет.шнур Rexant 11-1108;4660008018207
400473176;(А)Сет.шнур Rexant 11-1121;4610003606282
400383586;(А)Сетка для глажения МультиДом NS87-98;4630039626078
400843341;(А)СЗУ ANKER A121EG11;0194644308896
400843354;(А)СЗУ ANKER A121EG21;0194644310042
400843441;(А)СЗУ ANKER A2692L11;0194644225728
400843442;(А)СЗУ ANKER A2692L21;0194644292188
400843439;(А)СЗУ ANKER A2698G11;0194644297572
400843437;(А)СЗУ ANKER A2698G21;0194644297589
400508216;(А)СЗУ RivaCase PS4021 Bl;4260709016658
400508183;(А)СЗУ RivaCase PS4021 Wh;4260709016641
400508233;(А)СЗУ RivaCase PS4022 Bl;4260709016672
400508230;(А)СЗУ RivaCase PS4022 Wh;4260709016665
400508246;(А)СЗУ RivaCase PS4023 Bl;4260709016696
400508236;(А)СЗУ RivaCase PS4023 Wh;4260709016689
400756757;(А)Синтезатор Denn DEK494;2040075675718
400748044;(А)Синтезатор Denn DEK604NG;2040074804416
400757395;(А)Синтезатор Denn DEK612;2040075739519
401006495;(А)Синтезатор MARUMO MRM-1061RCH;2040100649516
401006331;(А)Синтезатор MARUMO MRM-161C;2040100633119
401006445;(А)Синтезатор MARUMO MRM-612B;2040100644511
400603202;(А)Сков. Filigrana FG24CRT01DP;4660248014458
400603187;(А)Сков. Filigrana FG24CRT01FP;4660248014397
400603763;(А)Сков. Filigrana FG26CRT01DP;4660248014472
400603747;(А)Сков. Filigrana FG26CRT01FP;4660248014410
400603782;(А)Сков. Filigrana FG28CRT01DP;4660248014496
400603753;(А)Сков. Filigrana FG28CRT01FP;4660248014434
401285782;(А)Сков. Hi MVCH30224;4630267387895
401285783;(А)Сков. Hi MVCH30226;4630267387871
401285784;(А)Сков. Hi MVCH30228;4630267387888
401285167;(А)Сков. Hi MVNKKLGR30124;4630267387840
401364900;(А)Сковорода ATTRIBUTE AFH20;4660132135757
401364899;(А)Сковорода ATTRIBUTE AFH24;4660132135764
401364901;(А)Сковорода ATTRIBUTE AFH26;4660132135771
401364902;(А)Сковорода ATTRIBUTE AFH28;4660132135788
400682702;(А)Сковорода Filigrana FG24SGA01DF;4660248013642
400671877;(А)Сковорода Filigrana FG24SGA01FP;4660248013581
400682703;(А)Сковорода Filigrana FG26SGA01DF;4660248013666
400682697;(А)Сковорода Filigrana FG26SGA01FP;4660248013604
400682704;(А)Сковорода Filigrana FG28SGA01DF;4660248013680
400682701;(А)Сковорода Filigrana FG28SGA01FP;4660248013628
400873729;(А)Сковорода MASTERPRO MPUS10160-STSMS;0850036612001
400686677;(А)Сковорода Maunf. MF22EL01FP;4660248019712
400687001;(А)Сковорода Maunf. MF22EL01PP;4660248019811
400526864;(А)Сковорода Maunf. MF24ARR1FP;4660248015820
400686865;(А)Сковорода Maunf. MF24EL01FP;4660248019736
400527660;(А)Сковорода Maunf. MF26ARR1FP;4660248015844
400686953;(А)Сковорода Maunf. MF26EL01FP;4660248019750
400686998;(А)Сковорода Maunf. MF26EL01WF;4660248019798
400686977;(А)Сковорода Maunf. MF28EL01FP;4660248019774
400527666;(А)Сковорода Maunfeld MF28ARR1FP;4660248015868
400562341;(А)Сковорода Resto 93010;4260403577509
400627645;(А)Сковорода Resto 93012;4260403577516
400627665;(А)Сковорода Resto 93013;4260403577523
400627873;(А)Сковорода Resto 93014;4260403577530
401078289;(А)Сковорода Vari ZV-0030222;4630056969950
401079330;(А)Сковорода Vari ZV-0030226;4630267380032
400519908;(А)Сковорода Мечта 022803ИШ;4604717051063
400519910;(А)Сковорода Мечта 024803ИШ;4604717051087
400519911;(А)Сковорода Мечта 026803ИШ;4604717051100
400519890;(А)Сковорода Мечта 22803ИШ;4604717050981
400532184;(А)Скребок Zumman ZSC1;4610086278017
400816206;(А)Соль Jundo Премиум 3 кг;4903720020388
400872787;(А)Сотейник MASTERPRO MPUS10142-STSMS;0850036612063
400542733;(А)Спрей Defender 30598;4714033305983
400357271;(А)Спрей Home Active HA-500-0301;8682503122520
400527567;(А)Средство WiMAX FSMC-SP-M белый;4650061093945
400528392;(А)Стабилиз. Artstyle ST-D500B;4650293491793
400557009;(А)Стайлер Redmond HS1720;5055323664366
400536127;(А)Стайлер Redmond HS1741 Бежевый;5055323665530
400536138;(А)Стайлер Redmond HS1741 Белый;5055323664762
400494786;(А)Стеклооч. Ecovacs W1S;6970135037339
400622193;(А)Стеклооч. Ecovacs WG841-01;6970135035427
400623891;(А)Стеклооч. Ecovacs WG851-11;6970135033836
400522328;(А)Стеклооч. Karcher 1.633-426.0;2040052232811
400521188;(А)Стеклооч. Karcher 1.633-741.0;2040052118818
401162668;(А)Стеклооч. NEATSVOR A2 Wh;2040116266813
400754888;(А)Стеклооч. NEATSVOR A5;463025349038758049
400536706;(А)Стеклооч. Redmond W2401S Gr;5055323665684
400536706;(А)Стеклооч. Redmond W2401S Gr;5055323665684
400818196;(А)Стол HENIVER SPT-120;4640250116760
400539257;(А)Сумка Defender 26100;4745090826135
400499446;(А)Сумка Defender 26135;4745091891460
400499447;(А)Сумка Defender 26136;4745091891477
400560081;(А)Сумка Lamark L214 Dark Grey;2040056008115
400553900;(А)Сумка Lamark L215 Blue;2040055390013
400528589;(А)Сумка Lamark L217 Black;2040052858912
400529433;(А)Сумка Lamark L225 Black;2040052943311
400529435;(А)Сумка Lamark L225 Dark Grey;2040052943519
400560088;(А)Сумка Lamark L244 Light Grey;4680518075323
400552498;(А)Сумка Lamark L245 Black;2040055249816
400538924;(А)Сумка Lamark L245 Bordo;2040053892410
400560087;(А)Сумка Lamark L245 Light Grey;4680518048617
400553958;(А)Сумка Lamark L247 Blue;2040055395810
400582761;(А)Сумка Lamark L255 Black;4680518090029
400595191;(А)Сумка Lamark L266 Dark Grey;4680518075415
400560084;(А)Сумка Lamark L275 Black;4680518090111
400538326;(А)Сумка RIVACASE 5517 черная;4260709015552
400538121;(А)Сумка RIVACASE 7520 серая;4260709016719
400538129;(А)Сумка RIVACASE 8033 черная;4260709016726
400538137;(А)Сумка RIVACASE 8035 темно синяя;4260709016733
400538192;(А)Сумка RIVACASE 8037 черная;4260709016740
400538236;(А)Сумка RIVACASE 8221 черная;4260709016757
400507890;(А)Сумка RIVACASE 8231 серая;4260709016603
400508172;(А)Сумка RIVACASE 8257 черная;4260709016627
400507846;(А)Сумка RIVACASE 8720 серая;4260709016597
400508166;(А)Сумка RIVACASE 8731 серая;4260709016610
400472084;(А)Сумка-холод. Арктика 3001-30-GN;4630243436876
400494578;(А)Суш.маш. AEG TR8384E;2099962160783
4266781;(А)Суш.маш. Haier HD100-A2387U1 DEMO;692108151480100000
4258633;(А)Суш.маш. Hisense DH3I802UW2D;2000425863325
400573172;(А)Суш.маш. Hisense DH3S702UWDE белый;2040057317216
4258918;(А)Суш.маш. Hisense DH3S802BW4;2000425891816
4258596;(А)Суш.маш. Hisense DH5I104UW2B;2000425859625
4258634;(А)Суш.маш. Hisense DH5I804UB2D;2000425863424
400809055;(А)Суш.маш. TCL TDOP-6908W;6933749555040
4269909;(А)Суш.маш. Toshiba TD-BK100GHRU(WS);697518828666665284
4269931;(А)Суш.маш. Toshiba TD-T25BS110HWRU(MG);697518828820265284
400479750;(А)Суш.маш. Vard VTH41;4607097711299
400479749;(А)Суш.маш. Vard VTH58;4607097710971
400479748;(А)Суш.маш. Vard VTH61;4607097711244
400479747;(А)Суш.маш. Vard VTH61B;4607097711251
400473211;(А)Сушка RED sol. DD011V;5061061573723
400473211;(А)Сушка RED sol. DD011V;5061061573723
400473215;(А)Сушка RED sol. DD041H;5061061573747
400473215;(А)Сушка RED sol. DD041H;5061061573747
400473215;(А)Сушка RED sol. DD041H;5061061573747
400744533;(А)Сушка Redmond FD1104 Bl;5055323651694
400744533;(А)Сушка Redmond FD1104 Bl;5055323651694
400747100;(А)Сушка Redmond FD1105 Be;5055323651144
400747100;(А)Сушка Redmond FD1105 Be;5055323651144
400747399;(А)Сушка Redmond FD1105 Gp;5055323651168
4258509;(А)Сушка д/фр. Gorenje FDK24DW;2000425850912
4258520;(А)Сушка д/фр. Gorenje FDK500GCW;2000425852015
4258919;(А)Сэнд. Gorenje SM701SB;2000425891915
4258919;(А)Сэнд. Gorenje SM701SB;2000425891915
400320146;(А)Сэнд. Kitfort КТ-1609;2040032014611
400574983;(А)Т/вент. PRIMERA FHP-2012-FWT;4640047202898
400615682;(А)Т/кружка BERGNER BG-37518-MPK черный;6941349540694
400498140;(А)Т/кружка Bobber Mug-300 Mat/St;4610050373649
400497844;(А)Т/кружка Bobber Tumbler-500 Bl;4610050375377
400498019;(А)Т/кружка Bobber Tumbler-500 D/Te;4610050375384
400497867;(А)Т/кружка Bobber Tumbler-500 Mat/St;4610050375353
400503905;(А)Т/кружка LP 62756;4013720162756
400503891;(А)Т/кружка LP 63500;4013720163500
400838261;(А)Т/кружка Thermocafe By Thermos 707079;9555738707079
400838462;(А)Т/кружка Thermocafe By Thermos 707086;9555738707086
400838771;(А)Т/кружка Thermocafe By Thermos 707093;9555738707093
400494726;(А)Табл. Maunfeld MVM100PA;4660248017817
400494416;(А)Табл. Maunfeld MVM100PE;4660248017794
400535639;(А)Табл. Topperr 33100;4610086278116
400532056;(А)Табл. Zumman 3033;4610086278055
400406609;(А)Терка Axon A-215;2040040660916
400269575;(А)Термометр Rexant 70-0592;4601004043848
401068154;(А)Термопот GALAXY LINE GL0618;4610264006654
401068154;(А)Термопот GALAXY LINE GL0618;4610264006654
400498079;(А)Термос Bobber Barrel-770 Mat/St;4610050376541
400574999;(А)Термос Bobber Capsule-500 Bl;4610050379009
400498065;(А)Термос Bobber Capsule-500 Mat/St;4610050374028
400575011;(А)Термос Bobber Capsule-500 R;4610050379054
400575014;(А)Термос Bobber Capsule-500 Te;4610050379047
400497317;(А)Термос Bobber Flask-770 R;4610050376053
400503904;(А)Термос LP 62695;4013720162695
400503903;(А)Термос LP 62701;4013720162701
400503906;(А)Термос LP 62817;4013720162817
400503945;(А)Термос LP 62916;4013720162916
400503946;(А)Термос LP 62923;4013720162923
400503902;(А)Термос LP 63562;4013720163562
400503901;(А)Термос LP 63579;4013720163579
400503898;(А)Термос LP 63586;4013720163586
400503899;(А)Термос LP 63593;4013720163593
400503900;(А)Термос LP 63609;4013720163609
400503890;(А)Термос LP 63623;4013720163623
400503892;(А)Термос LP 63630 темно-синий;4013720163630
400503893;(А)Термос LP 63647 песочный;4013720163647
400503894;(А)Термос LP 63654 темно-красный;4013720163654
400503895;(А)Термос LP 63661 темно-синий;4013720163661
400503896;(А)Термос LP 63678 песочный;4013720163678
400827719;(А)Термос Thermos FJK-1000 NVY 1.0 л;4673734562517
400816628;(А)Термос Thermos FJK-500 LP нерж.сталь;4673734562500
400817963;(А)Термос Thermos FJK-750 KKI 0.75 л;4673734563941
400795058;(А)Термос Thermos JOJ-120LB 0.12лголубой;4673734562470
400816551;(А)Термос Thermos JOO-500 0.5L желтый;4673734562579
400724836;(А)Термос Thermos JOV-320 CL песочный;4673734563835
400794907;(А)Термос Thermos NS340BK 0.47л стальной;4673734563293
400727557;(А)Термос Thermos S4319 0.71л шоколадный;4673734563538
400470084;(А)Термос Арктика 306-600А-GN;4610003064761
400979322;(А)Термос Арктика 605-1900 стальной;4610003065171
400474852;(А)Термос Арктика 701-420CB-BKT;4630243437224
400474851;(А)Термос Арктика 701-420CB-BLT;4630243437217
400474841;(А)Термос Арктика 701-420CB-CNT;4630243437200
400957313;(А)Термос Арктика 702-500C-BGBLT;4630243438214
400957401;(А)Термос Арктика 702-500C-LEAFT;4630243438207
400957055;(А)Термос Арктика 702-500C-ORGNT;4630243438184
400957715;(А)Термос Арктика 702-750C;4630243437712
400957593;(А)Термос Арктика 702-750C-CBLTT;4630243437811
400967864;(А)Термос Арктика 715-420CB;4630243439112
400967507;(А)Термос Арктика 715-420CB-DKRD;4630243439136
400966808;(А)Термос Арктика 715-420CB-GYRD;4630243439143
400967678;(А)Термос Арктика 715-420CB-ORGN;4630243439129
400469916;(А)Термосумка Арктика 3400-17-BK;4610003067045
401426623;(А)Топорик Atlantis 24305-SK;4002950101086
400377432;(А)Тортовница АРХИМЕД Р2180;4690449047412
400517758;(А)Тостер FuturoHome FT-80B черный;4657821647820
401166715;(А)Тостер FuturoHome FT-80I Iv;4657821647837
401166715;(А)Тостер FuturoHome FT-80I Iv;4657821647837
401152041;(А)Тостер Galaxy LINE GL2908 Wh;4650067306780
4258444;(А)Тостер Gorenje T1000E;2000425844416
4258444;(А)Тостер Gorenje T1000E;2000425844416
4258876;(А)Тостер Gorenje T800DB;2000425887611
4258443;(А)Тостер Gorenje T850BK;2000425844317
4258443;(А)Тостер Gorenje T850BK;2000425844317
4258874;(А)Тостер Gorenje T850DPB;2000425887413
4258875;(А)Тостер Gorenje T850DPW;2000425887512
4258492;(А)Тостер Gorenje T850WE;2000425849220
4258492;(А)Тостер Gorenje T850WE;2000425849220
400623900;(А)Тостер Redmond RT-437 Bl;5055323657634
400623888;(А)Тостер Redmond RT-437 Wh;5055323656798
400495693;(А)Тостер Redmond T900;5055323648267
400495726;(А)Тостер Redmond T901;5055323654459
400495884;(А)Тостер Redmond T902;5055323656859
400496025;(А)Тостер Redmond T905;5055323658242
400946944;(А)Тостер Redmond T906 серый;5055323658228
400946944;(А)Тостер Redmond T906 серый;5055323658228
400683721;(А)Тостер Redmond T910 Lt/B;5055323666858
400790822;(А)Тостер Redmond T911 белый;5055323669989
400781417;(А)Тостер Redmond T911 черный;5055323670008
401153387;(А)Тостер Redmond T912 Bl;5055323670046
401153075;(А)Тостер Redmond T912 Wh;5055323670022
400480933;(А)Тостер Rombica RTS-003;2040048093310
401275850;(А)Точилка ATTRIBUTE APK016;4660132108973
400603192;(А)Трим. Dreame AG01B;6978515259692
401624490;(А)Триммер Dreame AG01A;6978515259876
401359775;(А)Триммер GA.МА GM6029;8023277176652
400555303;(А)Триммер Redmond HT4801 Черный;5055323658068
400555366;(А)Триммер Redmond HT4804 Черный;5055323663376
400519434;(А)Триммер WEASTRO SHNE-077W;6974099678317
400773653;(А)У/корм. Redmond PC5400S;5055323661594
400764480;(А)У/корм. Redmond PC5401S;5055323661617
400764468;(А)У/корм. Redmond PC5402S;5055323661631
401056003;(А)Удл. Artstyle CL-C23GSW;4650293492325
400746252;(А)Удл. Artstyle CL-C315W;4650293491861
401055190;(А)Удл. Artstyle CL-C33B;4650293492448
400746810;(А)Удл. Artstyle CL-C33GSW;4650293491885
401056068;(А)Удл. Artstyle CL-C33GW;4650293492349
401057165;(А)Удл. Artstyle CL-C35GW;4650293492363
401055888;(А)Удл. Artstyle CL-C37B;4650293492462
401057231;(А)Удл. Artstyle CL-C37GW;4650293492387
401057356;(А)Удл. Artstyle CL-C43GSW;4650293492400
401056152;(А)Удл. Artstyle CL-C63GSW;4650293492424
400501212;(А)Удл. Defender 99433;4745090827651
400501213;(А)Удл. Defender 99434;4745090827668
400501214;(А)Удл. Defender 99435;4745090827675
400542719;(А)Удл. Defender 99481;4712279994817
400540665;(А)Удл. Defender 99482;4712279994824
400540666;(А)Удл. Defender 99483;4712279994831
400542720;(А)Удл. Defender 99485;4712279994855
400512688;(А)Удл. Defender 99486;4712279994862
400501215;(А)Удл. Defender 99630;4745090827842
400501216;(А)Удл. Defender 99631;4745090827859
400643267;(А)Удл. Онлайт 90 803;4650230908032
400643278;(А)Удл. Онлайт 90 804;4650230908049
400643283;(А)Удл. Онлайт 90 807;4650230908070
4218813;(А)Уровень RGK ML-21;2000421881316
4172753;(А)Утюг Braun 12770008-SI7149WB;8021098000460
4203768;(А)Утюг BRAUN 12870021-IS7286BK;8021098001023
4203768;(А)Утюг BRAUN 12870021-IS7286BK;8021098001023
400212223;(А)Утюг Braun FI3124PU;8021098001900
400212223;(А)Утюг Braun FI3124PU;8021098001900
400472073;(А)Утюг Braun IS3255BL;8021098005496
400472073;(А)Утюг Braun IS3255BL;8021098005496
400472074;(А)Утюг Braun IS3257BK;8021098005502
400472074;(А)Утюг Braun IS3257BK;8021098005502
400472074;(А)Утюг Braun IS3257BK;8021098005502
400475079;(А)Утюг Braun IS7266VI;8021098002372
400475079;(А)Утюг Braun IS7266VI;8021098002372
400285912;(А)Утюг Braun SI5256BL;8021098003867
400285912;(А)Утюг Braun SI5256BL;8021098003867
400285912;(А)Утюг Braun SI5256BL;8021098003867
400286599;(А)Утюг Braun SI5277GR;8021098003874
400286599;(А)Утюг Braun SI5277GR;8021098003874
400212255;(А)Утюг Braun SI9661VI;8021098002594
400212255;(А)Утюг Braun SI9661VI;8021098002594
400212255;(А)Утюг Braun SI9661VI;8021098002594
400212298;(А)Утюг Braun SI9682DB;8021098002938
400944201;(А)Утюг Brayer BR4001 фиолетовый;9120099337649
400468806;(А)Утюг Brayer BR4003GY;9120099332514
400509365;(А)Утюг Cadena IC793C;4620214142936
400424145;(А)Утюг Galaxy LINE GL 6137;4610264002403
400424070;(А)Утюг Galaxy LINE GL 6139;4610264002427
400424042;(А)Утюг Galaxy LINE GL 6140;4610264002434
400423899;(А)Утюг Galaxy LINE GL 6141;4610264002441
400397517;(А)Утюг Garlyn GT-220;4673759174405
400302099;(А)Утюг RED evolution RI-C25;5060982434731
400402316;(А)Утюг RED sol. C300;5060982437534
400467124;(А)Утюг RED sol. C301;5060982439798
400467124;(А)Утюг RED sol. C301;5060982439798
401032388;(А)Утюг RED sol. RSS-5909 белый;5060982431358
400492561;(А)Утюг Redmond IR1602;5055323657481
400492863;(А)Утюг Redmond IR1606;5055323657467
400492863;(А)Утюг Redmond IR1606;5055323657467
400492994;(А)Утюг Redmond IR1609;5055323657672
400492994;(А)Утюг Redmond IR1609;5055323657672
400587372;(А)Утюг Redmond IR1610;5055323657252
400586837;(А)Утюг Redmond RI-C262;5055323662065
400763853;(А)Утюг Redmond RI-C263 белый голубой;5055323660405
400763853;(А)Утюг Redmond RI-C263 белый голубой;5055323660405
400586852;(А)Утюг Redmond RI-C278;5055323663123
400586846;(А)Утюг Redmond RI-C280;5055323660443
400763870;(А)Утюг Redmond RI-C293 белый серый;5055323664151
400587422;(А)Утюг Redmond RSS-5908;5055323656033
400587422;(А)Утюг Redmond RSS-5908;5055323656033
400492309;(А)Утюг Redmond SS1622;5055323657597
400492309;(А)Утюг Redmond SS1622;5055323657597
400820387;(А)Утюг Redmond SS1623 белый;5055323662461
400820387;(А)Утюг Redmond SS1623 белый;5055323662461
400587381;(А)Утюг Redmond SS1624;5055323661433
400587381;(А)Утюг Redmond SS1624;5055323661433
400620766;(А)Ф/пресс BERGNER BG-38326-CP;6924691373899
400500785;(А)Ф/эпилятор Dreame D-1186;2040050078510
400943401;(А)Фен babyliss 6704E Bl;2040094340116
400943402;(А)Фен babyliss 6709DE Bl;2040094340215
400943405;(А)Фен babyliss 6714E Bl;2040094340512
400940197;(А)Фен babyliss AS136E серый/бежевый;2040094019715
400943389;(А)Фен babyliss AS82E Bl;2040094338915
400943396;(А)Фен babyliss AS952E Ro/Gl;2040094339615
400501831;(А)Фен Brayer BR3004;9120099337397
400501835;(А)Фен Brayer BR3133VT;9120099337373
400428880;(А)Фен Dewal Beauty HD1001-Grey;2040042888011
400511068;(А)Фен Dewal Beauty HD1002-Yellow;6900000569016
400881546;(А)Фен Dewal Beauty HD1005;6900000008270
400476988;(А)Фен Dreame AHD10 G;2040047698813
400476332;(А)Фен Dreame AHD12A Li;2040047633210
400476332;(А)Фен Dreame AHD12A Li;2040047633210
400476332;(А)Фен Dreame AHD12A Li;2040047633210
400476335;(А)Фен Dreame AHD12A P;2040047633517
400476333;(А)Фен Dreame AHD12A Wh;2040047633319
400476846;(А)Фен Dreame AHD18 Bl;2040047684618
400476846;(А)Фен Dreame AHD18 Bl;2040047684618
400481238;(А)Фен Dreame AHD18 Gl;2040048123819
400481209;(А)Фен Dreame AHD18 Wh;2040048120917
400476025;(А)Фен Dreame AHD51 Sp/Gr;2040047602513
400476026;(А)Фен Dreame AHD51 Ti/Gl;2040047602612
400476026;(А)Фен Dreame AHD51 Ti/Gl;2040047602612
400476026;(А)Фен Dreame AHD51 Ti/Gl;2040047602612
400477835;(А)Фен Dreame AHD52 Li;2040047783519
400481653;(А)Фен Dreame AHG11A B;2040048165314
400481652;(А)Фен Dreame AHG11A G;2040048165215
400481650;(А)Фен Dreame AHG11A Li;2040048165017
400481657;(А)Фен Dreame AHG11A P;2040048165710
400476851;(А)Фен Dreame AHG11A Wh;2040047685110
400477827;(А)Фен Dreame AZD20A Da/Ti;2040047782710
400477827;(А)Фен Dreame AZD20A Da/Ti;2040047782710
400477827;(А)Фен Dreame AZD20A Da/Ti;2040047782710
401704390;(А)Фен Dreame AZP20A P;6979181923382
401704390;(А)Фен Dreame AZP20A P;6979181923382
401704390;(А)Фен Dreame AZP20A P;6979181923382
401704390;(А)Фен Dreame AZP20A P;6979181923382
400483216;(А)Фен Dreame Gusto High-speed Gl;6978515252280
400483216;(А)Фен Dreame Gusto High-speed Gl;6978515252280
400483213;(А)Фен Dreame Miracle Pro High-speed Gl;6978515250699
400483213;(А)Фен Dreame Miracle Pro High-speed Gl;6978515250699
400341458;(А)Фен Galaxy LINE GL 4364;4610264002496
400339154;(А)Фен Galaxy LINE GL 4413;4610092017266
400439086;(А)Фен RED SOLUTION F530;5060982436469
400439086;(А)Фен RED SOLUTION F530;5060982436469
400481111;(А)Фен RED SOLUTION F570;5060982437695
400481113;(А)Фен RED SOLUTION F571;5060982437718
400623592;(А)Фен Redmond HD1700;5055323657047
400557243;(А)Фен Redmond HD1700 Gr;5055323649004
400557020;(А)Фен Redmond HD1700 R;5055323649028
400494774;(А)Фен Redmond HD1703 Bl/Wh;5055323649820
400494762;(А)Фен Redmond HD1703 Gr/Wh;5055323649868
400607550;(А)Фен Redmond HD1704;5055323651809
400536271;(А)Фен Redmond HD1704 Gr;5055323651823
400536160;(А)Фен Redmond HD1705, Фиолетовый;5055323657719
400495580;(А)Фен Redmond HD1706;5055323666087
400536063;(А)Фен Redmond HD1707, Бежевый;5055323665806
400536948;(А)Фен Redmond HD1708 Gr;5055323668425
400536832;(А)Фен Redmond HD1708 P;5055323668548
400536246;(А)Фен Redmond RF-538;5055323655395
400495587;(А)Фен Redmond RF-CB526;5055323660771
400495608;(А)Фен-стайлер Redmond HD1729;5055323665561
400495615;(А)Фен-щетка Redmond HD1730;5055323664380
4208664;(А)Фильтр DL DLSC002;8004399027336
400138314;(А)Фильтр Philips AWP2936BLT;4897099304074
400137718;(А)Фильтр Philips AWP2936WHT;4897099302513
400138317;(А)Фильтр Philips AWP2938GNT;4897099302568
400138315;(А)Фильтр Philips AWP2938WHT;4897099302551
400473539;(А)Фильтр RED sol. FC1D;5060982437633
400473546;(А)Фильтр RED sol. FC1H;5060982437619
400473628;(А)Фильтр RED sol. FV1G;5060982439620
400474535;(А)Фильтр RED sol. FV4S;5061061573266
400473632;(А)Фильтр RED sol. FV6E;5060982437671
400571280;(А)Фильтр Zumman 3012;4610086278192
400569333;(А)Фильтр Zumman 3014;4610086278215
400571286;(А)Фильтр Zumman 3015;4610086278222
400531999;(А)Фильтр Zumman FV-2A;4610086278048
400531988;(А)Фильтр Zumman FV-2B;4610086278000
400154587;(А)Фильтр Гейзер 16024 Wh;4607056508113
400154589;(А)Фильтр Гейзер 16026 Wh;4607056508816
400154595;(А)Фильтр Гейзер 62035 B;4607056505617
400154597;(А)Фильтр Гейзер 62035 Li;4607056505655
400154601;(А)Фильтр Гейзер 62043 G;4607056506539
400154599;(А)Фильтр Гейзер 62043 Gp;4607056506546
400154592;(А)Фильтр Гейзер 62046 B;4607056507048
400154594;(А)Фильтр Гейзер 62046 Li;4607056507086
400432431;(А)Фильтр Гейзер 66030;4660043710784
400438605;(А)Фильтр Гейзер 66032;4660043714874
400159991;(А)Фильтр Гейзер Аквариус B;2040015999119
400157413;(А)Фильтр Гейзер Аквариус Wh;2040015741312
400144525;(А)Фильтр Гейзер Оптима Старт;4660043714812
400143529;(А)Фильтр Гейзер Смарт Макс Био;4660043712504
400938854;(А)Фит-бр. Huawei 55020GVE;2040093885410
400938839;(А)Фит-бр. Huawei 55020GVF;2040093883911
400620781;(А)Фит-бр. Xiaomi BHR8710GL;2040062078119
400620784;(А)Фит-бр. Xiaomi BHR8714GL;2040062078416
400620783;(А)Фит-бр. Xiaomi BHR8715GL;2040062078317
400523597;(А)Фит-бр. Xiaomi Smart Band 10 Gl S;2040052359716
400523595;(А)Фит-бр. Xiaomi Smart Band 10 Mn Bl;2040052359518
400523601;(А)Фит-бр. Xiaomi Smart Band 10 Pe Wh;2040052360118
401418429;(А)Форма ATTRIBUTE ABM059;4660132119764
401275858;(А)Форма ATTRIBUTE ABS016;4660132119672
400412288;(А)Форма Axon B-201;2040041228818
400412245;(А)Форма AXON В-101;2040041224513
400412260;(А)Форма AXON В-103;2040041226012
400412280;(А)Форма Axon В-105;2040041228016
401906643;(А)Форма Luminarc TRIANON 37х29см;0883314839500
401418431;(А)Форма Luminarc V6361;0883314933338
401157779;(А)Форма Luminarc X1625;0883314074147
401418427;(А)Форма Luminarc X1627;0883314074215
401418428;(А)Форма Pyrex 240P002/7044;3426470281744
401423736;(А)Форма Pyrex 243P000;3137610000728
401418435;(А)Форма Pyrex 346B-241B/R;4660132134002
401418432;(А)Форма Pyrex 400B000/7046;3426470268653
401418434;(А)Форма Pyrex 459BC/SB;4660132149815
401423737;(А)Форма Pyrex 813B000/7046;3137610000766
401418433;(А)Форма Pyrex 833B000/8044;3137610000865
400436071;(А)Форма МультиДом 68.1375;4610119942113
400436073;(А)Форма МультиДом 68.1376;4610119942144
400436152;(А)Форма МультиДом 68.1377;4610119942168
400501253;(А)Хаб Hama 200117;4047443458070
400692409;(А)Ч/ср. Defender CLN 30320;4019114303200
400542855;(А)Ч/ср. Defender CLN30588;4714033305884
400542854;(А)Ч/ср. Defender CLN30589;4714033305891
4208663;(А)Ч/ср. DL DLSC500;8004399027329
400519394;(А)Ч/ср. Maunf. MVM450BDL;4660248018586
400493597;(А)Ч/ср. Maunfeld MVM450BC;4660248017565
400493646;(А)Ч/ср. Maunfeld MVM450PB;4660248017558
400497884;(А)Ч/ср. Sanita 24869;4602984023615
400497885;(А)Ч/ср. Sanita 24870;4602984023639
400499992;(А)Ч/ср. Sanita 25761;4602984025565
400499991;(А)Ч/ср. Sanita 26270;4602984026418
400523149;(А)Ч/ср. WiMAX CS-SP-M;4650061093976
400362061;(А)Ч/ср. WONDER LAB WL1100LSC40N-V(ЧЗ);2042762520622
400763876;(А)Ч/ср. WONDER LAB WL500GCG11N-ЧЗ;4680068934316
400362053;(А)Ч/ср. WONDER LAB WL550SCS21N-V(ЧЗ);2034656255628
400481136;(А)Ч/ср. WONDER LAB WL750BLR5N-ЧЗ;4680068933593
400532088;(А)Ч/ср. Zumman IR1;4610086278079
400781128;(А)Чайник ARS HOME F-207 черный/серый;2040078112814
401375482;(А)Чайник ATTRIBUTE ASD004;4660132127684
401375496;(А)Чайник ATTRIBUTE ASS311;4660132117142
400779764;(А)Чайник Axon C-121 черный;2040077976417
400620795;(А)Чайник BERGNER BG-37305-MM;6924691353846
400620777;(А)Чайник BERGNER BG-37307-CP;6924691373875
400282930;(А)Чайник RED sol. RK-G194 Bl;5060982437831
400282930;(А)Чайник RED sol. RK-G194 Bl;5060982437831
400302408;(А)Чайник RED sol. RK-M157 Gr;5060982439149
400302408;(А)Чайник RED sol. RK-M157 Gr;5060982439149
400302408;(А)Чайник RED sol. RK-M157 Gr;5060982439149
400550079;(А)Чаша RED sol. MBC53;5061061573143
400684776;(А)Чехол Krutoff 659099 прозрачный;2009733704948
400742027;(А)Чехол Krutoff 659100;2009733704955
400743058;(А)Чехол Krutoff 659110;2009733705051
400744213;(А)Чехол Krutoff 742988;2009734564879
400743083;(А)Чехол Krutoff 742989;2009734564886
400744064;(А)Чехол Krutoff 742993;2009734564923
400746255;(А)Чехол Krutoff 743011;2009733071729
400746119;(А)Чехол Krutoff 743012;2009734565081
400746228;(А)Чехол Krutoff 743016;2009734565128
400508175;(А)Чехол RIVACASE 3017 черный;4260709016634
400362669;(А)Чехол UBBO RCCWM-SGQ23-B;4650061093662
400362071;(А)Шампунь WONDER LAB WL540SPO24BP-V(ЧЗ);4680068932473
400874004;(А)Шв.маш. Minerva Horizon R белая;4657783690209
400386411;(А)Шейвер Shave DEWAL BEAUTY HS1001-Blue;2040038641118
4236453;(А)Штанга Oasis TB-150P;4670222800601
4214981;(А)Штанга Oasis TB-2500P (2/2);4640130926113
4235899;(А)Штанга Oasis TB-90P;4670222800595
401241183;(А)Шумовка Atlantis D1333;5606912003761
400621062;(А)Щипцы MASTERPRO BGMP-5458;6924691305746
400385051;(А)Э/бритва Dewal Beauty HS1002FF-Blue;6900000643150
400385047;(А)Э/бритва Dewal Beauty HS1002FT-Blue;6900000643167
400495626;(А)Э/Бритва Dewal Beauty HS9020;6900000643426
401437209;(А)Э/бритва Dreame AS01A;6978515257674
401291235;(А)Э/бритва NDCare MS02 Mn/Bl;4680180105830
400554659;(А)Э/бритва Redmond S4900 Серый;5055323663437
400554699;(А)Э/бритва Redmond S4900 Синий;5055323662546
400554702;(А)Э/бритва Redmond S4901 Черный;5055323662560
400555135;(А)Э/бритва Redmond S4902 Серый;5055323663390
400555262;(А)Э/бритва Redmond S4903 Черный;5055323664267
400348947;(А)Э/гриль RED evolution RGM-M81;5060982434519
400744538;(А)Э/мельничка Redmond CR2700 Gr;5055323657122
400496960;(А)Э/мельничка Redmond CR2701;5055323661051
400496960;(А)Э/мельничка Redmond CR2701;5055323661051
400746803;(А)Э/мельничка Redmond RCR-3824 St;5055323654978
400746803;(А)Э/мельничка Redmond RCR-3824 St;5055323654978
401282741;(А)Э/Мухобойка Четыре сезона 70-0410-F;4601004329041
400560734;(А)Э/щетка CS Medica CS-232 Bl;2040056073410
400560772;(А)Э/щетка CS Medica CS-232 Lm;2040056077210
400560771;(А)Э/щетка CS Medica CS-232 P;2040056077111
401172880;(А)Э/щетка Longa Vita FR-02 Bl;4680013670795
400509381;(А)Э/щетка Longa Vita FR-03;4680013670573
401172934;(А)Э/щетка Longa Vita FR-04 Wh;4680013670801
400510919;(А)Э/щетка Longa Vita FR-05;4680013670580
400514058;(А)Э/щетка Longa Vita UltraMax Bl;4603777671006
400514045;(А)Э/щетка Longa Vita UltraMax P;4603777671013
400556811;(А)Э/щетка Redmond TB4601 Bl;5055323659812
400556802;(А)Э/щетка Redmond TB4601 Gr;5055323659799
400556737;(А)Э/щетка Redmond TB4601 Wh;5055323659775
400556826;(А)Э/щетка Redmond TB4602 B;5055323659850
400556996;(А)Э/щетка Redmond TB4602 Bl;5055323659874
400556818;(А)Э/щетка Redmond TB4602 Wh;5055323659836
400943384;(А)Э/щипцы babyliss 2165CE Bl;2040094338410
400501930;(А)Э/щипцы Brayer BR3201;9120099337380
400604132;(А)Э/щипцы Brayer BR3211;9120099336628
400604132;(А)Э/щипцы Brayer BR3211;9120099336628
400501943;(А)Э/щипцы Brayer BR3331BK;9120099337410
400608252;(А)Э/щипцы Brayer BR3340;9120099336635
400512230;(А)Э/щипцы Dewal Beauty HI2025;2040051223018
400512021;(А)Э/щипцы Dewal Beauty HI2060;2040051202112
400512046;(А)Э/щипцы Dewal Beauty HI2060W;2040051204611
400511114;(А)Э/щипцы Dewal Beauty HI2070-Aqua;2040051111414
400512258;(А)Э/щипцы Dewal Beauty HI3032;2040051225814
400483214;(А)Э/щипцы Dreame AMA10A AeroStraight Gl;6978515250620
400338519;(А)Э/щипцы Galaxy LINE GL 4517;4610092019819
400466767;(А)Э/щипцы Galaxy LINE GL 4526 Bl;4610264002533
400421685;(А)Э/щипцы Galaxy LINE GL 4643 Bl;4610264000690
400338647;(А)Э/щипцы Galaxy LINE GL 4649;4610092019765
400467210;(А)Э/щипцы RED sol. CI2355;5060982436445
400302615;(А)Э/щипцы RED solution RCI-237;5060982439026
400536144;(А)Э/щипцы Redmond HC1726;5055323664854
400537166;(А)Э/щипцы Redmond HS1713;5055323665035
400536260;(А)Э/щипцы Redmond HS1718;5055323660528
400536690;(А)Э/щипцы Redmond HS1719;5055323652318
400536704;(А)Э/щипцы Redmond HS1722;5055323661570
400495619;(А)Э/щипцы Redmond HS1723;5055323658303
400536062;(А)Э/щипцы Redmond HS1725;5055323663611
400536114;(А)Э/щипцы Redmond HS1728;5055323664540
400538001;(А)Э/щипцы Redmond RCI-2317;5055323659096
400600994;(А)Э/щипцы Redmond RCI-2332;5055323666834
400481413;(А)Э/щипцы Rombica RMZS-001;8886482525284
400514511;(А)Э/щипцы WEASTRO CS-228;6974099758972
400517045;(А)Э/щипцы WEASTRO Hair Curler 9мм;6974099758934
400514523;(А)Э/щипцы WEASTRO HCT-008-LCD;6974099653512
400273540;(А)Электрогриль Garlyn GL-300;4603809717498
400746834;(А)ЭП RED sol. IC031 Bl;5061061570357
400727943;(А)ЭП Redmond IC2002 Bl;5055323666193
400514097;(А)ЭЧ BQ KT1700G Bl/S;2040051409719
400514091;(А)ЭЧ BQ KT1720P Wh;2040051409115
400501490;(А)ЭЧ Brayer BR1077;9120099337298
400501490;(А)ЭЧ Brayer BR1077;9120099337298
400501494;(А)ЭЧ Brayer BR1078;9120099337304
400501494;(А)ЭЧ Brayer BR1078;9120099337304
400468755;(А)ЭЧ Brayer BR6100;9120099335867
400468755;(А)ЭЧ Brayer BR6100;9120099335867
400468755;(А)ЭЧ Brayer BR6100;9120099335867
400503603;(А)ЭЧ Brayer BR6109;204005036031854922
400502034;(А)ЭЧ Cadena KC501G;4620214140468
400502034;(А)ЭЧ Cadena KC501G;4620214140468
400502035;(А)ЭЧ Cadena KC531M;4620214140482
400502035;(А)ЭЧ Cadena KC531M;4620214140482
400502035;(А)ЭЧ Cadena KC531M;4620214140482
400518037;(А)ЭЧ FuturoHome MTR KG-100S черный;4657821646830
400519817;(А)ЭЧ FuturoHome MTR KP-601B черный;4657821647172
400490214;(А)ЭЧ Galaxy LINE GL 0331 Gr;4610092016146
400490349;(А)ЭЧ Galaxy LINE GL 0365;4610264006463
400490349;(А)ЭЧ Galaxy LINE GL 0365;4610264006463
400490349;(А)ЭЧ Galaxy LINE GL 0365;4610264006463
400490349;(А)ЭЧ Galaxy LINE GL 0365;4610264006463
400491740;(А)ЭЧ Galaxy LINE GL 0565 Bl;4610264006616
400491740;(А)ЭЧ Galaxy LINE GL 0565 Bl;4610264006616
400491740;(А)ЭЧ Galaxy LINE GL 0565 Bl;4610264006616
401052040;(А)ЭЧ GALAXY LINE GL0369;4610264007903
401055979;(А)ЭЧ GALAXY LINE GL0558 Bl;4610092011561
401055979;(А)ЭЧ GALAXY LINE GL0558 Bl;4610092011561
401055979;(А)ЭЧ GALAXY LINE GL0558 Bl;4610092011561
4258648;(А)ЭЧ Gorenje K15DWBK;2000425864810
4258648;(А)ЭЧ Gorenje K15DWBK;2000425864810
4258648;(А)ЭЧ Gorenje K15DWBK;2000425864810
4258648;(А)ЭЧ Gorenje K15DWBK;2000425864810
4258647;(А)ЭЧ Gorenje K15DWW;2000425864711
4258647;(А)ЭЧ Gorenje K15DWW;2000425864711
4258647;(А)ЭЧ Gorenje K15DWW;2000425864711
4258873;(А)ЭЧ Gorenje K17BKS;2000425887314
4258873;(А)ЭЧ Gorenje K17BKS;2000425887314
4258873;(А)ЭЧ Gorenje K17BKS;2000425887314
4258871;(А)ЭЧ Gorenje K17DPB;2000425887116
4258871;(А)ЭЧ Gorenje K17DPB;2000425887116
4258872;(А)ЭЧ Gorenje K17DPW;2000425887215
4258872;(А)ЭЧ Gorenje K17DPW;2000425887215
4259156;(А)ЭЧ Gorenje K17DS;2000425915611
4259156;(А)ЭЧ Gorenje K17DS;2000425915611
4259156;(А)ЭЧ Gorenje K17DS;2000425915611
4258646;(А)ЭЧ Gorenje K17DWD;2000425864612
4258645;(А)ЭЧ Gorenje K17GED;2000425864513
4258645;(А)ЭЧ Gorenje K17GED;2000425864513
4258645;(А)ЭЧ Gorenje K17GED;2000425864513
4258851;(А)ЭЧ Gorenje K17TRG;2000425885112
4258851;(А)ЭЧ Gorenje K17TRG;2000425885112
4259155;(А)ЭЧ Gorenje K17WE;2000425915512
4259155;(А)ЭЧ Gorenje K17WE;2000425915512
4269800;(А)ЭЧ Midea MK-8008;693996277331565284
4269800;(А)ЭЧ Midea MK-8008;693996277331565284
4269776;(А)ЭЧ Midea MK-8016;693996276335465284
4269777;(А)ЭЧ Midea MK-8020;693996276321765284
4269777;(А)ЭЧ Midea MK-8020;693996276321765284
400496789;(А)ЭЧ NDTech EK019;4630598770229
400496789;(А)ЭЧ NDTech EK019;4630598770229
400496793;(А)ЭЧ NDTech EK082 Gr;4630598770250
400496793;(А)ЭЧ NDTech EK082 Gr;4630598770250
400496792;(А)ЭЧ NDTech EK082 белый;4630598770243
400496792;(А)ЭЧ NDTech EK082 белый;4630598770243
400496790;(А)ЭЧ NDTech EK6017 белый;4630598770205
400496791;(А)ЭЧ NDTech EK6017 черный;4630598770212
400496791;(А)ЭЧ NDTech EK6017 черный;4630598770212
401033907;(А)ЭЧ RED sol. AG118D Wh;5061061574157
401033907;(А)ЭЧ RED sol. AG118D Wh;5061061574157
400775292;(А)ЭЧ RED sol. G1300D черный;5061061574133
400775292;(А)ЭЧ RED sol. G1300D черный;5061061574133
401784451;(А)ЭЧ RED sol. KM115 Gr;5061061571644
400430068;(А)ЭЧ RED SOLUTION COLORSENSE AM108D;5060982439668
400430068;(А)ЭЧ RED SOLUTION COLORSENSE AM108D;5060982439668
400430068;(А)ЭЧ RED SOLUTION COLORSENSE AM108D;5060982439668
400430069;(А)ЭЧ RED SOLUTION G121;5061061570296
400430069;(А)ЭЧ RED SOLUTION G121;5061061570296
400430069;(А)ЭЧ RED SOLUTION G121;5061061570296
400494711;(А)ЭЧ Redmond KG220;5055323652875
400494711;(А)ЭЧ Redmond KG220;5055323652875
400494711;(А)ЭЧ Redmond KG220;5055323652875
400764013;(А)ЭЧ Redmond KG228 стальной;5055323651960
400764013;(А)ЭЧ Redmond KG228 стальной;5055323651960
400764013;(А)ЭЧ Redmond KG228 стальной;5055323651960
400494776;(А)ЭЧ Redmond KG252;5055323652226
400683250;(А)ЭЧ Redmond KG254 Bl;5055323654657
400683250;(А)ЭЧ Redmond KG254 Bl;5055323654657
400683250;(А)ЭЧ Redmond KG254 Bl;5055323654657
400683250;(А)ЭЧ Redmond KG254 Bl;5055323654657
400683250;(А)ЭЧ Redmond KG254 Bl;5055323654657
400683089;(А)ЭЧ Redmond KG254 Wh;5055323654695
400683089;(А)ЭЧ Redmond KG254 Wh;5055323654695
400495840;(А)ЭЧ Redmond KG258S Bl;5055323663413
400495838;(А)ЭЧ Redmond KG258S Wh;5055323663314
400643448;(А)ЭЧ Redmond KG259S Bl;5055323666872
400494787;(А)ЭЧ Redmond KG270;5055323655531
400494787;(А)ЭЧ Redmond KG270;5055323655531
400494797;(А)ЭЧ Redmond KG272 белый;5055323665363
400495703;(А)ЭЧ Redmond KG272 черный;5055323665387
400495703;(А)ЭЧ Redmond KG272 черный;5055323665387
400624533;(А)ЭЧ Redmond KG273 Be;5055323665448
400624533;(А)ЭЧ Redmond KG273 Be;5055323665448
400624572;(А)ЭЧ Redmond KG273 Bl;5055323665424
400624556;(А)ЭЧ Redmond KG273 Wh;5055323665400
400495929;(А)ЭЧ Redmond KM231S Bl/Mat;5055323652141
400495929;(А)ЭЧ Redmond KM231S Bl/Mat;5055323652141
400495929;(А)ЭЧ Redmond KM231S Bl/Mat;5055323652141
400627058;(А)ЭЧ Redmond KM231S Gr;5055323653810
400495916;(А)ЭЧ Redmond KM231S Wh/Mat;5055323649264
400648596;(А)ЭЧ Redmond KM241;5055323653131
400648596;(А)ЭЧ Redmond KM241;5055323653131
400624604;(А)ЭЧ Redmond KM243 Bl;5055323666759
400624604;(А)ЭЧ Redmond KM243 Bl;5055323666759
400624594;(А)ЭЧ Redmond KM243 Wh;5055323656576
400495710;(А)ЭЧ Redmond KM244 коричневый;5055323661075
400495733;(А)ЭЧ Redmond KM244 серый;5055323657108
400495733;(А)ЭЧ Redmond KM244 серый;5055323657108
400495733;(А)ЭЧ Redmond KM244 серый;5055323657108
400495737;(А)ЭЧ Redmond KM244 черный;5055323655814
400495743;(А)ЭЧ Redmond KM245 белый матовый;5055323662744
400495743;(А)ЭЧ Redmond KM245 белый матовый;5055323662744
400495771;(А)ЭЧ Redmond KM245 черный матовый;5055323662768
400683294;(А)ЭЧ Redmond RK-G1310D Bl/S;5055323656590
400683278;(А)ЭЧ Redmond RK-G196 Bl;5055323656613
400683278;(А)ЭЧ Redmond RK-G196 Bl;5055323656613
400627028;(А)ЭЧ Redmond RK-M158 Bl;5055323657733
400627028;(А)ЭЧ Redmond RK-M158 Bl;5055323657733
400627028;(А)ЭЧ Redmond RK-M158 Bl;5055323657733
400627028;(А)ЭЧ Redmond RK-M158 Bl;5055323657733
400627028;(А)ЭЧ Redmond RK-M158 Bl;5055323657733
400683368;(А)ЭЧ Redmond RK-M162 Be;5055323660979
400683368;(А)ЭЧ Redmond RK-M162 Be;5055323660979
400495700;(А)ЭЧ Rombica KE-0003;8886482526274
4269913;(А)ЭЧ Toshiba KT-17DRURU(K);693671833254365284
400809001;(А)ЭЧ Бриз ЕС 66;4607159825650
400809001;(А)ЭЧ Бриз ЕС 66;4607159825650
400809001;(А)ЭЧ Бриз ЕС 66;4607159825650
400809565;(А)ЭЧ Бриз ЕС 71;4607159825643
400809565;(А)ЭЧ Бриз ЕС 71;4607159825643
400809565;(А)ЭЧ Бриз ЕС 71;4607159825643
400809565;(А)ЭЧ Бриз ЕС 71;4607159825643
400809565;(А)ЭЧ Бриз ЕС 71;4607159825643
400502036;(А)ЭЧ Триколор KT521G;4620214140772
400498131;(АИ)AS Sony HT-S100F;2040049813115
400480064;(АИ)ASP JBL PB Stage 320 JBLPBSTAGE320EP;2040048006419
400480064;(АИ)ASP JBL PB Stage 320 JBLPBSTAGE320EP;2040048006419
4320855;(АИ)MW LG MB65W65DIR;2000432085512
4320855;(АИ)MW LG MB65W65DIR;2000432085512
4320856;(АИ)MW LG MH6336GIB;2000432085611
4320856;(АИ)MW LG MH6336GIB;2000432085611
4320857;(АИ)MW LG MH63M38GISW;2000432085710
4320857;(АИ)MW LG MH63M38GISW;2000432085710
4320858;(АИ)MW LG MS2042DARB;2000432085819
4320858;(АИ)MW LG MS2042DARB;2000432085819
4320859;(АИ)MW LG MS2042DY;2000432085918
4322050;(АИ)MW LG MS2044V;2000432205019
4322050;(АИ)MW LG MS2044V;2000432205019
4322051;(АИ)MW LG MS2535GIS;2000432205118
4322051;(АИ)MW LG MS2535GIS;2000432205118
4322052;(АИ)MW LG MS2535GISH;2000432205217
4322052;(АИ)MW LG MS2535GISH;2000432205217
4322053;(АИ)MW LG MS2595DIS;2000432205316
4322053;(АИ)MW LG MS2595DIS;2000432205316
4257781;(АИ)NB Apple MacBook Air13 M1 8/256 Sp.G;2000425778124
4252654;(АИ)NB Apple MacBook Air13 M2 16/256 Mid;2000425265419
400918077;(АИ)NB Asus 90NB13X2-M00XR0;4711636435451
400918077;(АИ)NB Asus 90NB13X2-M00XR0;4711636435451
401212550;(АИ)NB ASUS E1504FA-BQ5275;4711636435437
400926398;(АИ)NB ASUS FX607VJB-RL204;4711636311250
401257836;(АИ)NB Asus FX608JHI-TU215 Gr;4711636482530
401257486;(АИ)NB Asus FX608JMI-TU252 Gr;4711636480499
401212344;(АИ)NB ASUS FX707VJB-HX099;4601636279745
400925293;(АИ)NB ASUS M1502NAQ-BQ264;4711636481908
400917432;(АИ)NB Asus M3607HA-RP047;2040091743217
400917432;(АИ)NB Asus M3607HA-RP047;2040091743217
400924787;(АИ)NB ASUS M3607KA-SH127;4711636481915
400650551;(АИ)NB Asus S3607VA-RP180 Gr;4711636435550
400650551;(АИ)NB Asus S3607VA-RP180 Gr;4711636435550
4254101;(АИ)NB Huawei 53013XFQ;2000425410116
401333746;(АИ)NB HUAWEI 53014QKV;2040133374614
401333439;(АИ)NB HUAWEI 53014QLC;2040133343917
401333329;(АИ)NB HUAWEI 53014QLH;2040133332911
401333308;(АИ)NB HUAWEI 53014QLJ;2040133330818
4281406;(АИ)NB Lenovo IP Sl 3 15IRH10 83K100VDIN;0199273037117
4281406;(АИ)NB Lenovo IP Sl 3 15IRH10 83K100VDIN;0199273037117
4281405;(АИ)NB Lenovo LOQ 15AHP10 83JG007PUS;2000428140522
4281408;(АИ)NB Lenovo LOQ 15IAX9E 83LK00C9US;0199271755037
4281408;(АИ)NB Lenovo LOQ 15IAX9E 83LK00C9US;0199271755037
4281409;(АИ)NB Lenovo LOQ 15IRX10 83JE00XAFU;0199272694540
4281409;(АИ)NB Lenovo LOQ 15IRX10 83JE00XAFU;0199272694540
4281404;(АИ)NB LenovoIP5 2IN1 14IAL10 83KR0047US;0199271472521
4253155;(АИ)PDA Ap.iPh.16 256GB Bl(без RuStore);2000425315510
4253159;(АИ)PDA Ap.iPh.16 256GB Te(без RuStore);2000425315916
4253159;(АИ)PDA Ap.iPh.16 256GB Te(без RuStore);2000425315916
4253157;(АИ)PDA Ap.iPh.16 256GB Um(без RuStore);2000425315718
4257315;(АИ)PDA Ap.iPh17 Pro 256GB Or без RuStor;2000425731518
4257316;(АИ)PDA Ap.iPh17 Pro 256GB S без RuStore;2000425731617
4257324;(АИ)PDA Ap.iPh17ProMax256GB Or безRuStor;2000425732416
4257835;(АИ)PDA Ap.iPh17ProMax256GB S безRuStore;2000425783517
4257814;(АИ)PDA Ap.iPhone16 256GB P без RuStore;2000425781414
4257814;(АИ)PDA Ap.iPhone16 256GB P без RuStore;2000425781414
400648552;(АИ)PDA Apple iP 17 MG6J4HN/A 256Gb Bl;2040064855213
401162732;(АИ)PDA Samsung A07 4/128Gb Bl;2040116273217
4278430;(АИ)PDA Samsung A07 LTE 4/64GB Bl;2000427843011
401521861;(АИ)PDA Samsung A17 4/128Gb Gray;2040152186113
401522405;(АИ)PDA Samsung A17 4/128Gb Light Blue;2040152240518
401439496;(АИ)PDA Samsung A17 8/256Gb Black;2040143949611
400827439;(АИ)PDA Samsung A37 8/128GB Chc;2040082743912
400825556;(АИ)PDA Samsung A37 8/128GB GrG;2040082555614
400827252;(АИ)PDA Samsung A37 8/128GB Lvd;2040082725215
400827465;(АИ)PDA Samsung A37 8/128GB Wh;2040082746517
400827670;(АИ)PDA Samsung A37 8/256GB Chc;2040082767017
400827550;(АИ)PDA Samsung A37 8/256GB GrG;2040082755014
400827651;(АИ)PDA Samsung A37 8/256GB Lvd;2040082765112
400827651;(АИ)PDA Samsung A37 8/256GB Lvd;2040082765112
400827808;(АИ)PDA Samsung A37 8/256GB Wh;2040082780818
400825719;(АИ)PDA Samsung A57 12/512GB Gr;2040082571911
400825838;(АИ)PDA Samsung A57 12/512GB Li;2040082583815
400824142;(АИ)PDA Samsung A57 12/512GB Na;2040082414218
400826958;(АИ)PDA Samsung A57 8/128GB Gr;2040082695815
400826000;(АИ)PDA Samsung A57 8/256GB Gr;2040082600017
400825782;(АИ)PDA Samsung A57 8/256GB Icyb;2040082578217
400827355;(АИ)PDA Samsung A57 8/256GB Li;2040082735511
400824148;(АИ)PDA Samsung A57 8/256GB Na;2040082414812
401522190;(АИ)PDA Samsung Galaxy A17 4/128Gb Bl;2040152219019
400836831;(АИ)PDA Samsung S25 FE 8/256GB Light Bl;2040083683118
400837520;(АИ)PDA Samsung S25 FE 8/256GB White;2040083752012
400836394;(АИ)PDA Samsung S25 FE 8/512GB Black;2040083639412
400823425;(АИ)PDA Samsung S25 FE 8/512GB Dark Blue;2040082342511
400836141;(АИ)PDA Samsung S25 FE 8/512GB Light Bl;2040083614112
400823394;(АИ)PDA Samsung S26 12/256GB Cb V;2040082339412
400809670;(АИ)PDA Samsung S26Ultra 12/256GB Black;2040080967013
400809697;(АИ)PDA Samsung S26Ultra 12/256GB Cb V;2040080969710
400809225;(АИ)PDA Samsung S26Ultra 12/512GB Black;2040080922517
400809612;(АИ)PDA Samsung S26Ultra 12/512GB Cb V;2040080961219
400809654;(АИ)PDA Samsung S26Ultra 12/512GB White;2040080965415
4254123;(АИ)PS JBL Clip 5 B;2000425412318
4254122;(АИ)PS JBL Clip 5 Bl;2000425412219
4254126;(АИ)PS JBL Clip 5 Cf;2000425412615
4254124;(АИ)PS JBL Clip 5 P;2000425412417
4254130;(АИ)PS JBL JBLCHARGE6BLK;2000425413018
4264225;(АИ)PS JBL JBLCHARGE6BLU;2000426422514
4254132;(АИ)PS JBL JBLCHARGE6SQUAD;2000425413216
4254127;(АИ)PS JBL JBLFLIP7BLK;2000425412714
4254128;(АИ)PS JBL JBLFLIP7BLU;2000425412813
4264224;(АИ)PS JBL JBLFLIP7PUR;2000426422415
4254129;(АИ)PS JBL JBLFLIP7SQUAD;2000425412912
4253335;(АИ)PS JBL JBLGO4BLK;2000425333514
401885805;(АИ)PS JBL JBLGO5BLK;2040188580510
401887005;(АИ)PS JBL JBLGO5SQUAD;2040188700512
4257279;(АИ)SW Apple S11 42mm S/M Jt Bl Black SB;2000425727917
4257283;(АИ)SW Apple S11 46mm M/L Jt Bl Black SB;2000425728310
4254718;(АИ)SW Apple S11 46mm M/L Jt Bl Black SB;2000425471810
4255000;(АИ)SW Apple SE 3 40mm S/M Midn SB;2000425500015
4255001;(АИ)SW Apple SE 3 40mm S/M Strl SB;2000425500114
4257288;(АИ)SW Apple SE 3 44mm M/L Midn SB;2000425728815
4255002;(АИ)SW Apple SE 3 44mm M/L Midn SB;2000425500213
4253333;(АИ)TC Apple 11 128GB WiFi B;2000425333316
4253333;(АИ)TC Apple 11 128GB WiFi B;2000425333316
4253334;(АИ)TC Apple 11 128GB WiFi S;2000425333415
4253334;(АИ)TC Apple 11 128GB WiFi S;2000425333415
4257864;(АИ)TC Apple iPad Pro13 M5 256 WiFi S.Bl;2000425786419
4279300;(АИ)TC Samsung SM-X130NZAECAU;2000427930018
4279302;(АИ)TC Samsung SM-X130NZSACAU;2000427930216
4279304;(АИ)TC Samsung SM-X130NZSECAU;2000427930414
4279282;(АИ)TC SamsungGal.Tab S10 SM-X400NZAECAU;2000427928213
4279290;(АИ)TC SamsungGal.Tab S10 SM-X406BZAACAU;2000427929012
400762939;(АИ)WebCam Logitech Webcam Brio 90 Gp;2040076293911
400763988;(АИ)WebCam Logitech Webcam C920E Black;2040076398814
400763975;(АИ)WebCam Logitech Webcams C270 Black;2040076397510
4322339;(АИ)АКБ Samsung EB-P3401XURGRU;2000432233920
4323150;(АИ)АКБ Samsung EB-P4520XUEGRU;2000432315015
400547357;(АИ)Аккум. JBL Battery 400;1200130013799
400602734;(АИ)Кабель Apple MUQ93;4680431298236
4278908;(АИ)Кабель Apple MUQ93;2000427890817
400600061;(АИ)Кабель Apple MW493;4680431298328
4278907;(АИ)Кабель Apple MW493;2000427890718
400603183;(АИ)Кабель Apple MYQT3Z;4680431298410
400600123;(АИ)Кабель Samsung EP-DX310 Bl;4680431298359
400600162;(АИ)Кабель Samsung EP-DX310 Wh;4680431298373
400600178;(АИ)Кабель Samsung EP-DX510 Wh;4680431298397
400764020;(АИ)Клав. Logitech K380 D/Gr;2040076402016
400764305;(АИ)Клав. Logitech K380 White;2040076430514
400764330;(АИ)Клав. Logitech MX Keys Gp;2040076433010
401282886;(АИ)Клав. Razer Ornata V3 X черный;2040128288612
401289223;(АИ)Ков. Razer Gigantus V2 Large черный;2040128922318
400764406;(АИ)Компл. Logitech MK235 Black;2040076440612
400764548;(АИ)Компл. Logitech MK270 Black;2040076454817
400764568;(АИ)Компл. Logitech MK540 Black;2040076456811
400764586;(АИ)Компл. Logitech MK850 Black;2040076458617
401069032;(АИ)Маш.д/волос PHILIPS NT3650/16 Gr;2040106903216
400488563;(АИ)Микрофон JBL JBLPBWIRELESSMIC;2040048856311
400770571;(АИ)Мышь Logitech G102 Lightsync Black;2040077057116
400770926;(АИ)Мышь Logitech G102 Lightsync Blue;2040077092612
400770927;(АИ)Мышь Logitech G102 Lightsync Lilac;2040077092711
400770929;(АИ)Мышь Logitech G102 Lightsync White;2040077092919
400770962;(АИ)Мышь Logitech G304 Lightspeed Black;2040077096214
400770956;(АИ)Мышь Logitech G304 Lightspeed White;2040077095613
400770956;(АИ)Мышь Logitech G304 Lightspeed White;2040077095613
400770931;(АИ)Мышь Logitech G403 HERO Black;2040077093114
400770939;(АИ)Мышь Logitech G502 HERO Black;2040077093916
400770970;(АИ)Мышь Logitech G703 Black;2040077097013
400770193;(АИ)Мышь Logitech M170 Gray/Black;2040077019312
400770194;(АИ)Мышь Logitech M185 Gray;2040077019411
400770195;(АИ)Мышь Logitech M220 Black;2040077019510
400770196;(АИ)Мышь Logitech M280 Black;2040077019619
400770381;(АИ)Мышь Logitech M705 Black;2040077038115
400770385;(АИ)Мышь Logitech M720 Triathlon Black;2040077038511
400770368;(АИ)Мышь Logitech Pebble M350 Gp;2040077036814
401284593;(АИ)Мышь Razer DeathAdder Essential бел;2040128459319
401284558;(АИ)Мышь Razer DeathAdder Essential чер;2040128455816
400764372;(АИ)Науш Logitech G PRO X Black;2040076437216
400763986;(АИ)Науш Logitech G Pro X Wireless Black;2040076398616
400763337;(АИ)Науш Logitech G321 Black;2040076333716
400763307;(АИ)Науш Logitech G321 White;2040076330715
400773638;(АИ)Науш Logitech G435 LightSpeed Black;2040077363811
400773671;(АИ)Науш Logitech G435 LightSpeed Blue;2040077367116
400773683;(АИ)Науш Logitech G435 LightSpeed Wh/Lil;2040077368311
4257106;(АИ)Науш. AirPods Pro 3gen USB-C;2000425710612
4257282;(АИ)Науш. AirPods Pro 3nd gen USB-C;2000425728211
4253317;(АИ)Науш. AirPodsPro 2nd gen USB-C MTJV3;2000425331718
4253319;(АИ)Науш. Apple 4 MXP63;2000425331916
4254135;(АИ)Науш. JBL JBLT110BLK;2000425413513
4254133;(АИ)Науш. JBL JBLT110BLU;2000425413315
400489340;(АИ)Науш. JBL JBLT135BTBLK;1200130026003
4264228;(АИ)Науш. JBL JBLT310CBLK;2000426422811
400578315;(АИ)Науш. JBL JBLT530BTBEGEU;1200130029998
4264230;(АИ)Науш. JBL JBLT530BTBLKEU;2000426423016
4264232;(АИ)Науш. JBL JBLT530BTBLUEU;2000426423214
400578319;(АИ)Науш. JBL JBLT530BTLAVEU;1200130030000
4264231;(АИ)Науш. JBL JBLT530BTWHTEU;2000426423115
4264233;(АИ)Науш. JBL JBLT730BTBLK;2000426423313
4264235;(АИ)Науш. JBL JBLT730BTBLU;2000426423511
4264234;(АИ)Науш. JBL JBLT730BTWHT;2000426423412
4281287;(АИ)Науш. JBL JBLT770NCBLK;2000428128711
4281286;(АИ)Науш. JBL JBLT770NCWHT;2000428128612
4281282;(АИ)Науш. JBL T720BTBLK;2000428128216
4254139;(АИ)Науш. JBL T720BTWHT;2000425413919
400611063;(АИ)Науш. JBL Tune 305C B;2040061106318
400608320;(АИ)Науш. JBL Tune 305C Bl;2040060832010
401288467;(АИ)Науш. Razer Blackshark V2 X белый;2040128846713
401286318;(АИ)Науш. Razer Blackshark V2 X зеленый;2040128631814
401287641;(АИ)Науш. Razer Blackshark V2 X черный;2040128764116
401288518;(АИ)Науш. Razer Kraken X Lite черный;2040128851816
4278323;(АИ)Науш. Samsung Galaxy Buds Core Wh;2000427832312
4278323;(АИ)Науш. Samsung Galaxy Buds Core Wh;2000427832312
4278320;(АИ)Науш. Samsung SM-R420NZAACIS;2000427832015
4278321;(АИ)Науш. Samsung SM-R420NZKACIS;2000427832114
4253545;(АИ)Науш. Sony MDR-EX15AP Bl;2000425354519
4254291;(АИ)Науш. Sony MDR-EX15AP Wh;2000425429118
4278326;(АИ)Науш.Samsung Buds 4 Black;2000427832619
4278324;(АИ)Науш.Samsung Buds 4 Pro Black;2000427832411
4278325;(АИ)Науш.Samsung Buds 4 Pro White;2000427832510
4278327;(АИ)Науш.Samsung Buds 4 White;2000427832718
4278322;(АИ)Науш.Samsung Galaxy Buds Core Bl;2000427832213
400600959;(АИ)СЗУ Apple A2347;4680431298304
4278762;(АИ)СЗУ Apple MD3J4;2000427876217
400603720;(АИ)СЗУ Samsung EP-T2510 Bl;4680431298434
400603201;(АИ)СЗУ Samsung EP-T2510 Wh;4680431298458
400603736;(АИ)СЗУ Samsung EP-T4511;4680431298472
400981875;(АИ)СЗУ Samsung EP-T6010 черное;4680431299844
4279117;(АИ)Стайлер Dyson HS08 176791-01;2000427911710
4279117;(АИ)Стайлер Dyson HS08 176791-01;2000427911710
4279116;(АИ)Стайлер Dyson HS08 533818-01;2000427911611
4279118;(АИ)Стайлер Dyson HS08 594804-01;2000427911826
4279118;(АИ)Стайлер Dyson HS08 594804-01;2000427911826
4270210;(АИ)Стайлер Dyson HS09 Ce/P/Ro/Gl;2000427021013
4322072;(АИ)Суш.маш. LG DC90V9V9WN;2000432207211
4280325;(АИ)Фен Dyson HD16 122522-01;2000428032520
4280325;(АИ)Фен Dyson HD16 122522-01;2000428032520
4280326;(АИ)Фен Dyson HD16 122656-01;2000428032629
4280326;(АИ)Фен Dyson HD16 122656-01;2000428032629
4280336;(АИ)Фен Dyson HD16 176975-01;2000428033626
4280336;(АИ)Фен Dyson HD16 176975-01;2000428033626
401069746;(АИ)Э/бритва Philips S5885/10;2040106974612
401070190;(АИ)Э/бритва Philips S5887/10;2040107019015
10034768;(В)CAM Prology CMX-230;2001003476814
10034772;(В)CAM Prology CMX-240;2001003477217
10035632;(В)DVR Navitel MR257 Bl;2001003563217
30081645;(В)PDA HONOR H90 8/256GB Midn/Bl;2003008164512
30097204;(В)PDA HONOR X7a Plus 6/128GB S;2003009720410
30077893;(В)PDA HUAWEI nova 11 8/256GB Gl;2003007789310
30077917;(В)PDA HUAWEI nova 11 pro 8/256GB Bl;2003007791719
30091965;(В)PDA HUAWEI nova 12s 8/256GB Wh;2003009196512
30079432;(В)PDA HUAWEI Nova 5T YAL-L21 Crush B;2003007943217
30075433;(В)PDA HUAWEI P60 8/256GB Black;2003007543318
30094902;(В)PDA Infinix HOT 30 8/128GB G;2003009490214
30087537;(В)PDA Infinix Hot 50 Pro 8/256GB Ti/Gr;2003008753716
30094597;(В)PDA realme C71 6/128GB G;2003009459716
30083295;(В)PDA realme GT 6T 12/256GB G;2003008329515
30081595;(В)PDA Samsung Galaxy S10E 6/128 Prism B;2003008159518
30093692;(В)PDA Tecno CAMON 30 5G 8/256GB Ba/Dk;2003009369213
30083273;(В)PDA Tecno CAMON 30 8/256GB Wh;2003008327313
30083244;(В)PDA Tecno SPARK 20 8/128GB Bl;2003008324411
30096831;(В)SW HUAWEI Watch Fit 3 P;2003009683111
30086738;(В)SW Samsung Watch4 44mm SM-R870 Bl;2003008673816
30092280;(В)TC HUAWEI Pro 13.2 PCE-W29 53013XRU G;2003009228015
50181066;(В)Науш. HIPER HTW-QTX10;2005018106612
30087379;"(И)AIO Lenovo BP.S300 23,8"" 16/512/Win";2003008737921
30088260;"(И)AIO Lenovo BP.S300 27"" 16/512/Win";2003008826021
20092309;(И)DW Hi HFD601308W;2002009230912
40079650;(И)GC Sony PS5 CFI-20(00/16) A01;0711719020813
40079650;(И)GC Sony PS5 CFI-20(00/16) A01;0711719020813
40078740;(И)GC Xbox Series X 1TB RRT;0196388146543
40079795;(И)GC Xbox Series X White 1TB Digital;0196388607457
40079690;(И)GP Sony CFI-ZCT1 Bl;0711719022398
40079042;(И)GP Sony CFI-ZCT1 Wh;0711719022367
40079047;(И)GP Xbox Wh;0889842611557
20092176;(И)JM Carrera №774;2002009217623
20087683;(И)JM Carrera №779;2002008768317
20087683;(И)JM Carrera №779;2002008768317
20094490;(И)JM Hi JE-03P01;2002009449017
10032692;(И)MC JBL Authentic 500;1200130000683
20087698;(И)MG Carrera  № 465;2002008769819
20087698;(И)MG Carrera  № 465;2002008769819
20087698;(И)MG Carrera  № 465;2002008769819
20087699;(И)MG Carrera № 454;2002008769918
20087699;(И)MG Carrera № 454;2002008769918
20087699;(И)MG Carrera № 454;2002008769918
20087681;(И)MG Carrera №564;2002008768119
20087681;(И)MG Carrera №564;2002008768119
20087681;(И)MG Carrera №564;2002008768119
20094980;(И)MG Hi HMG59;2002009498015
20094980;(И)MG Hi HMG59;2002009498015
20090027;(И)MW Hi M020B05;2002009002717
20086315;(И)MW LG MB65W65DIR;8806087318746
20086315;(И)MW LG MB65W65DIR;8806087318746
20083714;(И)MW LG MH6336GIB;2002008371418
20083714;(И)MW LG MH6336GIB;2002008371418
20089070;(И)MW LG MH63M38GISW;2002008907020
20086324;(И)MW LG MH6595CIS;2002008632410
20086324;(И)MW LG MH6595CIS;2002008632410
20086325;(И)MW LG MH6596CIT;2002008632519
20086325;(И)MW LG MH6596CIT;2002008632519
20086323;(И)MW LG MJ3965BIS;2002008632311
20085988;(И)MW LG MS2042DARB;2002008598815
20085988;(И)MW LG MS2042DARB;2002008598815
20083495;(И)MW LG MS2042DY;2002008349516
20083495;(И)MW LG MS2042DY;2002008349516
20082560;(И)MW LG MS2044V;2002008256012
20082560;(И)MW LG MS2044V;2002008256012
20082561;(И)MW LG MS2535GIS;2002008256111
20083716;(И)MW LG MS2535GISH;2002008371616
20083716;(И)MW LG MS2535GISH;2002008371616
20083717;(И)MW LG MS2595DIS;2002008371715
20083717;(И)MW LG MS2595DIS;2002008371715
20085989;(И)MW LG MW23D35GIH;2002008598914
20083046;(И)MW LG MW23W35GIB;2002008304614
20089041;(И)MW LG-MJ3966ACT;2002008904128
20089176;(И)MW Samsung MC32DG7646KKBW;8806095593272
20086799;(И)MW Samsung MG23T5018AG;2002008679910
20085571;(И)MW Samsung MS23F302TQK;2002008557119
30092216;(И)NB Acer Nitro V ANV15-52-57BB;2003009221627
30092216;(И)NB Acer Nitro V ANV15-52-57BB;2003009221627
400505345;(И)NB ASUS 90NR0MH1-M001T0;4711636095020
30092492;(И)NB ASUS M3607HA-RP209;2003009249225
30092491;(И)NB ASUS M3607HA-SH120;2003009249126
30092493;(И)NB ASUS X1704VA-AU981;2003009249324
30092427;(И)NB Huawei 53014MFP;2003009242721
30092421;(И)NB Huawei 53014MTK;2003009242127
30092426;(И)NB Huawei 53014MTV;2003009242622
30092430;(И)NB Huawei 53014MUB;2003009243025
30092424;(И)NB Huawei 53014NQD;2003009242424
30094167;(И)NB Huawei 53014QLE;2003009416726
30084029;(И)NB Huawei FLMH-X 53014HYD;2003008402928
30072073;(И)NB Huawei MateBook D 14 53014BRW;2003007207319
30072072;(И)NB Huawei MateBook D 16 53014BUY;2003007207210
30072066;(И)NB Huawei MateBook X PRO 53014ANN;2003007206619
30086333;(И)NB Huawei MCLG-X 53014HYG;2003008633322
400622333;(И)NB Lenovo 21MC000NUS;0198153286256
400622333;(И)NB Lenovo 21MC000NUS;0198153286256
400622331;(И)NB Lenovo 21ML0089US;0198154108861
400622331;(И)NB Lenovo 21ML0089US;0198154108861
400618988;(И)NB Lenovo 21SG000LAU;0198155886812
400618988;(И)NB Lenovo 21SG000LAU;0198155886812
400618987;(И)NB Lenovo 21SG00KEUS;0199272057109
400618987;(И)NB Lenovo 21SG00KEUS;0199272057109
400618993;(И)NB Lenovo 21SK0030GQ;0198156140623
400618993;(И)NB Lenovo 21SK0030GQ;0198156140623
400618989;(И)NB Lenovo 21SX006RGQ;0199271417706
400618989;(И)NB Lenovo 21SX006RGQ;0199271417706
400643254;(И)NB Lenovo 83DV01EQSA;0199273612918
400643123;(И)NB Lenovo 83FW0000US;0197531284471
30093321;(И)NB Samsung NP754XGK-LS3IN;2003009332125
30093321;(И)NB Samsung NP754XGK-LS3IN;2003009332125
30087045;(И)PDA Ap.iPh17 Pro 512GB B без RuStore;0195950628067
30087060;(И)PDA Ap.iPh17ProMax256GB B безRuStore;0195950639117
30087058;(И)PDA Ap.iPh17ProMax256GB Or безRuStore;0195950638912
30087059;(И)PDA Ap.iPh17ProMax256GB S безRuStore;0195950638714
30069422;(И)PDA Ap.iPhone 15 128GB B(без RuStore);0195949036446
30069430;(И)PDA Ap.iPhone 15 256GB B(без RuStore);0195949037344
30087003;(И)PDA Ap.iPhone 17 256GB B (без RuStore;0195950643848
30087001;(И)PDA Ap.iPhone 17 256GB Bl без RuStore;0195950643442
30087002;(И)PDA Ap.iPhone 17 256GB W (без RuStore;0195950643640
30093384;(И)PDA Ap.iPhone 17e 256GB Bl(безRu);0195951030463
30093386;(И)PDA Ap.iPhone 17e 256GB P(безRu);0195951030845
30093386;(И)PDA Ap.iPhone 17e 256GB P(безRu);0195951030845
30069420;(И)PDA Ap.iPhone15 128GB Bl(без RuStore);0195949035906
30074327;(И)PDA Ap.iPhone16 128GB Te(без RuStore);0195949821363
30074325;(И)PDA Ap.iPhone16 128GB Um(без RuStore);0195949822377
30074324;(И)PDA Ap.iPhone16 128GB Wh(без RuStore);0195949822018
30074328;(И)PDA Ap.iPhone16 256GB Bl(без RuStore);0195949822735
30080801;(И)PDA CAU Samsung A26 6/128GB Bl;8806097095972
30080803;(И)PDA CAU Samsung A26 6/128GB Mt;8806097096375
30080802;(И)PDA CAU Samsung A26 6/128GB Wh;8806097096610
30080804;(И)PDA CAU Samsung A26 8/256GB Bl;8806097095903
30080806;(И)PDA CAU Samsung A26 8/256GB Mt;8806097096238
30080805;(И)PDA CAU Samsung A26 8/256GB Wh;8806097096498
30080799;(И)PDA CAU Samsung A36 8/256GB Lm;8806097049340
30080785;(И)PDA CAU Samsung A56 8/128GB Bl;8806097056003
30080786;(И)PDA CAU Samsung A56 8/128GB Gr;8806097056539
30080788;(И)PDA CAU Samsung A56 8/128GB P;8806097053927
30079331;(И)PDA CAU Samsung S25 B (муляж);8806095846408
30079328;(И)PDA CAU Samsung S25 Mt DEMO;8806095869766
30079344;(И)PDA CAU Samsung S25 Ultra 12/256GB Gr;8806095871738
30079348;(И)PDA CAU Samsung S25 Ultra 12/512GB Gr;8806095871554
30079340;(И)PDA CAU Samsung S25 Ultra Bl (муляж);8806095846330
30079358;(И)PDA CAU Samsung S25+ 12/256GB B;8806095856506
30079362;(И)PDA CAU Samsung S25+ 12/512GB B;8806095856315
30079359;(И)PDA CAU Samsung S25+ 12/512GB Gr;8806095856476
30079361;(И)PDA CAU Samsung S25+ 12/512GB Lt/B;8806095855981
30079326;(И)PDA CAU Samsung S25+ B DEMO;8806095856698
30079338;(И)PDA CAU Samsung S25+ Gr (муляж);8806095846101
30091739;(И)PDA Huawei Pura 80 12/256GB Bl;2003009173919
30091781;(И)PDA Huawei Pura 80 12/256GB Gld;2003009178112
30091780;(И)PDA Huawei Pura 80 12/256GB Wh;2003009178013
30081229;(И)PDA Samsung A07 LTE 4/128GB Bl;2003008122925
30086344;(И)PDA Samsung A07 LTE 4/64GB Bl;2003008634428
30085456;(И)PDA Samsung F761 128GB Bl;2003008545625
30085467;(И)PDA Samsung F761 128GB Wh RDU Demo;2003008546721
30085457;(И)PDA Samsung F761 256GB Bl;2003008545724
30085459;(И)PDA Samsung F761 256GB Wh;2003008545922
30085450;(И)PDA Samsung F766 256GB B Shadow;2003008545021
30085463;(И)PDA Samsung F766 256GB B/Sh RDU Demo;2003008546325
30085452;(И)PDA Samsung F766 256GB Coralred;2003008545229
30085451;(И)PDA Samsung F766 512GB B Shadow;2003008545120
30085455;(И)PDA Samsung F766 512GB Bl;2003008545526
30085453;(И)PDA Samsung F766 512GB Coralred;2003008545328
30085447;(И)PDA Samsung F966 1TB JetBl;2003008544727
30085442;(И)PDA Samsung F966 256GB B Shadow;2003008544222
30085460;(И)PDA Samsung F966 256GB B/Sh RDU Demo;2003008546028
30085445;(И)PDA Samsung F966 256GB JetBl;2003008544529
30085448;(И)PDA Samsung F966 256GB Silver Shadow;2003008544826
30085443;(И)PDA Samsung F966 512GB B Shadow;2003008544321
30085446;(И)PDA Samsung F966 512GB JetBl;2003008544628
30085449;(И)PDA Samsung F966 512GB Silver Shadow;2003008544925
30080782;(И)PDA Samsung Galaxy A36 Gr DEMO;8806097048930
30080147;(И)PDA Samsung Galaxy A56 Bl DEMO;8806097056119
30071192;(И)PDA Samsung OL-A356B Y (муляж);2003007119230
30071196;(И)PDA Samsung OL-A556B Y (муляж);2003007119636
30073360;(И)PDA Samsung OL-F741BLGASTD (муляж);8806095685199
30073361;(И)PDA Samsung OL-F741BZSASTD (муляж);8806095685212
30073358;(И)PDA Samsung OL-F956BLIASTD (муляж);8806095685168
30069837;(И)PDA Samsung OL-S711B/DS Gr (муляж);2003006983719
30069839;(И)PDA Samsung OL-S711B/DS Pu (муляж);2003006983917
30070501;(И)PDA Samsung OL-S921B Bl (муляж);2003007050120
30070503;(И)PDA Samsung OL-S921B V (муляж);2003007050328
30070506;(И)PDA Samsung OL-S926B Gr (муляж);2003007050625
30070511;(И)PDA Samsung OL-S928B V (муляж);2003007051127
30075205;(И)PDA Samsung S24 FE Lt/B (Муляж);2003007520517
30075203;(И)PDA Samsung S24 FE Lt/B DEMO;2003007520319
30075206;(И)PDA Samsung S24 FE Mt (Муляж);2003007520616
30087860;(И)PDA Samsung S25 5G 12/512GB Bl;2003008786028
30086873;(И)PDA Samsung S25 FE 8/128GB Lt/B DEMO;2003008687325
30082486;(И)PDA Samsung S25 FE 8/256GB Bl;2003008248625
30082484;(И)PDA Samsung S25 FE 8/256GB D/B;2003008248427
30082488;(И)PDA Samsung S25 FE 8/512GB D/B;2003008248823
30086871;(И)PDA Samsung S25 FE 8/512GB Wh;2003008687127
30093364;(И)PDA Samsung S26 12/256GB Bl DEMO;2003009336420
30093261;(И)PDA Samsung S26 12/256GB Lt/B;2003009326124
30093267;(И)PDA Samsung S26 12/256GB Wh;2003009326728
30093262;(И)PDA Samsung S26 12/512GB Lt/B;2003009326223
30093266;(И)PDA Samsung S26 12/512GB V;2003009326629
30093347;(И)PDA Samsung S26 Ultra 12/256GB Lt/B;2003009334723
30093356;(И)PDA Samsung S26 Ultra 12/256GB Wh;2003009335621
30093348;(И)PDA Samsung S26 Ultra 12/512GB Lt/B;2003009334822
30093354;(И)PDA Samsung S26 Ultra 12/512GB V;2003009335423
30093341;(И)PDA Samsung S26+ 12/256GB Bl;2003009334129
30093370;(И)PDA Samsung S26+ 12/256GB Wh DEMO;2003009337021
30093342;(И)PDA Samsung S26+ 12/512GB Bl;2003009334228
30093340;(И)PDA Samsung S26+ 12/512GB Lt/B;2003009334020
30093346;(И)PDA Samsung S26+ 12/512GB Wh;2003009334624
30093373;(И)PDA Samsung S26Ultra 12/256 V DEMO;2003009337328
30094027;(И)PDA Samsung SM-A376ELV4CAU DEMO;2003009402729
30094029;(И)PDA Samsung SM-A576BDB5CAU DEMO;2003009402927
30073356;(И)PDA Samsung Z Flip6 256GB Lt/B DEMO;8806095621463
10033002;(И)PS JBL Clip 4 Eco G;050036395243
10033014;(И)PS JBL Clip 5 Bl;1200130010170
50176583;(И)PS JBL JBLAUTH200BLKUK;1200130000638
10032637;(И)PS JBL JBLGO4RED;1200130009440
20089052;(И)RF Carrera CRRF812;4640018451089
20089053;(И)RF Carrera CRRF815;4640018451096
20087896;(И)RF Hi HFDD019560SW;4640018450518
20091761;(И)RF Hi HODN050047CB;2002009176128
20092306;(И)RF Hi HODN050047SW;2002009230615
20089855;(И)RF Hi HODN063045RW;2002008985516
20092443;(И)RF Hi HODN064044SS;2002009244322
20092442;(И)RF Hi HODN064044SW;2002009244223
20086732;(И)RF Samsung RF48A4000M9/WT;2002008673215
20092169;(И)RF Samsung RF65DB970012;2002009216923
20093274;(И)RF Samsung RM90F67C1WWR;2002009327421
20093277;(И)RF Samsung RS80F65J1FWR;2002009327728
20093275;(И)RF Samsung RS90F65D1FWR;2002009327520
10032702;(И)SS LG S95TR;2001003270214
10032990;(И)SS Samsung HW-LS60D/RU;2001003299017
30086996;(И)SW Apple S11 42mm S/M Jt Bl Black SB;0195950466713
30085875;(И)SW Samsung Galaxy Watch8 40mm LTE Gr;2003008587526
30085873;(И)SW Samsung Galaxy Watch8 44mm LTE Gr;2003008587328
30072575;(И)SW Samsung OL-R390 Gr DEMO;2003007257512
30073495;(И)SW Samsung SM-L305FZEACAU DEMO;2003007349514
30073494;(И)SW Samsung SM-L315FZGACAU DEMO;2003007349415
10031912;(И)SW Samsung SM-R900 S/Lv DEMO;2001003191212
10031913;(И)SW Samsung SM-R910 B DEMO;2001003191311
10031914;(И)SW Samsung SM-R920 Bl/Ti DEMO;2001003191410
30086000;(И)SW Samsung Watch8 40mm LTE DEMO;2003008600027
30085882;(И)SW Samsung Watch8 44mm LTE DEMO;2003008588226
30085885;(И)SW Samsung Watch8 Clas 46mm LTE DEMO;2003008588523
30085999;(И)SW Samsung Watch8 Classic 46mm LTE Wh;2003008599925
30085999;(И)SW Samsung Watch8 Classic 46mm LTE Wh;2003008599925
30064042;(И)TC Ap.iPad 10.2 64GB MK2K3 SG;0194252515532
30064044;(И)TC Ap.iPad 10.2 64GB MK2L3 S;0194252515808
30075090;(И)TC Apple 11 128GB WiFi B;0195950086393
30075090;(И)TC Apple 11 128GB WiFi B;0195950086393
30087658;(И)TC Samsung Gal.Tab S10 SM-X406BZAACAU;2003008765825
30069916;(И)TC Samsung SM-X115N 64GB Gr;2003006991615
30087816;(И)TC Samsung SM-X130NZAACAU;2003008781627
30087817;(И)TC Samsung SM-X130NZAECAU;2003008781726
30087818;(И)TC Samsung SM-X130NZSACAU;2003008781825
30087820;(И)TC Samsung SM-X135FZAACAU;2003008782020
30087821;(И)TC Samsung SM-X135FZAECAU;2003008782129
30091776;(И)TC Samsung SM-X230NZAACAU;2003009177627
30091778;(И)TC Samsung SM-X236BZAACAU;2003009177825
30091921;(И)TC Samsung SM-X236BZSACAU;2003009192125
30069729;(И)TC Samsung SM-X616B 256Gb S;2003006972911
30075260;(И)TC Samsung SM-X826BZS5CAU DEMO;2003007526014
10032477;(И)TV Carrera №554;2001003247711
20094806;(И)VC Carrera CRV845;2002009480614
20089133;(И)VC Carrera № 607;2002008913311
20089133;(И)VC Carrera № 607;2002008913311
20086955;(И)VC Carrera №332;2002008695521
20086955;(И)VC Carrera №332;2002008695521
20089062;(И)VC Carrera №334;2002008906214
20088085;(И)VC Carrera №775;14640018450997
20088085;(И)VC Carrera №775;14640018450997
20087021;(И)VC Dyson V15 Detect Abs. Gl 447045-01;2002008702113
20084585;(И)VC Dyson V15 Detect Absolute YLNKL;5025155070017
20084585;(И)VC Dyson V15 Detect Absolute YLNKL;5025155070017
20097468;(И)VC Dyson V8 Absolute SIL/YLW (UK);2002009746826
20091825;(И)VC HI MBL115;2002009182518
20090360;(И)VC Neatsvor M50;2002009036019
20091412;(И)VC Samsung VR7MD96514G;2002009141218
20093215;(И)VC Samsung VS90F40DFG/EV;2002009321511
20095614;(И)WDM LG F2V3FR6W;2002009561412
20092170;(И)WDM LG F2V7FR1W;2002009217029
50177237;(И)WebCam Hi W001;2005017723728
50177238;(И)WebCam HI W002;2005017723827
20089056;(И)WM Carrera №561;4640018451126
20086943;(И)WM Carrera №573;2002008694319
20092173;(И)WM LG F2V5HS5W;2002009217326
20092173;(И)WM LG F2V5HS5W;2002009217326
20092174;(И)WM LG F2Y1HS6W.AGW;2002009217425
20095616;(И)WM LG F4V9LA2W;2002009561610
20086308;(И)WM LG TW4V9RW9W;2002008630812
20086308;(И)WM LG TW4V9RW9W;2002008630812
20086308;(И)WM LG TW4V9RW9W;2002008630812
50174705;(И)WM-крепление Samsung SKK-UDW;2005017470516
20094982;(И)А/гриль Carrera CRG797;2002009498213
20094982;(И)А/гриль Carrera CRG797;2002009498213
20094982;(И)А/гриль Carrera CRG797;2002009498213
20089134;(И)А/гриль Carrera № 450;14640018451147
20089134;(И)А/гриль Carrera № 450;14640018451147
20089134;(И)А/гриль Carrera № 450;14640018451147
20089063;(И)А/гриль Carrera №675;2002008906313
20089063;(И)А/гриль Carrera №675;2002008906313
20089063;(И)А/гриль Carrera №675;2002008906313
20091751;(И)А/гриль Carrera №765;2002009175121
20091751;(И)А/гриль Carrera №765;2002009175121
20091751;(И)А/гриль Carrera №765;2002009175121
20091751;(И)А/гриль Carrera №765;2002009175121
400474938;(И)Адапт. Baseus Ingenuity ZJJQ000103 Bl;6932172605803
30070530;(И)Адапт. Carrera CRX701;2003007053015
30070531;(И)Адапт. Carrera CRX702;2003007053114
400474937;(И)Адаптер Baseus ZJJQ000003;6932172605650
50178152;(И)АЗУ Baseus C00057802111-01;2005017815218
50178150;(И)АЗУ Baseus C00072300123-00;2005017815010
400474939;(И)АЗУ Baseus Magic PPS CCMLC20C-01 Bl;6953156293182
400474926;(И)АЗУ Baseus Tiny C00035001121-02 Bl;6932172677206
50178286;(И)АКБ Baseus Bipow pro 2 NA1;2005017828614
50178287;(И)АКБ Baseus Bipow pro 2 NA2;2005017828713
50178290;(И)АКБ Baseus CR11 100W Cosmic Black;2005017829017
50178288;(И)АКБ Baseus CR11 45W Cosmic Black;2005017828812
50178289;(И)АКБ Baseus CR11 67W Cosmic Black;2005017828911
50178114;(И)АКБ Baseus E0027600;2005017811418
400474929;(И)АКБ Baseus E0027P00;6932172692575
400474930;(И)АКБ Baseus E0027P02;6932172692544
400474931;(И)АКБ Baseus E0027P03;6932172692520
400474935;(И)АКБ Baseus E0027Q00;6932172692469
400474936;(И)АКБ Baseus E0027Q01;6932172692476
400474932;(И)АКБ Baseus E0027Q02;6932172692445
400474934;(И)АКБ Baseus E0027Q03;6932172692537
400475008;(И)АКБ Baseus E0027R05;6932172699895
400475010;(И)АКБ Baseus E0027R06;6932172699833
400475004;(И)АКБ Baseus E0027S05;6932172699864
400475005;(И)АКБ Baseus E0027S06;6932172699901
400475006;(И)АКБ Baseus E0027S07;6932172699888
50178282;(И)АКБ Baseus EnerFill FC11 Black;2005017828218
400474928;(И)АКБ Baseus EnerFill FC21 E0027P01 Gr;6932172692506
50178285;(И)АКБ Baseus EnerFill FC51 Cosmic Black;2005017828515
50178283;(И)АКБ Baseus EnerFill FC51 Moon White;2005017828317
50178284;(И)АКБ Baseus EnerFill FC51 Moon White;2005017828416
50178278;(И)АКБ Baseus EnerFill FM11 Cosmic Black;2005017827815
50178279;(И)АКБ Baseus EnerFill FM11 Moon White;2005017827914
50178281;(И)АКБ Baseus EnerFill FM11 NebulaPurple;2005017828119
50178113;(И)АКБ Baseus P10022804113-00;2005017811319
50178104;(И)АКБ Baseus P10059002113-00;2005017810411
50178105;(И)АКБ Baseus P10059002223-00;2005017810510
50178108;(И)АКБ Baseus P10076803123-00;2005017810817
50178109;(И)АКБ Baseus P10076803213-00;2005017810916
50178111;(И)АКБ Baseus P10080000123-00;2005017811111
50178112;(И)АКБ Baseus P10080000213-00;2005017811210
50178276;(И)АКБ Baseus PicoGo AM31 Cosmic Black;2005017827617
50178277;(И)АКБ Baseus PicoGo AM31 Natural Titan;2005017827716
50178274;(И)АКБ Baseus PicoGo AM31 Nebula Pink;2005017827419
50178275;(И)АКБ Baseus PicoGo AM31 Space Grey;2005017827518
50178273;(И)АКБ Baseus PicoGo AM41 Natural Titan;2005017827310
50178272;(И)АКБ Baseus PicoGo AM41 Nebula Pink;2005017827211
50178270;(И)АКБ Baseus PicoGo AM41 Space Grey;2005017827013
50178269;(И)АКБ Baseus PicoGo Qi2 27W Black;2005017826917
20092190;(И)Аэрогриль Carrera CRG793;2002009219016
20092190;(И)Аэрогриль Carrera CRG793;2002009219016
20092190;(И)Аэрогриль Carrera CRG793;2002009219016
20092190;(И)Аэрогриль Carrera CRG793;2002009219016
20092191;(И)Аэрогриль Hi HAF212;2002009219115
20092191;(И)Аэрогриль Hi HAF212;2002009219115
20092192;(И)Аэрогриль Hi HAF410;2002009219214
20092193;(И)Аэрогриль Hi HAF8235;2002009219313
20092193;(И)Аэрогриль Hi HAF8235;2002009219313
20092193;(И)Аэрогриль Hi HAF8235;2002009219313
20092193;(И)Аэрогриль Hi HAF8235;2002009219313
20092193;(И)Аэрогриль Hi HAF8235;2002009219313
20092193;(И)Аэрогриль Hi HAF8235;2002009219313
20092193;(И)Аэрогриль Hi HAF8235;2002009219313
50175981;(И)Батарея Carrera CRE102 2032 2 шт;2005017598111
50175915;(И)Батарея Carrera CRE204 АА 4 шт;2005017591518
50175916;(И)Батарея Carrera CRE206 АА 6 шт;2005017591617
50175917;(И)Батарея Carrera CRE210 АА 10 шт;2005017591716
50175918;(И)Батарея Carrera CRE304 ААА 4 шт;2005017591815
50175919;(И)Батарея Carrera CRE306 ААА 6 шт;2005017591914
50175980;(И)Батарея Carrera CRE310 ААА 10 шт;2005017598012
50175982;(И)Батарея Carrera CRE591 9 V;2005017598210
50176939;(И)Батарея Hi B210 АА 10 шт;2005017693939
50177080;(И)Батарея Hi B310 ААA 10 шт;2005017708039
20094597;(И)Блендер Carrera CRB533;2002009459719
20094597;(И)Блендер Carrera CRB533;2002009459719
20094981;(И)Блендер Carrera CRB647;2002009498114
20094981;(И)Блендер Carrera CRB647;2002009498114
20094981;(И)Блендер Carrera CRB647;2002009498114
20094981;(И)Блендер Carrera CRB647;2002009498114
20094857;(И)Блендер Carrera CRB649;2002009485718
20089856;(И)Блендер Carrera CRR573;2002008985615
20089856;(И)Блендер Carrera CRR573;2002008985615
20087648;(И)Блендер Carrera № 511;2002008764814
20087648;(И)Блендер Carrera № 511;2002008764814
20087648;(И)Блендер Carrera № 511;2002008764814
20087648;(И)Блендер Carrera № 511;2002008764814
20092197;(И)Блендер Hi HB205;2002009219719
20092198;(И)Блендер Hi HB207;2002009219818
20092199;(И)Блендер Hi HB914;2002009219917
20092199;(И)Блендер Hi HB914;2002009219917
20094984;(И)Блендер Hi HPB156;2002009498411
20094984;(И)Блендер Hi HPB156;2002009498411
20094983;(И)Блендер Hi HPB167;2002009498312
20092194;(И)Блендер Hi HSB01;2002009219412
20092194;(И)Блендер Hi HSB01;2002009219412
20092194;(И)Блендер Hi HSB01;2002009219412
20092195;(И)Блендер Hi HSB03;2002009219511
20092195;(И)Блендер Hi HSB03;2002009219511
20092196;(И)Блендер Hi HSB04;2002009219610
20092196;(И)Блендер Hi HSB04;2002009219610
20092196;(И)Блендер Hi HSB04;2002009219610
20096888;(И)Блок Cameron CCAO-070 in;2002009688829
20096889;(И)Блок Cameron CCAO-070 out;2002009688928
20097331;(И)Блок Cameron CCAO-090 in;2002009733123
20097332;(И)Блок Cameron CCAO-090 out;2002009733222
20097334;(И)Блок Cameron CCAO-120 in;2002009733420
20097335;(И)Блок Cameron CCAO-120 out;2002009733529
20097337;(И)Блок Cameron CCAO-180 in;2002009733727
20097337;(И)Блок Cameron CCAO-180 in;2002009733727
20097338;(И)Блок Cameron CCAO-180 out;2002009733826
20097338;(И)Блок Cameron CCAO-180 out;2002009733826
20085981;(И)Блок LG P07EP2.UA3R out;2002008598112
20085980;(И)Блок LGP07EP2.NSAR in;2002008598013
20093228;(И)В/DW Hi HBI450908W;2002009322815
20092200;(И)Вафельница Hi HWM114;2002009220012
20092200;(И)Вафельница Hi HWM114;2002009220012
20092200;(И)Вафельница Hi HWM114;2002009220012
20091466;(И)Вафельница Hi HWM123;2002009146619
20091466;(И)Вафельница Hi HWM123;2002009146619
20091466;(И)Вафельница Hi HWM123;2002009146619
20091466;(И)Вафельница Hi HWM123;2002009146619
20091465;(И)Вафельница Hi HWM193;2002009146510
20091465;(И)Вафельница Hi HWM193;2002009146510
20091465;(И)Вафельница Hi HWM193;2002009146510
400474940;(И)Держ. Baseus C40478701123-00;6932172678753
400474941;(И)Держ. Baseus SUJS000001;6932172605216
400558899;(И)Держ. Baseus UltraControl;6932172641764
20090602;(И)Ирригатор Carrera CRP106 Bl;2002009060229
20090601;(И)Ирригатор Carrera CRP106 Wh;2002009060120
20090371;(И)Ирригатор Carrera №100 Bl;2002009037115
20089868;(И)Ирригатор Carrera №107 Wh;2002008986810
401153228;(И)К/микр. IO by Red Square io611;4657777638002
401153229;(И)К/микр. IO by Red Square io621;4657843430967
400324332;(И)К/памяти Samsung MB-MC256SA;2040032433214
50176842;(И)Кабель Apple MUQ93;0195949085598
50178315;(И)Кабель Apple MW493;0195949371905
50178316;(И)Кабель Apple MYQT3Z;0195949775390
50178056;(И)Кабель Baseus Cafule HDMI 2.0 1м;2005017805615
50178057;(И)Кабель Baseus Cafule HDMI 2.0 2м;2005017805714
50178058;(И)Кабель Baseus Cafule HDMI 2.0 3м;2005017805813
50178059;(И)Кабель Baseus Cafule HDMI 2.0 5м;2005017805912
50176895;(И)Кабель Baseus CAKW000001 Bl;2005017689512
50176901;(И)Кабель Baseus CAKW000401 Bl;2005017690112
50176902;(И)Кабель Baseus CAKW000402 Wh;2005017690211
50176903;(И)Кабель Baseus CAKW000601 Bl;2005017690310
50176904;(И)Кабель Baseus CAKW000602 Wh;2005017690419
50176905;(И)Кабель Baseus CAKW000607 Or;2005017690518
50176906;(И)Кабель Baseus CATLWJ-01 Bl;2005017690617
50176907;(И)Кабель Baseus CATLWJ-A01 Bl;2005017690716
50176909;(И)Кабель Baseus CATWJ-A01 Bl;2005017690914
50176910;(И)Кабель Baseus CAWJ040001 Bl;2005017691010
400558890;(И)Кабель Baseus Dura Go/Bl;6932172669904
50178060;(И)Кабель Baseus HDMI 2.0 1м;2005017806018
50178061;(И)Кабель Baseus HDMI 2.0 2м;2005017806117
50178062;(И)Кабель Baseus HDMI 2.0 3м;2005017806216
50178063;(И)Кабель Baseus HDMI 2.0 5м;2005017806315
50178065;(И)Кабель Baseus HDMI 2.1 1м;2005017806513
50178066;(И)Кабель Baseus HDMI 2.1 2м;2005017806612
50178067;(И)Кабель Baseus HDMI 2.1 3м;2005017806711
400475012;(И)Кабель Baseus P10311803111-00;6932172648817
50176931;(И)Кабель Baseus P10364500211-00 Wh;2005017693113
50176932;(И)Кабель Baseus P10364500311-00 B;2005017693212
50176933;(И)Кабель Baseus P10364500511-00 Pu;2005017693311
50177616;(И)Кабель Baseus P10376800121-00;2005017761614
50177617;(И)Кабель Baseus P10376800211-00;2005017761713
50177618;(И)Кабель Baseus P10376800311-00;2005017761812
50177619;(И)Кабель Baseus P10376800411-00;2005017761911
50177614;(И)Кабель Baseus P10377703113-00;2005017761416
50177615;(И)Кабель Baseus P10377703213-00;2005017761515
400475013;(И)Кабель Baseus P10377802U01-00;6932172669935
50178137;(И)Кабель Baseus P10377802U01-01;2005017813719
50178130;(И)Кабель Baseus P10382500121-01;2005017813016
50178131;(И)Кабель Baseus P10382701111-00;2005017813115
50178140;(И)Кабель Baseus P10382701121-00;2005017814013
50178141;(И)Кабель Baseus P10382701211-00;2005017814112
50178134;(И)Кабель Baseus P10382701511-01;2005017813412
400454878;(И)Кабель Baseus P10383000121-01;6932172684679
400454882;(И)Кабель Baseus P10383000211-01;6932172684662
50178293;(И)Кабель Baseus Pudding Cluster Black;2005017829314
30064247;(И)Картридж Epson C13T673398;2003006424731
50174531;(И)Картридж HP 3YM60AE (№305);0193905429219
30066770;(И)Картридж HP W1106A (106A);0193424172702
50174538;(И)Картридж HP W1500A;0194850740633
50174934;(И)Клав. Logitech K380 D/Gr;2005017493416
50174950;(И)Клав. Logitech K380 Wh;2005017495014
50174949;(И)Клав. Logitech K580 Gp;2005017494918
50174888;(И)Клав. Logitech MX Keys Gp;2005017488825
50176327;(И)Клав. Lunacy In Space 98 (LISWK01);2005017632716
50177506;(И)Клав. Red Square Alumix TKL C Pakuru;2005017750618
50177501;(И)Клав. Red Square Alumix TKL Dark;2005017750113
50177502;(И)Клав. Red Square Alumix TKL Gray;2005017750212
50177505;(И)Клав. Red Square Alumix TKL SE Cloudy;2005017750519
50176254;(И)Клав. Red Square Keyrox TKL Fireworks;2005017625411
50176255;(И)Клав. Red Square Keyrox TKL Hanami;2005017625510
50176256;(И)Клав. Red Square Keyrox TKL Hyperion;2005017625619
50177292;(И)Компл. Hi C001;2005017729225
50175741;(И)Компл. Logitech MK235 Gr;2005017574115
50176220;(И)Компл. Logitech MK270;097855078605
50175883;(И)Компл. Logitech MK295 Graphite;2005017588310
30069791;(И)Компл. Logitech MK470 Ro/P;2003006979118
50175829;(И)Компл. Logitech MK850;2005017582912
20091827;(И)Кофемаш. Carrera CRC 631;2002009182716
20096439;(И)Кофемаш. Carrera CRC 653;2002009643910
20086884;(И)Кофемаш. Carrera CRC 655;2002008688417
20086884;(И)Кофемаш. Carrera CRC 655;2002008688417
20086885;(И)Кофемаш. Carrera CRC 657;2002008688516
20094855;(И)Кофемолка Carrera CRB495;2002009485510
20094856;(И)Кух.комб. Carrera CRB423;2002009485619
20094856;(И)Кух.комб. Carrera CRB423;2002009485619
20087318;(И)Кух.маш. Carrera №660;2002008731816
20089064;(И)М/пекарь Carrera №574;2002008906412
20089064;(И)М/пекарь Carrera №574;2002008906412
20089064;(И)М/пекарь Carrera №574;2002008906412
20089064;(И)М/пекарь Carrera №574;2002008906412
20092211;(И)М/пекарь Hi HWM103;2002009221118
20092211;(И)М/пекарь Hi HWM103;2002009221118
20092211;(И)М/пекарь Hi HWM103;2002009221118
20092211;(И)М/пекарь Hi HWM103;2002009221118
20092212;(И)М/пекарь Hi HWM187;2002009221217
20092212;(И)М/пекарь Hi HWM187;2002009221217
20089187;(И)М/стайл. Carrera CRP396;2002008918729
20089187;(И)М/стайл. Carrera CRP396;2002008918729
20089187;(И)М/стайл. Carrera CRP396;2002008918729
20090217;(И)М/стайл. CARRERA CRR538;2002009021718
20090217;(И)М/стайл. CARRERA CRR538;2002009021718
20091472;(И)М/стайлер Dyson HS08 B/Or;2002009147210
20091472;(И)М/стайлер Dyson HS08 B/Or;2002009147210
20091472;(И)М/стайлер Dyson HS08 B/Or;2002009147210
20087291;(И)Маш.д/волос Carrera №624;2002008729110
20087291;(И)Маш.д/волос Carrera №624;2002008729110
20087314;(И)Миксер Carrera №556;2002008731410
20092205;(И)Миксер Hi HHM517;2002009220517
20092206;(И)Миксер Hi HHM537;2002009220616
20092207;(И)Миксер Hi HHM538;2002009220715
30086876;(И)Мон. Carrera CRL242;2003008687622
30075088;(И)Мон. Carrera CRL271;2003007508829
30086877;(И)Мон. Carrera CRL272;2003008687721
30086878;(И)Мон. Carrera CRL345;2003008687820
30086879;(И)Мон. Carrera CRL346;2003008687929
30073127;(И)Мон. Innocn 2710U PLUS;2003007312716
20093744;(И)Мультистайлер Babyliss C1600-E;2002009374418
30066040;(И)МФУ HP DeskJet 2320 AIO;0194721098061
400475000;(И)Мышь Baseus B0203203;6932172693350
400475001;(И)Мышь Baseus B0203302;6932172693404
400475003;(И)Мышь Baseus F02 Moon White;6932172693336
50176272;(И)Мышь Carrera Nyx White (CRX205);2005017627217
50177290;(И)Мышь Hi M001;2005017729027
50177291;(И)Мышь Hi M002;2005017729126
50175309;(И)Мышь Logitech G PRO X Superlight Pink;2005017530913
50173433;(И)Мышь Logitech G102 Black;097855156006
50175645;(И)Мышь Logitech G102 Blue;2005017564512
50175644;(И)Мышь Logitech G102 Lilac;2005017564413
50173434;(И)Мышь Logitech G102 White;2005017343414
400622391;(И)Мышь Logitech G304 (G305) B;6920377912871
50173435;(И)Мышь Logitech G304 (G305) Black;2005017343513
400621010;(И)Мышь Logitech G304 (G305) Pu;6920377912888
50175520;(И)Мышь Logitech G304 (G305) White;2005017552014
50174882;(И)Мышь Logitech G502 HERO;2005017488221
50174935;(И)Мышь Logitech M170 Gr/Bl;2005017493515
50174864;(И)Мышь Logitech M185 Gr;097855074560
50174940;(И)Мышь Logitech M220 D/Gr;2005017494017
400627610;(И)Мышь Logitech M221 Silent B;6920377913373
50175464;(И)Мышь Logitech M280 Bl;2005017546419
50174887;(И)Мышь Logitech M350 Gp;097855150929
50174885;(И)Мышь Logitech M350 Off-Wh;097855150905
50174886;(И)Мышь Logitech M350 Ro;097855150912
50175465;(И)Мышь Logitech M720 Triathlon;2005017546518
50173546;(И)Мышь Logitech M90;097855069351
50175521;(И)Мышь Logitech MX Master 3S Gp;2005017552120
50177568;(И)Мышь Lunacy Another One Bl;2005017756818
50177567;(И)Мышь Lunacy Another One Wh;2005017756719
50176816;(И)Мышь Lunacy One Black (LMOB);2005017681615
50176817;(И)Мышь Lunacy One White (LMOW);2005017681714
50177110;(И)Мышь Red Square IO Nova SE Dark Gray;2005017711022
50177111;(И)Мышь Red Square IO Nova SE Light Gray;2005017711121
20092218;(И)Мясорубка Hi HMG05;2002009221811
20089078;(И)Насадка CARRERA №127 Bl;2002008907815
20089077;(И)Насадка CARRERA №127 Wh;2002008907716
20090213;(И)Насадка Carrera для кух.маш. №660,657;2002009021312
30087076;(И)Науш. AirPods Pro 3gen USB-C;0195950543612
50177007;(И)Науш. Apple 4 MXP63;0195949688454
50177008;(И)Науш. Apple AirPods 4 MagSafe ANC;0195949689536
400496493;(И)Науш. Baseus Bass BH1 NC Bl;6932172696993
400496492;(И)Науш. Baseus Bass BH1 NC Wh;6932172697006
50178188;(И)Науш. Baseus BP1 Pro Bl;2005017818813
50178189;(И)Науш. Baseus BP1 Pro Wh;2005017818912
50176975;(И)Науш. Beyerdynamic DT 770Pro250 ОмBl;2005017697517
401164318;(И)Науш. IO by Red Square Graphite 2 Bl;4657777638651
401164317;(И)Науш. IO by Red Square Graphite 2 Wh;4657777638644
401164319;(И)Науш. IO by Red Square Graphite 2 Wh;4657777638521
50177643;(И)Науш. JBL JBLWBUDS2BLK;050036405126
50177172;(И)Науш. JBL LIVEBEAM3SIL S;1200130011641
50177174;(И)Науш. JBL LIVEFLEX3SIL S;1200130012273
50177526;(И)Науш. JBL Wave Beam 2 Bl;050036405003
50177524;(И)Науш. JBL Wave Flex 2 Bl;050036404884
50175524;(И)Науш. Logitech G PRO X;2005017552410
400773768;(И)Науш. Logitech G321 Bl;6920377922863
400773778;(И)Науш. Logitech G321 Wh;6920377922870
50174902;(И)Науш. Logitech G435 Black/Neon Yellow;2005017490224
50174903;(И)Науш. Logitech G435 Blue/Raspberry;2005017490323
50174904;(И)Науш. Logitech G435 White/Lilac;097855168269
50174897;(И)Науш. Logitech G733 Lightspeed White;2005017489723
50174863;(И)Науш. Logitech H110 Black;097855084576
50175933;(И)Науш. Logitech H390 USB Bl;2005017593314
50176616;(И)Науш. Marshall Major IV Bl (F);2005017456015
50176692;(И)Науш. Marshall Major V Bl;2005017669217
50178680;(И)Науш. Marshall Major V Blue;2005017868016
50177390;(И)Науш. Marshall Major V Br;2005017739019
50177391;(И)Науш. Marshall Major V Cr;2005017739118
50178684;(И)Науш. OnePlus Nord Buds 3 PRO Bl;2005017868412
50178682;(И)Науш. OnePlus Z2 Black;2005017868214
50177113;(И)Науш. Red Square V3X Voyager;2005017711329
50176834;(И)Науш. Red Square V3X White;2005017683411
30073491;(И)Науш. Samsung OL-R530NZWASTD МУЛЯЖ;2003007349118
30093361;(И)Науш. Samsung OL-R540NZKASTD МУЛЯЖ;2003009336123
30073492;(И)Науш. Samsung OL-R630NZAASTD МУЛЯЖ;2003007349217
30093360;(И)Науш. Samsung OL-R640NZWASTD МУЛЯЖ;2003009336024
10031911;(И)Науш. Samsung SM- R510 Pu DEMO;2001003191113
50178087;(И)Науш. Samsung SM-R420NZAACIS;2005017808722
50173056;(И)Науш. Sony MDR-EX15AP Bl;027242867284
50177350;(И)Науш. Soundcore Liberty 4 NC Bl;2005017735011
50178377;(И)Науш. Soundcore Liberty 4 NC Na;2005017837715
50178376;(И)Науш. Soundcore Liberty 4 NC Wh;2005017837616
50177358;(И)Науш. Soundcore Q20i B;2005017735813
50177359;(И)Науш. Soundcore Q30 Bl;0194644054236
50178833;(И)Науш.Samsung Buds 4 Black;2005017883323
50178831;(И)Науш.Samsung Buds 4 Pro White;2005017883125
50178834;(И)Науш.Samsung Buds 4 White;2005017883422
20091420;(И)Отпар. Carrera CRI900;2002009142017
20087682;(И)Отпар. Carrera CRI956;2002008768218
20087682;(И)Отпар. Carrera CRI956;2002008768218
20095440;(И)Парогенератор Carrera CRI420;2002009544019
20095440;(И)Парогенератор Carrera CRI420;2002009544019
20092213;(И)Планетарный миксер Hi HPMSC-205E;2002009221316
20092215;(И)Планетарный миксер Hi HPMSC-632;2002009221514
20092215;(И)Планетарный миксер Hi HPMSC-632;2002009221514
20092215;(И)Планетарный миксер Hi HPMSC-632;2002009221514
50176111;(И)Пленка Lenovo 4XJ0N23167;0191376012251
30067992;(И)Пленка Samsung EF-UX710CTEGRU;8806095116389
30067984;(И)Пленка Samsung EF-UX810CTEGRU;8806095116358
30067976;(И)Пленка Samsung EF-UX910CTEGRU;8806095116327
50178647;(И)Подвес д/TV Cameron CP-36-44T;2005017864728
50178650;(И)Подвес д/TV Cameron CP-36-46T;2005017865022
50178640;(И)Подвес д/TV Cameron CP-37-22T;2005017864025
50178641;(И)Подвес д/TV Cameron CP-37-44F;2005017864124
50178643;(И)Подвес д/TV Cameron CP-37-46T;2005017864322
50178649;(И)Подвес д/TV Cameron CP-38-46T;2005017864926
50178651;(И)Подвес д/TV Cameron CP-38-69T;2005017865121
50178648;(И)Подвес д/TV Cameron CPR-41-441;2005017864827
50178314;(И)СЗУ Apple MD3J4;0195950084658
50176913;(И)СЗУ Baseus CCFS-SN01 Bl;2005017691317
50176914;(И)СЗУ Baseus CCFS-SN02 Wh;2005017691416
400474943;(И)СЗУ Baseus E0120G00;6932172695484
400474948;(И)СЗУ Baseus E0121200;6932172699963
400474950;(И)СЗУ Baseus E0121B00;6953156211780
400474944;(И)СЗУ Baseus E0121E00;6932172696498
50178291;(И)СЗУ Baseus EnerFill FE11 Black;2005017829116
50178292;(И)СЗУ Baseus EnerFill FE11 Moon White;2005017829215
50176920;(И)СЗУ Baseus P10110900117-Z1 Bl;2005017692017
50176936;(И)СЗУ Baseus P10110900217-Z1 Wh;2005017693618
50177484;(И)СЗУ Baseus P10111602113-00 Bl;2005017748417
50177485;(И)СЗУ Baseus P10111602213-00 Wh;2005017748516
50177488;(И)СЗУ Baseus P10111605113-00 Bl;2005017748813
50177489;(И)СЗУ Baseus P10111605213-00 Wh;2005017748912
50177486;(И)СЗУ Baseus P10111608113-00 Bl;2005017748615
50177487;(И)СЗУ Baseus P10111608213-00 Wh;2005017748714
50177540;(И)СЗУ Baseus P1011160A113-00 Bl;2005017754012
50176926;(И)СЗУ Baseus P10162701113-00 Bl;2005017692611
50178068;(И)СЗУ Baseus P10176800123-00;2005017806810
50178069;(И)СЗУ Baseus P10176800213-00;2005017806919
50178070;(И)СЗУ Baseus P10176800313-00;2005017807015
50178071;(И)СЗУ Baseus P10176800413-00;2005017807114
400474949;(И)СЗУ Baseus PicoGo AE11;6932172699932
30066642;(И)Сканер Canon LiDE300;2003006664212
20097000;(И)Стайлер Dyson HS08 Airwrap T1/T2 Amb;2002009700026
20097066;(И)Стайлер Dyson HS08 Rose Gold+Dif;2002009706622
20097066;(И)Стайлер Dyson HS08 Rose Gold+Dif;2002009706622
20097465;(И)Стайлер Dyson HS09 Amber Silk (HK);2002009746529
20097899;(И)Стайлер Dyson HS09 Ce/P/Ro/Gl;2002009789922
20097899;(И)Стайлер Dyson HS09 Ce/P/Ro/Gl;2002009789922
20097464;(И)Стайлер Dyson HS09 Jasper Plum (HK);2002009746420
20086947;(И)Суш.маш. Carrera №716;2002008694715
20090627;(И)Суш.маш. LG DC10V9V9E;2002009062728
20082429;(И)Суш.маш. LG DC90V9V9W/N;2000999715556
20087313;(И)Тостер Carrera №564;2002008731311
20089896;(И)Триммер CARRERA CRR625;2002008989613
20089896;(И)Триммер CARRERA CRR625;2002008989613
20089896;(И)Триммер CARRERA CRR625;2002008989613
20089896;(И)Триммер CARRERA CRR625;2002008989613
20087290;(И)Триммер Carrera №525;2002008729011
20092168;(И)Триммер Carrera №529;2002009216817
20092168;(И)Триммер Carrera №529;2002009216817
20085496;(И)Триммер Philips NT3650/16;2002008549619
20091414;(И)Триммер Philips QP1624/10;2002009141423
20087900;(И)Утюг Carrera CRI575;2002008790011
20087900;(И)Утюг Carrera CRI575;2002008790011
20094860;(И)Утюг Carrera №560;2002009486029
20088084;(И)Утюг Carrera №570;2002008808419
20088084;(И)Утюг Carrera №570;2002008808419
20094861;(И)Утюг Carrera №592;2002009486128
20094861;(И)Утюг Carrera №592;2002009486128
20095454;(И)Утюг HI SI190;2002009545412
20095454;(И)Утюг HI SI190;2002009545412
20095454;(И)Утюг HI SI190;2002009545412
20095456;(И)Утюг HI SI490;2002009545610
20095456;(И)Утюг HI SI490;2002009545610
20095455;(И)Утюг HI SI590;2002009545511
20089318;(И)Фен Carrera 522;2002008931827
20089318;(И)Фен Carrera 522;2002008931827
20086989;(И)Фен Carrera №535;2002008698911
20086989;(И)Фен Carrera №535;2002008698911
20086989;(И)Фен Carrera №535;2002008698911
20086989;(И)Фен Carrera №535;2002008698911
20086901;(И)Фен Carrera №541;2002008690113
20086900;(И)Фен Carrera №671;2002008690014
20086900;(И)Фен Carrera №671;2002008690014
20086900;(И)Фен Carrera №671;2002008690014
20086900;(И)Фен Carrera №671;2002008690014
20090620;(И)Фен Carrera №711;2002009062018
20097467;(И)Фен Dyson HD16 Amber Silk (HK);2002009746727
20096107;(И)Фен Dyson HD16 JASPER PLUM;2002009610721
20089860;(И)Фен Dyson HD16 P;2002008986025
20089860;(И)Фен Dyson HD16 P;2002008986025
20089229;(И)Фен Dyson HD16 To/Or;2002008922924
20097002;(И)Фен Dyson HD17 T1/T2 P/Gld;2002009700224
20087016;(И)Фен Valera SIC 7.5 RC D EU;2002008701611
20091369;(И)Фен-щетка CARRERA CRR527;2002009136917
20091369;(И)Фен-щетка CARRERA CRR527;2002009136917
20091369;(И)Фен-щетка CARRERA CRR527;2002009136917
20087294;(И)Фен-щетка Carrera №536;2002008729417
20087294;(И)Фен-щетка Carrera №536;2002008729417
50177949;(И)Хаб Baseus B00052809813-00;2005017794919
50178050;(И)Хаб Baseus B0005280B811-00;2005017805011
50178051;(И)Хаб Baseus B0005280B811-02;2005017805110
50178052;(И)Хаб Baseus B0005280B811-08;2005017805219
50178053;(И)Хаб Baseus B0005280B811-11;2005017805318
50178054;(И)Хаб Baseus B0005280B811-12;2005017805417
50176758;(И)Чемодан Carrera CRL-001 26 24 001022;2005017675812
50176759;(И)Чемодан Carrera CRL-001 30 24 001023;2005017675911
50176760;(И)Чемодан Carrera CRL-002 20 24 001025;2005017676017
50176761;(И)Чемодан Carrera CRL-002 26 24 001026;2005017676116
50176762;(И)Чемодан Carrera CRL-002 30 24 001027;2005017676215
30064708;(И)Чернила Epson C13T00V198;2003006470820
30079140;(И)Чернила Epson C13T03Y198;2003007914019
30076229;(И)Чернила Epson C13T03Y298;2003007622914
50176078;(И)Чехол Apple iPhone 15 MT0U3;0194253939375
50176130;(И)Чехол Apple iPhone 15 MT0W3;0194253939436
50176131;(И)Чехол Apple iPhone 15 MT0X3;0194253939467
50176157;(И)Чехол Apple iPhone 15 MT203;0194253940241
50176166;(И)Чехол Apple iPhone 15 MT393;0194253945376
50176167;(И)Чехол Apple iPhone 15 MT3C3;0194253945406
50176168;(И)Чехол Apple iPhone 15 MT3E3;0194253945437
50176172;(И)Чехол Apple iPhone 15 Plus MT473;0194253945574
50176145;(И)Чехол Apple iPhone 15 Pro MT1G3;0194253939887
50176146;(И)Чехол Apple iPhone 15 Pro MT1H3;0194253939917
50177097;(И)Чехол Apple MA6A4;0195949882593
50177126;(И)Чехол Apple MA7D4;0195949882616
50177135;(И)Чехол Apple MA7E4;0195949884856
50173674;(И)Чехол Apple MPRW3;194253416005
50173675;(И)Чехол Apple MPRX3;194253416036
50173679;(И)Чехол Apple MPT23;0194253416159
50173704;(И)Чехол Apple MPU13;0194253416906
50177098;(И)Чехол Apple MYY13;0195949884931
50177130;(И)Чехол Apple MYYH3;0195949885242
50176516;(И)Чехол Samsung EF-BX110TLEGRU;2005017651618
50176514;(И)Чехол Samsung EF-BX210TWEGRU;2005017651410
30067980;(И)Чехол Samsung EF-BX810PWEGRU;8806095121192
30067972;(И)Чехол Samsung EF-BX910PWEGRU;8806095115740
30067991;(И)Чехол Samsung EF-NX712PBEGRU;8806095120409
30067983;(И)Чехол Samsung EF-NX812PBEGRU;8806095120355
50175555;(И)Чехол Samsung EF-OA146TBEGRU;2005017555510
50175557;(И)Чехол Samsung EF-QA146CTEGRU;2005017555718
50175970;(И)Чехол Samsung EF-QA245CTEGRU;2005017597015
50176244;(И)Чехол Samsung EF-QS711CTEGRU;2005017624414
50175227;(И)Чехол Samsung EF-RS916CBEGRU;2005017522727
30067989;(И)Чехол Samsung EF-RX710CBEGRU;8806095116471
50175954;(И)Чехол Samsung EF-VF946PBEGRU;8806095071022
50176572;(И)Чехол Samsung EF-ZA356CBEGRU;2005017657214
50175940;(И)Чехол Samsung EF-ZF731CTEGRU;8806095064819
30067990;(И)Чехол Samsung EF-ZX712PWEGRU;8806095116280
30067982;(И)Чехол Samsung EF-ZX812PWEGRU;8806095116242
20087942;(И)Э/бритва Carrera CRR513;2002008794231
20087942;(И)Э/бритва Carrera CRR513;2002008794231
20090135;(И)Э/бритва Carrera CRR515;2002009013539
20090135;(И)Э/бритва Carrera CRR515;2002009013539
20087293;(И)Э/бритва Carrera №510;2002008729318
20087293;(И)Э/бритва Carrera №510;2002008729318
20087293;(И)Э/бритва Carrera №510;2002008729318
20087292;(И)Э/бритва Carrera №520;2002008729219
20087292;(И)Э/бритва Carrera №520;2002008729219
20087292;(И)Э/бритва Carrera №520;2002008729219
20096600;(И)Э/бритва Philips S1880/00;2002009660023
20084430;(И)Э/бритва PHILIPS S5588/30;2002008443016
20087256;(И)Э/бритва Philips S5898/35;2002008725617
20086525;(И)Э/бритва Philips S5898/38;2002008652517
20087258;(И)Э/бритва Philips S7885/50;2002008725815
20092267;(И)Э/бритва Phillips S7886/35;2002009226717
20092264;(И)Э/бритва Phillips X3021/00;2002009226410
20092265;(И)Э/бритва Phillips X3063/00;2002009226519
20092217;(И)Э/гриль Carrera CRG699;2002009221712
20092216;(И)Э/гриль Hi HGR186;2002009221613
20090225;(И)Э/щетка CARRERA №127 Wh;2002009022517
20092127;(И)Э/щипцы BaByliss BB-ST250E;2002009212710
20086887;(И)Э/щипцы Carrera №534;2002008688738
20085012;(И)Э/щипцы Carrera №537;2002008501235
20085012;(И)Э/щипцы Carrera №537;2002008501235
20097625;(И)Э/щипцы Dyson Air.HT01 Am.S 176861-01;2002009762529
20097625;(И)Э/щипцы Dyson Air.HT01 Am.S 176861-01;2002009762529
20097624;(И)Э/щипцы Dyson Air.HT01Kan.P 599523-01;2002009762420
20097624;(И)Э/щипцы Dyson Air.HT01Kan.P 599523-01;2002009762420
20089022;(И)Э/щипцы Dyson HT01 Airstrait;2002008902216
20092523;(И)Э/щипцы Dyson HT01 Airstrait R/Gl;2002009252327
20096106;(И)Э/щипцы Dyson HT01 JASPER PLUM;2002009610622
20096106;(И)Э/щипцы Dyson HT01 JASPER PLUM;2002009610622
20089319;(И)Э/щипцы Dyson HT01 P;2002008931926
20097911;(И)Эпилятор Philips BRE228/00;2002009791116
20086252;(И)Эпилятор Philips BRE700/00;2002008625214
20087646;(И)ЭЧ Carrera № 759;2002008764616
20087646;(И)ЭЧ Carrera № 759;2002008764616
20087646;(И)ЭЧ Carrera № 759;2002008764616
20087312;(И)ЭЧ Carrera №550;2002008731212
20087312;(И)ЭЧ Carrera №550;2002008731212
20087685;(И)ЭЧ Carrera №554;2002008768515
20087685;(И)ЭЧ Carrera №554;2002008768515
20087685;(И)ЭЧ Carrera №554;2002008768515
20088082;(И)ЭЧ Carrera №580;2002008808211
20088082;(И)ЭЧ Carrera №580;2002008808211
20088082;(И)ЭЧ Carrera №580;2002008808211
20088082;(И)ЭЧ Carrera №580;2002008808211
20088083;(И)ЭЧ Carrera №581;2002008808310
20088083;(И)ЭЧ Carrera №581;2002008808310
20096958;(И)ЭЧ Carrera №583;2002009695810
20096958;(И)ЭЧ Carrera №583;2002009695810
20087248;(И)ЭЧ Carrera №652;2002008724832
20087248;(И)ЭЧ Carrera №652;2002008724832
20087248;(И)ЭЧ Carrera №652;2002008724832
20093241;(И)ЭЧ Carrera №662;2002009324116
20093241;(И)ЭЧ Carrera №662;2002009324116
20093241;(И)ЭЧ Carrera №662;2002009324116
20093772;(И)ЭЧ Hi EK-17G25;2002009377211
20093772;(И)ЭЧ Hi EK-17G25;2002009377211
20093772;(И)ЭЧ Hi EK-17G25;2002009377211
20093773;(И)ЭЧ Hi EK-17S20;2002009377310
20093769;(И)ЭЧ Hi EK-18C25;2002009376917
20093770;(И)ЭЧ Hi EK-18D05;2002009377013
20093771;(И)ЭЧ Hi EK-18G30;2002009377112
20093771;(И)ЭЧ Hi EK-18G30;2002009377112
20093771;(И)ЭЧ Hi EK-18G30;2002009377112
20093771;(И)ЭЧ Hi EK-18G30;2002009377112
20093767;(И)ЭЧ Hi EK-18S15;2002009376719
20093768;(И)ЭЧ Hi EK-18S20;2002009376818
20093768;(И)ЭЧ Hi EK-18S20;2002009376818
20093768;(И)ЭЧ Hi EK-18S20;2002009376818
401247757;(МП)AS Sven PS-860 Bl;643816202251831360
401181528;(МП)DVR 70mai A400 Bl;200298598441071271
401181533;(МП)DVR 70mai A400-1 (Grey) Bl;200298598442771271
401181533;(МП)DVR 70mai A400-1 (Grey) Bl;200298598442771271
401181527;(МП)DVR 70mai M500 Bl;200298598440371271
401181527;(МП)DVR 70mai M500 Bl;200298598440371271
400381222;(МП)DVR Intego VX-1300S;4610044540910
400410395;(МП)DVR Intego VX-1300S 4K LNA;461004454194865068
400732392;(МП)DVR Trendvision Online Sky 4G Dual ч;462718802462668525
400823409;(МП)DVR Trendvision Winner PRO Plus чёрн;462718802420668525
400630315;(МП)GA Palit NE75070T19K9-GB2050U;471056224555422241
400604667;(МП)GC Sony PlayStation 5 Portal Wh;204006046671068616
401094106;(МП)GC Sony PlayStation 5 Portal White W;204010941061274003
401204366;(МП)GC SONY Игровая приставка PlayStati;204012043661572870
400405179;(МП)JM FUTULA ESM6;692169659023854744
400406288;(МП)MW BBK 20MWS-720T/W;4897055288455
401955056;(МП)NB Acer Aspire AL15-32P-C1KD NX.JB8E;204019550561275549
400874272;(МП)NB PartsOkey Ноутбук (Intel N95, DD;204008742721372530
401336177;(МП)PDA Apple iPhone 16 Pro Max 256 ГБ #;204013361771171767
400663224;(МП)PDA Huawei Nova Y73 8/256GB Black;694210315863659258
400691426;(МП)PDA Realme C85 256Gb 8Gb Gr;694176448147322241
400457977;(МП)PDA Realme Note 60x 3/64GB G;694176444894022241
400688459;(МП)PDA Redmi Note15Pro 5G 8+256 Ti;693255447138522241
401774037;(МП)PDA Samsung Galaxy S25 Na;204017740371475926
400513145;(МП)PDA Samsung GalZ Flip7FE 8/256GB Bl;999990014816968336
400985182;(МП)PDA TECNO POVA 7 Pro 5G Gr;204860196720772870
400633868;(МП)PDA Tecno Spark 40 Pro 8/256Gb Ti;489494709318068352
401800441;(МП)PDA Xiaomi 17 Ultra Wh;204018004411975962
400481059;(МП)PS JBL BOOMBOX 3 Bl;692528199880557264
400484460;(МП)RF Nord NR 506 B;462021600466922241
401224020;(МП)TA Texet TX-D7855 Bl;465007114236771198
400447299;(МП)TC Apple iPad 11 128GB WiFi Pink;019594914751761907
400728383;(МП)TV BBK 40LEM-1030/FTS2C Bl;462003670449757768
401192125;(МП)TV GE GE32LHN0_03663 Bl/Mat;481403201597272737
400496981;(МП)TV Haier 43 HQLED S2 Pro;697645483348522241
400683725;(МП)TV Haier 50 LED S2 Bl;697645483394254123
401094325;(МП)TV Haier 55 MiniLED M4 Bl;697645483268622241
400836100;(МП)TV Philips 55OLED910 Bl;204008361001571717
400554060;(МП)TV Xiaomi A 43 2026 (L43MB-AURU);694194870527263922
401031212;(МП)TV Смарт ТВ Bl;204010312121772706
401031972;(МП)TV Смарт ТВ Телевизор смарт 55 дюймо;204010319721272706
400763858;(МП)VC Bufett MVC 384С Wh;425199640384964638
400406560;(МП)VC Bufett MVC 385A;4251996403856
400406561;(МП)VC Bufett MVC 387A;4251996403870
400763856;(МП)VC Bufett MVC 388С Gr;425199640388764638
400763857;(МП)VC Bufett MVC 389С Bl;425199640389464638
400763855;(МП)VC Bufett MVC 390С Wh;425199640390064638
400680556;(МП)VC DENZEL LVC15;204006805561970307
400392977;(МП)VC Karcher 1.100-240.0;405427888252965144
400477172;(МП)VC Polaris PVCR 4500 WIFI Wh;505553918240122241
400770866;(МП)VC Proliss PRO-3613;204007708661167845
401427989;(МП)VC roborock S2052 Bl;693690590661871271
400430586;(МП)VC STONBERG VC-102B;466021852145063045
400789043;(МП)VC Tabi 1040 Bo/B;204385511615971171
400537192;(МП)VC Tefal TY1238WO;322161604879922241
400604621;(МП)VR PlayStation VR2;204006046211868616
401147276;(МП)WH АвтоИмидж RY-020 Me;204011472761368692
401426486;(МП)WM Indesit BTW L60400 6 кг, белый Wh;204014264861468123
401058931;(МП)А/гриль Bufett AAG 480 Bl;425199640480864638
400624670;(МП)А/гриль DEMIAND DK-2100 Bl;60356366197063352
400562017;(МП)А/гриль DEMIAND DK-2400 Metallic;60356365338863352
400574962;(МП)А/гриль DEMIAND DK-2500 Black;60356365396863352
401306800;(МП)А/гриль DEMIAND DUOS DK-2100/Wifi Bl;060356366070663352
401301949;(МП)А/гриль DEMIAND DUOS DK-2100/Wifi Wh;060356366069063352
401301949;(МП)А/гриль DEMIAND DUOS DK-2100/Wifi Wh;060356366069063352
401301949;(МП)А/гриль DEMIAND DUOS DK-2100/Wifi Wh;060356366069063352
401309992;(МП)А/гриль DEMIAND LEO DK-2500 Wifi Bla;060356366059163352
401309992;(МП)А/гриль DEMIAND LEO DK-2500 Wifi Bla;060356366059163352
401309989;(МП)А/гриль DEMIAND LEO DK-2500 Wifi Whi;060356366058463352
401309989;(МП)А/гриль DEMIAND LEO DK-2500 Wifi Whi;060356366058463352
401310072;(МП)А/гриль DEMIAND LUNEO DK-2700 Белый;060356366060763352
401310074;(МП)А/гриль DEMIAND LUNEO DK-2700 Черный;060356366061463352
401310074;(МП)А/гриль DEMIAND LUNEO DK-2700 Черный;060356366061463352
401310074;(МП)А/гриль DEMIAND LUNEO DK-2700 Черный;060356366061463352
401306841;(МП)А/гриль DEMIAND SANDERS DK-2200/Wifi;060356366065263352
401306843;(МП)А/гриль DEMIAND SANDERS DK-2200/Wifi;060356366066963352
401306843;(МП)А/гриль DEMIAND SANDERS DK-2200/Wifi;060356366066963352
401306841;(МП)А/гриль DEMIAND SANDERS DK-2200/Wifi;060356366065263352
401306844;(МП)А/гриль DEMIAND SANDERS DK-2200/Wifi;060356366067663352
401306841;(МП)А/гриль DEMIAND SANDERS DK-2200/Wifi;060356366065263352
401306843;(МП)А/гриль DEMIAND SANDERS DK-2200/Wifi;060356366066963352
401306887;(МП)А/гриль DEMIAND SANDERS MAX DK-2400/;060356366064563352
401306887;(МП)А/гриль DEMIAND SANDERS MAX DK-2400/;060356366064563352
401306886;(МП)А/гриль DEMIAND SANDERS MAX DK-2400/;060356366063863352
401306886;(МП)А/гриль DEMIAND SANDERS MAX DK-2400/;060356366063863352
401306887;(МП)А/гриль DEMIAND SANDERS MAX DK-2400/;060356366064563352
401306885;(МП)А/гриль DEMIAND SANDERS MAX DK-2400/;060356366062163352
401306886;(МП)А/гриль DEMIAND SANDERS MAX DK-2400/;060356366063863352
400484389;(МП)АЗУ Havit HAV-CC2022BK;695067621672148406
401060299;(МП)Аккум. V&E Магнитный тонкий пауэрбан;204010602991673743
400552929;(МП)Блендер Braun MQ9147X Bl;802109877515358755
400538138;(МП)Блендер DEMIAND BL-1200 Bl;060356365462063352
400538138;(МП)Блендер DEMIAND BL-1200 Bl;060356365462063352
400577176;(МП)Блендер Scarlett SC-HB42F35;505037033089962418
400487188;(МП)В/MW Beko BMGB 20212 B;869084268431922241
400338612;(МП)В/MW Krona ONYX 45H Bl;426071327123429243
400256606;(МП)В/MW Krona RIFLESSO 60 BL V2;4260713271791
400551084;(МП)В/WM Hotpoint WBIH 7290 VWB;869084275818822241
400467531;(МП)В/выт. Haier HVX-W672GB;692577780074222241
400396643;(МП)В/выт. Krona 60 см KRHD256;4260713273078
400532926;(МП)В/Г/пан. Bufett HGH 773CI Bl;425199640773164638
400532927;(МП)В/Г/пан. Bufett HGH 777CI Wh;425199640777964638
400532928;(МП)В/Г/пан. Bufett HGH 778CI Wh;425199640778664638
400532929;(МП)В/Г/пан. Bufett HGH 779CI Wh;425199640779364638
400418442;(МП)В/Г/пан. ZUGEL ZGH600W Wh;461021658145158909
400594512;(МП)В/И/пан. Bufett YHB 152 Bl;425199640152464638
400594513;(МП)В/И/пан. Bufett YHB 153 Bl;425199640153164638
400570399;(МП)В/Э/пан. Simfer H60D14B000;869927206234636713
400491784;(МП)В/Э/шкаф Krona Sonata 45 WhG2;426071327489129243
400676698;(МП)В/Э/шкаф Simfer B4EB16070 Bl;868377012748536713
401214679;(МП)Вакуумизатор Medusa VU-001;204012146791571467
400863995;(МП)Варочная панель электрическая Simfer;869927205646836713
400956411;(МП)Вентил. RAGEX R1204-000 Bl;204009564111366004
400956411;(МП)Вентил. RAGEX R1204-000 Bl;204009564111366004
400956445;(МП)Вентил. RAGEX R1205-000 Bl;204009564451066004
400956445;(МП)Вентил. RAGEX R1205-000 Bl;204009564451066004
400747182;(МП)Вешалка ЗМИ ВНП211Б;461009378494564633
401174813;(МП)Видеоглазок Safelook C 52 no;205031339137973664
401198555;(МП)Видеоигра Nintendo Fire Emblem Warri;002566000000964050
401195758;(МП)Видеоигра Playstation Yakuza: Like a;1215000000764050
401715702;(МП)Видеоигра Sony NHL 22 no;204017157021473600
401442021;(МП)Г/кос. SAV G53 G;465784503772049833
400537482;(МП)Гант. БлинДаГриф 10кг 2шт;204005374821269155
400411449;(МП)Гель Maunfeld MDL450CD;4660248013949
401791639;(МП)Глад.доска Ника Стелла-Классик 1 рис;460707583096722241
400016856;(МП)ГП GEFEST Брест 3200-05;481011401508322241
400899216;(МП)Диван Меббери Лукас D/Gr;200080140373269418
400725457;(МП)Диван Меббери Лукас Молочный;200080145025569418
400923321;(МП)Жидкое средство для стирки Moiety Ге;204009233211367058
400923320;(МП)Жидкое средство для стирки Moiety Ге;204009233201467058
400923309;(МП)Жидкое средство для стирки Moiety Ге;204009233091167058
400923315;(МП)Жидкое средство для стирки Moiety Ге;204009233151267058
400650975;(МП)Инстал. Teymi T70040;204006509751359261
401018353;(МП)Ирригатор PARU PRO White;203941789362063672
401830465;(МП)К/памяти Smart RD230m Bl;204018304651671467
400989933;(МП)К/Стол MFMaster Форсаж-21 Bet;464007014746368650
400989933;(МП)К/Стол MFMaster Форсаж-21 Bet;464007014746368650
400989933;(МП)К/Стол MFMaster Форсаж-21 Bet;464007014746368650
400989928;(МП)К/Стол MFMaster Форсаж-22 черный-кра;464007014753168650
400989928;(МП)К/Стол MFMaster Форсаж-22 черный-кра;464007014753168650
400484434;(МП)Канистра Oasis K-5 Eco;4670222822153
401173103;(МП)Капсулы EcoLeaf Капсулы для стирки 3;466054664001469278
401173212;(МП)Капсулы EcoLeaf Капсулы для стирки 3;466054664003869278
401174016;(МП)Капсулы EcoLeaf Капсулы для стирки Л;466054664010669278
401147505;(МП)Капсулы EcoWash Капсулы для стирки 3;466054664017569278
401174186;(МП)Капсулы EcoWash Капсулы для стирки С;466054664027469278
401173903;(МП)Капсулы EcoWash Капсулы для стирки Т;466054664024369278
4249179;(МП)Каркас Трия 267046;4610241615831
400620937;(МП)Компл. Ami Viena (белый) белый;204006209371668458
400923317;(МП)Конд. Moiety Кондиционер для белья L;204009233171067058
400923314;(МП)Конд. Moiety Кондиционер для белья T;204009233141367058
400432768;(МП)Контейнер REG. inox 93-DE-CA-20-1000;465022905151061290
401676042;(МП)Контроллер ИБП Polaroid полароидтф21;185203617100665989
401600016;(МП)Конфеты DT DRIVETOYS Без сахара no;204016000161375483
400259807;(МП)Кофеварка Oursson CM1005/BL Bl;764018297482426848
400682743;(МП)Кофемаш. Oulemei OLM-KFA010;200000000011471059
401068096;(МП)Кофемаш. UNISTELLAR 5011 Bl;204010016641973787
401068096;(МП)Кофемаш. UNISTELLAR 5011 Bl;204010016641973787
400957034;(МП)Кофемашина капельного типа RAGEX R40;204009570341566004
400957034;(МП)Кофемашина капельного типа RAGEX R40;204009570341566004
401165527;(МП)Кофемашина рожкового типа Bufett 640;425199640628464638
401310508;(МП)Кофемашина рожкового типа DEMIAND LU;60356366053963352
401310550;(МП)Кофемашина рожкового типа DEMIAND RI;060356366049263352
401310546;(МП)Кофемашина рожкового типа DEMIAND RI;060356366054663352
401310547;(МП)Кофемашина рожкового типа DEMIAND RI;060356366055363352
401310547;(МП)Кофемашина рожкового типа DEMIAND RI;060356366055363352
401310546;(МП)Кофемашина рожкового типа DEMIAND RI;060356366054663352
400350675;(МП)Кружка Elrington 234-60016;466008756937961658
400350673;(МП)Кружка Elrington234-60008;466008756935561658
400957167;(МП)Кух.комб. RAGEX R103-000 Black Bl;204009571671266004
400956497;(МП)Кух.комб. RAGEX R113-000 Bl;204009564971366004
400956497;(МП)Кух.комб. RAGEX R113-000 Bl;204009564971366004
401043543;(МП)Л/генер. Bufett DIM 827 Wh;425199640827164638
401043543;(МП)Л/генер. Bufett DIM 827 Wh;425199640827164638
401043544;(МП)Л/генер. Bufett SIM 266 Gr;425199640266864638
401043544;(МП)Л/генер. Bufett SIM 266 Gr;425199640266864638
4201759;(МП)М/варка Maunfeld MF-1621BR;461009178078932610
400770873;(МП)М/пекарь Mivan 12in1;204007708731167845
400816537;(МП)Массажер для лица микротоковый Remez;464025125288756425
401761496;(МП)Мини-ПК Apple Компьютер Mac Mini 20;204017614961374320
400455404;(МП)Мо.Wis.WGS35050BW02114BW405BW302644B;160300415175563453
400923310;(МП)Мыло Moiety Жидкое мыло P;204009233101767058
400922716;(МП)Мыло Moiety Жидкое мыло P;204009227161067058
400452047;(МП)Наб. Gipfel 52249;405802252249558622
400452047;(МП)Наб. Gipfel 52249;405802252249558622
400099611;(МП)Насадки Oral-B EB50RB 4шт;421020135480258755
400668693;(МП)Науш. Huawei FreeClip 2 Wh;694210316944154123
4249169;(МП)Основание кровати Трия 267043;4680282020406
400497491;(МП)Отпар. BQ SG5007S Cham;465022940633432306
401212638;(МП)Отпар. Medusa UO-001;204012126381471467
401432945;(МП)Отпар. Spawnson 4 Dr/Pu;204014329451363747
401250142;(МП)Отпариватель вертикальный AURORA COM;697561756070174205
401349487;(МП)Отпариватель вертикальный Velgio VG-;204013494871567845
400630295;(МП)Парооч. DORFHAUS для уборки;204006302951667845
400392501;(МП)Парооч. Karcher 1.512-660.0;405427899153565144
400006286;(МП)Парооч. Kitfort КТ-1015;463001793922031294
401240868;(МП)Парооч. WidLanex GX-02 серый серо-чё;204012408681670107
401240868;(МП)Парооч. WidLanex GX-02 серый серо-чё;204012408681670107
4203206;(МП)Парооч-ль Kitfort КТ-935;463001771345531294
400970628;(МП)Пила DeMak пила бесщеточная цепная B;204474345101773054
400353181;(МП)Плойка Kitfort КТ-3251;465030186297331294
400561233;(МП)Подушка buyson 50010402.00998;466029226291168474
400850722;(МП)Полка Savol S-005844C Bz;694230290871166118
400835635;(МП)Принтер CANON i-SENSYS LBP646Cdw (69;204975348227368292
4167124;(МП)Пуск.устр. Даджет KIT MT2021;4620012475397
400945755;(МП)Пылесос напольный JETEX Home PLB629;204009457551868894
400945739;(МП)Пылесос напольный JETEX Smart MBL629;204009457391068894
400945766;(МП)Пылесос напольный JETEX Smart черный;204009457661468894
400943835;(МП)Пылесос напольный KIWIS H3 Bl;204009438351973026
401315047;(МП)Пылесос напольный ORVICA ORM-1201;204013150471667845
400623777;(МП)Радар Intego TITANIUM-2-PRO;461004454101665068
400047338;(МП)Ролик Inhouse IHMVS1X40;4670127064559
400047339;(МП)Ролик Inhouse IHMVS2X40;4670127064566
401165192;(МП)Роутер TP-LINK Archer C64 Bl/Mat;204729594347474140
400674222;(МП)С/TA BQ 1860 Gem Dark Blue;465022941489632306
401031156;(МП)Сет.фильтр AGNI TP-FD5E-3m-ivory Iv;204010311561266278
401031220;(МП)Сет.фильтр AGNI TP-FI3U5E-C-2m-black;204010312201666278
401031245;(МП)Сет.фильтр AGNI TP-FI3U5E-C-2m-white;204010312451566278
401031222;(МП)Сет.фильтр AGNI TP-FO4U10E-С-2m-blac;204010312221466278
401031239;(МП)Сет.фильтр AGNI TP-FO4U10E-С-2m-whit;204010312391466278
401031219;(МП)Сет.фильтр AGNI TP-FO4U10E-С-5m-blac;204010312191066278
401076794;(МП)Смартфон Samsung Samsung Galaxy A37;880609905299773870
401717593;(МП)Смартфон Samsung Samsung Galaxy A56;204017175931274856
4249180;(МП)Спинка Трия 267046;4610241615848
400923312;(МП)Средство для жироуловителей Moiety А;204009233121567058
400533067;(МП)Термопот Energy TP-622 (280310);467014444993322241
400500910;(МП)Термос BoomHouse 700308;4606224473499
401039084;(МП)Тонометр AND UA-888EAC Wh;467376548655458755
400764016;(МП)Тостер Bufett LTR 369S Be;425199640369664638
400499977;(МП)Тостер Oursson TS2112/BL;460793655435326848
400957101;(МП)Тостер RAGEX R1302-000 Bl;204009571011666004
401031188;(МП)Тройник и переходник электрический A;204010311881166278
401031181;(МП)Тройник и переходник электрический A;204010311811866278
401031100;(МП)Тройник и переходник электрический A;204010311001366278
401031210;(МП)Тройник и переходник электрический A;204010312101966278
401031162;(МП)Тройник и переходник электрический A;204010311621366278
401031211;(МП)Тройник и переходник электрический A;204010312111866278
401031199;(МП)Тройник и переходник электрический A;204010311991766278
400747113;(МП)Тумба ЗМИ ТТ12ЛЯЧ;461019563680764633
400604027;(МП)Тумба ОРИНОКО 3742;200001782034770028
400604027;(МП)Тумба ОРИНОКО 3742;200001782034770028
400537397;(МП)Турник БлинДаГриф 004-0031-010;204005373971569155
400685986;(МП)Удлинитель питания камеры видеонаблю;204006859861157685
400685975;(МП)Удлинитель питания камеры видеонаблю;204006859751557685
401442611;(МП)Умные очки SMART GLASSES CY01 Sl/Bl;204014426111867845
401442611;(МП)Умные очки SMART GLASSES CY01 Sl/Bl;204014426111867845
400487508;(МП)Унитаз Agger AT04000;426038369180655243
400447055;(МП)Унитаз Teymi Solli Pro T40202;467374259688759261
400503601;(МП)Уровень Instrumax IM0126;462715105032468219
4205305;(МП)Утюг Tefal SV6120E0;312104007904122241
401096582;(МП)Ф/пресс Lara LR06-50-350 Gr;468035301682673403
401260292;(МП)Ф/пресс Lara LR06-56-350 Bl;468035301943873403
400728651;(МП)Ф/эпилятор Babyverse Professional IP;204007286511271467
400478124;(МП)Фен Haier HHS-602 Gp;697217626718822241
400180402;(МП)Фен Polaris PHS 1204i;505553913249922241
401250056;(МП)Фен-стайлер 6в1 LOWENGRASS Long HS08;204012500561867845
400949371;(МП)Фонарь CAMELION Фонарь налобный акку;489525780094908279
4214620;(МП)Фонарь Ultraflash E1340 (14268);489511789071408279
400725458;(МП)Ч/ср. HRC Calk 0,5l;204792714484271134
400709852;(МП)Ч/ср. HRC Coffex;204792714485971134
400922642;(МП)Ч/ср. Moiety Очиститель для плитки T;204009226421667058
400922649;(МП)Ч/ср. Moiety Очиститель для пола Wh;204009226491967058
401284398;(МП)Чемодан Ami Paris L на колесах больш;204012843981668458
401284450;(МП)Чемодан Ami Paris M на колесах средн;204012844501568458
401706244;(МП)Чехол для смартфона, телефона Krutof;200973239851352442
400922899;(МП)Чистящее средство для кухни Moiety Г;204009228991267058
401038718;(МП)Швабра Bufett 640510 Bl;425199640510264638
401038721;(МП)Швабра Bufett 640511 Bl;425199640511964638
401245076;(МП)Шоколад плиточный Rocket bites Фиста;204012450761872206
401250149;(МП)Э/бритва LOWENGRASS CR-9630;204012501491767845
401094208;(МП)Э/триммер Krotof CBC04 Lt/G;467373262757768466
400306867;(МП)Э/триммер Oasis TE-100;4670222802995
401068150;(МП)Э/триммер UNISTELLAR 1034 In/O;203800265598873787
400002021;(МП)Э/шашлыч. Delta DL-6701;4690597210065
400466252;(МП)Э/щипцы Remington S 6505;400849681825963877
400839065;(МП)Электробайк Minako 2025 Bl;204588398741169282
401296278;(МП)Электрощипцы для завивки Cronier pro;200347650100074705
400269906;(МП)ЭП Oasis A-TS1S;4640130973179
400302645;(МП)ЭП Zigmund & Shtain ZIP-557;425005561533958947
400753602;(МП)Этажерка ЗМИ ЭВ13Ч;461019563675364633
400272652;(МП)ЭЧ Oursson KE1754MD/BL Bl;764018297557926848
401762899;(У)AM Hyundai H-CD3300;2040176289913
401766663;(У)AS Defender 65415;2040176666318
401766639;(У)AS Defender 65432;2040176663911
401766630;(У)AS Defender J3;2040176663010
40080903;(У)AS Eltronic 30-47;2004008090313
10033654;(У)DVD Hyundai H-DVD100;2001003365415
401776685;(У)DW Gorenje GS53010W;2040177668519
20102583;(У)DW Gorenje GS53010W;2002010258318
20107618;(У)DW Gorenje GS541D10X;2002010761818
20098101;(У)DW Midea MCFD55S460Si;2002009810114
20093848;(У)DW Midea MFD45S160Si;2002009384813
20093851;(У)DW Midea MFD45S160Wi;2002009385117
20102588;(У)DW Midea MFD60S160Si;2002010258813
401776670;(У)DW Toshiba (У)DW-10F3(BS)-RU;2040177667017
20106996;(У)MW Gorenje MO20A3WH;2002010699616
20105180;(У)MW Hisense H25MOBS1HC;2002010518016
20101496;(У)MW Midea EM719M2Z-W;2002010149616
20093723;(У)RF Beko B3DRCNK402HW;2002009372315
20093256;(У)RF Gorenje NRK6202AW4;2002009325618
20101535;(У)RF Grundig GKPN66830FW;2002010153514
20101551;(У)RF Grundig GKPN66930FXD;2002010155112
20109370;(У)RF Hisense RB5K330GSFE;2002010937015
20105299;(У)RF Samsung RR39T7475AP;2002010529913
20107693;(У)RF Toshiba GR-RS755WI-PMJ(06);2002010769319
20101796;(У)RF Toshiba GR-RS780WI-PMJ(05);2002010179613
20102030;(У)RF Toshiba GR-RT624WE-PMJ(06);2002010203011
50183163;(У)SmartTVпр. Rombica VPDB-03;2005018316318
20106511;(У)WDM Toshiba TWD-T21BU90UWRU(MG);2002010651119
20102864;(У)А/гриль Carrera CRG793;2002010286410
20098142;(У)А/гриль Hi HAF410;2002009814211
20110804;(У)Блендер Tefal HB64F810;2002011080413
20102241;(У)Блинница Tefal PY900D12;2002010224115
20110617;(У)В/DW Gorenje GV561D11;2002011061719
20110653;(У)В/DW Gorenje GV573C11;2002011065311
20102997;(У)В/DW Haier HDWE14-292RU;2002010299717
20110647;(У)В/DW Hisense HV643E90;2002011064710
20110662;(У)В/DW Midea MID60S060;2002011066219
20100312;(У)В/И/пан.Gorenje GI6401BX;2002010031218
20100459;(У)В/Э/шкаф Hisense BSA66346ADBGWIFI;2002010045918
20111024;(У)Весы Hi VS-113;2002011102412
401767491;(У)Весы JVC JBS-002;2040176749110
20106348;(У)Весы JVC JBS-006;2002010634815
20106351;(У)Весы JVC JBS-007;2002010635119
20111027;(У)Весы Maturo SC-310;2002011102719
401767551;(У)Весы Redmond SB1811 P;2040176755111
401767467;(У)Весы Redmond SB1812S Be;2040176746713
20111021;(У)Весы SECRETDATE SD-IT02CG;2002011102115
20103422;(У)Весы Tefal BM9600S1;2002010342215
20106354;(У)Весы Tefal PP1330V0;2002010635416
20102908;(У)Весы Tefal PP1400V0;2002010290813
20105158;(У)ГП Darina PL GM 241 010 1Х;2002010515817
20103101;(У)ГП Darina PL GM241 010 1W;2002010310115
20103085;(У)ГП Flama 1267 СG мод.3202Br;2002010308518
20106862;(У)ГП Gorenje GG5A11WFFM;2002010686210
20103930;(У)Гриль Tefal GC712D34;2002010393019
20102306;(У)Гриль Tefal GC722D34;2002010230611
20100715;(У)Конвектор Ballu BEC/SEM-1000;2002010071511
20104068;(У)Конвектор Ballu BEC/SEM-1500;2002010406818
20100697;(У)Конвектор Zanussi ZCH/S-1500 MR;2002010069716
20103273;(У)Кофемаш. Krups EA891810;2002010327311
401776058;(У)Кофемолка Redmond CG804 Ix;2040177605811
20101902;(У)М/варка Moulinex MK622832;2002010190212
20101879;(У)М/варка Tefal CY753832;2002010187915
20103489;(У)М/кам. Haier H2F-262WAA;2002010348910
401764883;(У)Миксер Blackton Bt MX321 Bl;2040176488316
401764901;(У)Миксер Gorenje M360CW;2040176490111
401763920;(У)Наб. Rondell RD-1878;2040176392019
50180085;(У)Подставка д/TV Mart Караван 1800 Wh;2005018008510
401762424;(У)Проигрыват. MAX VP-100 B;2040176242413
20098147;(У)Радиатор Royal Clima ROR-T7-1500M;2002009814716
10038189;(У)Синтезатор Denn DEK604NG;2001003818911
401763560;(У)Синтезатор MARUMO MRM-61;2040176356011
401763554;(У)Синтезатор MARUMO МRМ-491CWB;2040176355410
20098152;(У)Сковорода Tefal COOK&CLEAN 04233628;2002009815218
401790517;(У)Сотейник Rondell RDA-1911;2040179051715
20106820;(У)Суш.маш. Gorenje DNS12SWIFI/C;2002010682014
20101257;(У)Утюг Tefal FV5780E1;2002010125719
50181701;(У)Чайник Resto 90502;2005018170118
401790418;(У)Чайник Resto 90510;2040179041815
401790421;(У)Чайник Resto 90511;2040179042119
401790376;(У)Чайник Resto 90517;2040179037610
401790443;(У)Чайник Resto 90524;2040179044311
50181251;(У)Чайник Resto 90606;2005018125118
50180461;(У)Чайник Tefal C7922024;2005018046116
20108094;(У)Э/щипцы Galaxy LINE GL4634;2002010809411
20102168;(У)ЭП Darina F EC341 606W;2002010216813
20103907;(У)ЭП Gorenje GEC6A41WC;2002010390711
20110387;(У)ЭЧ Galaxy LINE LINE GL 0365;2002011038711
20085738;AC Artel FKN0002BEJX-OUT;4780093101025
20085737;AC Artel FKN0002BELX-IN;4780093101018
20085741;AC Artel FKN1042BEJX-OUT;4780093101049
20085740;AC Artel FKN1042BELX-IN;4780093101032
400438912;AC Ballu BPAC-07 SL/N6;4660294839975
400438914;AC Ballu BPAC-09 SL/N6;4660294839982
400438937;AC Ballu BPAC-12 SL/N6;4660294840667
400438937;AC Ballu BPAC-12 SL/N6;4660294840667
400274291;AC E-lux EACM-07 MQ/N3;7381032401342
400138726;AC Hisense AP-07CR4GKWS00;6926597712628
20093920;AC LG D09TT2.NSAR;8806091739445
20093921;AC LG D09TT2.UA3R;8806091739452
20093923;AC LG D12TT.NSJ;8806091739490
20093924;AC LG D12TT.UA3;8806091739520
400438882;AC Rapid RAC-09 CE/N6_V2;4660294822212
400438910;AC Rapid RAC-12 CE/N6_V2;4660294839999
400438910;AC Rapid RAC-12 CE/N6_V2;4660294839999
400438910;AC Rapid RAC-12 CE/N6_V2;4660294839999
20075804;AC Royal Clima BUSTА RM-BS22CH-E;4627174389968
20075805;AC Royal Clima BUSTА RM-BS28CH-E;4627174389975
400290533;AC Royal Clima RM-EG17CH-E;4627188910837
400290533;AC Royal Clima RM-EG17CH-E;4627188910837
20075806;AC Royal Clima SALVATORE RM-SL39CH-E;4627174389982
400401072;AIO MSI Modern AM242P 12M-1493XRU;4711377268745
10031254;AM Digma D-PS1531;4630143116069
400355094;AS TCL S45H;6921732887322
400355094;AS TCL S45H;6921732887322
400238972;AS Яндекс YNDX-00055GRN;4670028541210
400071372;ASP Sber SBDV-00090A;4640076240526
400071373;ASP Sber SBDV-00090B;4640076240533
400181798;ASP Sber SBDV-00090b DEMO;2040018179815
400071367;ASP Sber SBDV-00090C;4640076240458
400182036;ASP Sber SBDV-00090s DEMO;2040018203619
400071374;ASP Sber SBDV-00090T;4640076240847
400345631;ASP Sber SBDV-00171D;4640076241943
400348711;ASP Sber SBDV-00171D DEMO;2000000027678
400348823;ASP Sber SBDV-00171G;4640076241721
400345592;ASP Sber SBDV-00171V;4640076241738
400348844;ASP Sber SBDV-00250A;4640076242322
400345267;ASP Sber SBDV-00250B;4640076242339
400345589;ASP Sber SBDV-00250G;4640076242346
400348289;ASP Sber SBDV-00250Y;4640076242353
400454466;ASP Яндекс YNDX-00030 Bl;4670028541838
400454581;ASP Яндекс YNDX-00030 Bl Demo;2040045458112
20066528;BM Gorenje BM1210BK;3838782326622
400360115;BM Gorenje BM900WS;3838782674273
20063082;BM Gorenje BM910W;3838782067006
20037997;BM Moulinex OW251E32;13045386376190
20037997;BM Moulinex OW251E32;13045386376190
400456325;BT адапт. STM BT51;4650495310106
400456326;BT адапт. STM BT54;4650495310113
400456324;BT адапт. STM BT54AL;4650495310069
400282023;CarRF EZ Coolers 60226;4013720160226
400282023;CarRF EZ Coolers 60226;4013720160226
400281988;CarRF EZ Coolers 60233;4013720160233
400433914;CarRF EZ Coolers 60240;4013720160240
400433914;CarRF EZ Coolers 60240;4013720160240
20067395;CarRF EZ Coolers E24M 12-230V Mirabelle;4013720160004
20067395;CarRF EZ Coolers E24M 12-230V Mirabelle;4013720160004
20072193;CarRF EZ Coolers E26M 12-230V B;4013720160035
20067231;CarRF EZ Coolers E26M 12-230V Gr;4013720160042
20067904;CarRF EZ Coolers E32M 12-230V B;4013720160011
20067903;CarRF EZ Coolers E32M 12-230V Gr;4013720160028
20067903;CarRF EZ Coolers E32M 12-230V Gr;4013720160028
20068995;CarRF EZ Coolers ESC 26M 12/230V;4013720160059
50117730;Car-компрессор Goodyear GY000111;2110027029569
400338474;CD iconBIT TRS2403;4895160636840
400338475;CD iconBIT TRS2404;4895160636857
400338477;CD iconBIT TRS2406;4895160636871
400239856;Cтекло ELFY EWE-TG-IPH15PL-BL-M;4673744118483
400342959;DVPM Rombica MPR-L550;8886482524010
400342960;DVPM Rombica MPR-L590;8886482524027
400354370;DVPM Rombica MPR-M390;8886482523990
400354371;DVPM Rombica MPR-M490;8886482524003
400262769;DVR Artway AV-304;4640195397170
400286835;DVR Artway AV-305;4640195397361
400512052;DVR Artway AV-425;4640195399457
400539264;DVR Artway AV-430;4640195399662
400453526;DVR Artway AV-440;4640195399112
400153922;DVR Artway AV-601;4620019033491
400512289;DVR Artway AV-703;4640195399464
400395014;DVR Digma FreeDrive 940W;4630143158168
400348485;DVR Mio MiVue J10;4713264286702
400362694;DW Gorenje GS520E15W;3838782574450
20070943;DW Gorenje GS53010W;3838782435195
400193469;DW Midea MCFD55S460Wi;4657804510042
400193422;DW Midea MCFD55S650Bi;4657804510011
400193484;DW Midea MFD45S160Wi;4657804510066
50064331;GP Defender 64247;2110025980091
50129102;HF Huawei CM70-C Amber Sunrise DEMO;2005012910215
400226913;IP-кам. Botslab C201;6970312875822
400296312;IP-кам. Botslab C212;6974772421919
400458743;IP-кам. Яндекс YNDX-00582GRY;4670028541760
400108486;IP-камера Ezviz CS-BM1 1080P RA;6941545611693
400311191;JM Blackton J2111;4650229408772
400120483;JM Hi JE-01C01;8886482518507
400205862;JM Moulinex JU660D30;3045380023772
20036960;JM Moulinex PC120870;3045386363483
20059560;JM Moulinex ZU420E10;13016661152686
20059560;JM Moulinex ZU420E10;13016661152686
400218550;MC Carrera CRA-101;4660463600023
400021210;MC Denn DPS125;4670015774058
400076126;MC Hyundai H-MC1231;4630143126143
400350519;MC Hyundai H-MC1235;4630143126815
400278348;MC Hyundai H-MC1298;4630143136135
10025637;MC Hyundai H-MC170;4630084224021
400432446;MC Sven HA-950;6438162022457
400296994;MG Gorenje MG1701W;3838782769689
400296994;MG Gorenje MG1701W;3838782769689
20077690;MG Haier HG-600;6925777801107
20077690;MG Haier HG-600;6925777801107
20065792;MG Haier HG-700;6925777800377
400423724;MG Haier HG-702;6952605502790
400423724;MG Haier HG-702;6952605502790
20075931;MG Moulinex Compact ME301132;3016661165337
20075931;MG Moulinex Compact ME301132;3016661165337
20075931;MG Moulinex Compact ME301132;3016661165337
20078909;MG Moulinex ME478138;3045380021556
20036593;MG Moulinex ME622832;3045380011571
20062493;MG Moulinex ME683832;3045380015999
20062493;MG Moulinex ME683832;3045380015999
400244814;MG Rombica MGR-105;8886482522856
20077141;MG WMF 0417100711;14211129146576
20049688;MG Аксион М41.12;2110026163264
20079130;MG Аксион М43.01;4607159824622
30042091;Moдем YOTA 4G LTE Собств;2003004209118
20083484;MW Gorenje MO17E1BH;3838782611568
20083484;MW Gorenje MO17E1BH;3838782611568
20083484;MW Gorenje MO17E1BH;3838782611568
20062339;MW Gorenje MO17E1W;3838782175350
20062574;MW Gorenje MO20A3B;3838782176524
20083146;MW Gorenje MO20A3WH;3838782611520
20062575;MW Gorenje MO20A3X;3838782176531
20083142;MW Gorenje MO20A4BH;3838782611537
20083145;MW Gorenje MO20A4XH;3838782611544
20062571;MW Gorenje MO20E1W;3838782175374
20083143;MW Gorenje MO20E2BH;3838782611513
400207103;MW Hisense H20MOBP1;3838782611438
400360161;MW Hisense H20MOBP1HI;3838782820014
400280521;MW Hisense H20MOBSD1HG;3838782732003
400396881;MW Hisense H23MOBS5HC;3838782853982
400280625;MW Hisense H25MOBS1HC;3838782637940
400396884;MW Hisense H25MOBS4HGI;3838782819698
400185461;MW Hotpoint MWHA 201 W;8690842601255
400184937;MW Hotpoint MWHA 253 B;8690842601309
400364545;MW Midea AM720C2MV-S;4813779004485
400300872;MW Midea EM719M2Z-W;6944271675892
400300872;MW Midea EM719M2Z-W;6944271675892
400300866;MW Midea MM719M2Z-W;6944271675878
400300866;MW Midea MM719M2Z-W;6944271675878
400344521;MW Midea MM720C2MV-S;4813779004492
400342804;MW Midea MM720C2MV-W;4813779004508
400273175;MW Rombica MWO-001 Bl;8886482523402
400273174;MW Rombica MWO-002 Bl;8886482523419
400738570;MW SAMSUNG MC28H5013AK/BW Bl;2026022700061
400738570;MW SAMSUNG MC28H5013AK/BW Bl;2026022700061
400559530;MW Samsung MG23DG4524AGBW;2025121600159
400559531;MW Samsung MG23DG4524ATBW;2025121600166
400559529;MW Samsung MG23K3513AK/BW;2025121600111
400738568;MW SAMSUNG MG23T5018AN/BW Mt;2026022700115
400738568;MW SAMSUNG MG23T5018AN/BW Mt;2026022700115
400738569;MW SAMSUNG MG23T5018AW/BW Wh;2026022700122
400738569;MW SAMSUNG MG23T5018AW/BW Wh;2026022700122
400647064;MW SAMSUNG MG30T5018AK/BW Bl;2026001280119
400647064;MW SAMSUNG MG30T5018AK/BW Bl;2026001280119
400559552;MW Samsung MS23K3513AK/BW;2025121600128
400559555;MW Samsung MS23K3513AS/BW;2025121600234
400559554;MW Samsung MS23T5018AK/BW;2025121600227
20038382;MW Sharp R6852RK;4974019910260
20038432;MW Sharp R6852RSL;4974019910277
20082835;MW Toshiba MV-AG21TF(BK);6944271662915
400243595;MW Toshiba MV-AM21T(BK);6944271673430
400331429;MW Toshiba MW3-EM21PE(WH);6944271677131
400331429;MW Toshiba MW3-EM21PE(WH);6944271677131
400366182;MW Toshiba MW3-MM21PE(WH);6944271680018
400366182;MW Toshiba MW3-MM21PE(WH);6944271680018
400186930;MW Toshiba MW3-MM25PE(BK);6944271673171
400186930;MW Toshiba MW3-MM25PE(BK);6944271673171
400311609;MW Toshiba MW3-SAC24SE(WH);6944271672556
400406053;NB Huawei MateBook D14 53014BRW;2040040605313
401177992;NB INFINIX BL41A7H;4894947120664
400360053;NB Infinix Y4H Max YL613H 71008302337;4894947038532
400393941;PC LYAMBDA L-OFC03101-BK;4660116299215
400318285;PC Raskat START100157401;4610211388116
400308685;PC Thunderobot JT00ET00QRU;6932066311995
400809526;PDA Huawei Mate 80 Pro 16/512GB Black;6942103187698
400809615;PDA Huawei Mate 80 Pro 16/512GB Gold;6942103187704
400809615;PDA Huawei Mate 80 Pro 16/512GB Gold;6942103187704
400405611;PDA HUAWEI Mate X6 12/512GB Bl;6942103146176
400405667;PDA HUAWEI Mate X6 12/512GB Gr;6942103146169
400574911;PDA Huawei Mate X7 16/512GB Black;6942103182181
400574915;PDA Huawei Mate X7 16/512GB Red;6942103182198
400478532;PDA Huawei nova 14 Pro 12/512GB B;6942103170836
400817131;PDA Huawei nova 15 12/256GB Black;6942103190056
400816726;PDA Huawei nova 15 12/256GB Vivid Green;6942103190032
400817023;PDA Huawei nova 15 12/256GB White;6942103190049
400816656;PDA Huawei nova 15 Pro 12/256GB Black;6942103190124
400816645;PDA Huawei nova 15 Pro 12/256GB Ul V;6942103190100
400808866;PDA Huawei nova 15 Pro 12/256GB Vi G;6942103190094
400819408;PDA Huawei nova 15 Pro 12/512GB Black;6942103190162
400816664;PDA Huawei nova 15 Pro 12/512GB Vi G;6942103190131
400474432;PDA Huawei Pura 80 12/256GB Gld;6942103169106
400421511;PDA OPPO Reno 13 Pro 5G 12/512GB Gr;6932169359214
400421500;PDA OPPO Reno 13 Pro 5G 12/512GB Pu;6932169359221
400479664;PDA realme RMX5111 15T 8/128GB D/Gr;6941764474925
400261286;PDA Redmi Note 13 Pro 8/256Gb DEMO;2040026128614
400261285;PDA Redmi Note 13 Pro+ 5G 8/256Gb DEMO;2040026128515
400414026;PDA Redmi Note 14 6/128GB Mn/Bl Demo;2040041402614
400414042;PDA Redmi Note 14Pro+ 8/256GB Mn/Bl Dms;2040041404212
400444530;PDA Redmi Note 14S 8/128GB Midn DEMO;2040044453019
400795736;PDA Tecno Camon 50 12/256Gb G;4894947116223
400742493;PDA TECNO Camon 50 12/256Gb MoSh Bl;4894947116216
400795715;PDA Tecno Camon 50 12/256Gb Ti;4894947116230
400795653;PDA Tecno Camon 50 8/256Gb G;4894947116162
400795707;PDA Tecno Camon 50 8/256Gb Ti;4894947116179
400742492;PDA Tecno Camon 50 Bl;4894947116155
400279717;PDA vivo V30 12/256GB G DEMO;2040027971714
400266796;PDA Xiaomi 14 12/512GB Bl;6941812760406
400479179;PDA Xiaomi 15T 12/256GB Bl DEMO;2040047917914
400478031;PDA Xiaomi 15T Pro 12/256GB Bl;6932554448752
400665509;PDA Xiaomi 17 12/256GB Bl DEMO;2040066550918
400665515;PDA Xiaomi 17 Ultra 16/512 Gb G DEMO;2040066551519
401291267;PDA Xiaomi 17T 12/256GB Bl DEMO;2040129126715
401294606;PDA Xiaomi 17T Pro 12/256GB Bl DEMO;2040129460611
400418317;PDA Xiaomi Note 14 Pro 8/256GB Bl DEMO;2040041831711
400539260;PDA Xiaomi Note 15 Pro 5G 8/256GB DEMO;2040053926016
400539249;PDA Xiaomi Note 15 Pro 8/256GB Bl DEMO;2040053924913
400539271;PDA Xiaomi Note 15 Pro+ 5G 8/256GB DEMO;2040053927112
400539254;PDA Xiaomi REDMI Note 15 6/128GB Bl DEMO;2040053925415
10031253;PS Digma D-PS1530;4630143116052
400340265;PS MAX Q-40 Bl;4630011252424
400193657;PS Яндекс YNDX-00053Z DEMO;2040019365712
40071110;PS4 AC 3 + AC Liberation Remaster;3307216111597
400033377;PS4 AC IV: Black Flag. PS Hits;3307216076872
400466947;PS4 Activision CoD: Modern Warfare;5030917285196
40073643;PS4 Assassin's Creed Valhalla;3307216168294
400023639;PS4 Assassin's Creed: Origins;3307216017165
400023640;PS4 Assassin's Creed: Unity;3307215785874
400072294;PS4 Assassin's Creed: Синдикат;3307215893081
400023638;PS4 Assassin's Creed:The Ezio Collection;3307215977361
40069997;PS4 Assassin's Creed:Одиссея;2004006999717
400081648;PS4 Atomic Heart;0351289996496
40078748;PS4 Batman: Arkham Collection;5051891162938
40064870;PS4 Bloodborne:Порожд.GotY Ed.;0711719842842
40071133;PS4 Borderlands 3;2004007113310
400108881;PS4 Chernobylite;5060522097631
40078822;PS4 CoD Modern Warfare Remast.;5030917214639
40066134;PS4 Crash Bandicoot Nsane Tril;047875880825
40074228;PS4 Crash Bandicoot4: Это Вопрос Времени;5030917290947
400033384;PS4 Dark Souls Trilogy;2000859971856
40070615;PS4 Darksiders III;9120080070784
40067703;PS4 Detroit Стать человеком;0711719397076
400481572;PS4 EA Sports FC 26;5030935125337
40069850;PS4 Far Cry 3 Classic Edition;2110027031623
40063111;PS4 Far Cry 4;2004006311113
40066095;PS4 Far Cry 5;2004006609517
40074250;PS4 Far Cry 6;3307216170761
40072312;PS4 God of War (Хиты PS);0711719964209
40071435;PS4 God of War 3.Обновл.Хиты PS;0711719845638
40078825;PS4 God of War. Хиты PS;0711719963608
40079007;PS4 God of War: Ragnarok;0711719407195
40078773;PS4 Gran Turismo 7;0711719569619
40072221;PS4 Grand Theft Auto V. Premium Edition;2043662559620
40077076;PS4 GTA: The Trilogy. The DE;2004007707618
400119881;PS4 Hogwarts Legacy Стандартное издание;2040011988117
40076797;PS4 Horizon Запретный Запад;0711719717997
40070025;PS4 inFAMOUS:Второй сын (Хиты PS);0711719701514
40075624;PS4 It Takes Two;5030945124696
40066357;PS4 Knack 2;0711719863762
40065870;PS4 LEGO CITY Undercover;2110026356222
40078331;PS4 LEGO Звездные Войны: Скайуокер. Сага;5051890321510
40063795;PS4 LEGO Мир Юрского Периода;2110025717888
400023641;PS4 Lego: Harry Potter Collection;5051891144507
40077541;PS4 Little Nightmares I + II;2036980079628
400156299;PS4 Mad Max (Хиты PlayStation);5051890322128
40073962;PS4 Mafia: Definitive Edition;2004007396218
40073960;PS4 Mafia: Trilogy;2004007396010
40074581;PS4 Marvel Человек-Паук: Майлз Моралес;0711719818823
400152992;PS4 Metro Redux;4020628886189
40070190;PS4 Metro: Exodus;2000860038913
40077050;PS4 Minecraft;0711719704294
40078829;PS4 Mortal Kombat 11 Ultimate;2036984363624
40070622;PS4 Mortal Kombat X.Хиты PS;2110027103726
40064680;PS4 Mortal Kombat XL;2110025905148
40072202;PS4 No Man's Sky. Beyond;0711719929604
400033369;PS4 Rayman Legends. PS Hits EN;3307216075998
40070013;PS4 Red Dead Redemption 2;0710425478901
40072921;PS4 Resident Evil 3;2004007292114
400083861;PS4 Resident Evil 4 Remake СИ;2040008386117
40071571;PS4 Resident Evil 7: Biohazard.Хиты PS;5055060900840
40075244;PS4 Resident Evil: Village;2004007524413
40078927;PS4 Saints Row.Day One Edition;4020628687175
400033391;PS4 Shadow of the Colossus;0711719352570
40073593;PS4 SnowRunner СИ;2004007359312
400141522;PS4 Sony Death Stranding(рус.субтитры);0711719951407
40065708;PS4 Tekken 7;2043662559644
400326135;PS4 Terraria (русские субтитры);0812872018294
40074254;PS4 UFC 4;0014633738551
40070649;PS4 Uncharted:Натан Дрейк.Хиты PS;0711719711414
40065145;PS4 Ведьмак 3:ДО.Игра года;2043662559637
40070623;PS4 Дожить до рассвета.Хиты PS;0711719445074
40071255;PS4 Звёздные Войны Джедаи: Павший Орден;0014633738346
40071415;PS4 Одни из нас. Часть II;0711719329800
40062730;PS4 Одни из нас.Обновленная;0711719407812
40075117;PS4 Призрак Цусимы;0711719364207
400144003;PS4 Призрак Цусимы Режиссёрская версия;0711719714996
40071572;PS4 Средиземье: Тени Мордора. Хиты PS;5051892216920
401359660;PS5 007 First Light;0884095225308
400478313;PS5 2K Borderlands 4;5026555438827
40074445;PS5 Assassin's Creed: Valhalla;3307216174165
40079692;PS5 Astro Bot;0711719591115
400081693;PS5 Atomic Heart;3512899959323
400081693;PS5 Atomic Heart;3512899959323
400744520;PS5 Capcom Resid.Evil7 Biohazard.Gl Ed;5055060905982
400444080;PS5 Capcom Resident Evil 3;5055060905852
400652415;PS5 Capcom Resident Evil Requiem;5055060993514
400156248;PS5 Chernobylite;2040015624813
400443520;PS5 Clair Obscur Expedition 33;3391892034226
401621986;PS5 Crimson Desert. Day One Edition;4020628550905
40075078;PS5 Devil May Cry 5. Special Edition;0505506095250
400437850;PS5 EA Split Fiction;5030948125386
400478316;PS5 EA Sports EA Sports FC 26;0014633385243
400478696;PS5 EA Sports NHL 26;14633384314
40078771;PS5 Elden Ring русские суб;0339189201722
400335204;PS5 Elden Ring. Shadow of Erdtree Ed.;3391892030952
400305110;PS5 Expeditions: A MudRunner Game СИ;4020628584702
40079507;PS5 Five Nights at Freddy's: SB;0814290016821
40078987;PS5 Grand Theft Auto V;0710425578649
400195283;PS5 Hitman: World of Assassination;0884095213985
400384401;PS5 Horizon Zero Dawn Remastered;0711719592143
401416342;PS5 Kingdom Come Deliverance Royal Edit;4020628546847
400478315;PS5 Konami Silent Hill F;4012927151624
401416343;PS5 LEGO Batman Legacy of the DarkKnight;5051889751014
400487902;PS5 Little Nightmares III;3391892036107
40074578;PS5 Marvel Человек-Паук: Майлз Моралес;0711719835929
40079560;PS5 Need for Speed: Unbound EN;5030938123866
400484987;PS5 PlayStation Ghost of Yotei;0711719020219
40075247;PS5 Ratchet & Clank: Сквозь Миры;0711719569701
400083897;PS5 Resident Evil 4 Remake СИ;2040008389712
40075245;PS5 Resident Evil: Village;2004007524512
400487906;PS5 RoboCop: Rogue City Collection;3665962031553
400332640;PS5 Snowrunner (русские субтитры);0859529007607
400466221;PS5 Sony Death Stranding 2: On The Beach;0711719599623
40079741;PS5 Star Wars: Outlaws;2004007974119
400314868;PS5 The Callisto Protocol (рус.суб.);0811949034878
400220478;PS5 UFC 5;5030930124397
40079691;PS5 Warhammer 40,000: Space Marine 2;2004007969115
400685269;PS5 Yakuza Kiwami 3 & Dark Ties;5055277057184
40074580;PS5 Сэкбой: Большое приключение;0711719824121
400382984;RF Beko B1RCNK332W;4680037178642
400315574;RF Beko B1RCSK312G;4680037178499
400315236;RF Beko B1RCSK312W;4680037178482
20078730;RF Beko B3DRCNK402HW;4680037177256
400315641;RF Beko B3R0CNK312HW;4680037178598
400315804;RF Beko B3R0CNK332HG;4680037178574
20078732;RF Beko B3RCNK402HX;4680037177287
20078729;RF Beko B5RCNK403ZW;4680037177348
400399752;RF Beko B5RCNK403ZX;4680037178864
20078734;RF Beko B5RCNK403ZXBR;4680037177355
400200070;RF Casarte CASF4777ETAC5U1;6901018084287
400217555;RF Casarte CASWS170GDAI;6930265340112
400470827;RF Gorenje NRK41814W4I;3838783036353
400498011;RF Gorenje NRKP61EA2XL4;3838782654138
20080074;RF Grundig GKPN669307FW;4680037178055
400301509;RF Haier A4F637COMVU1 Or;4610214740300
400275985;RF Haier FWC77GDAE1;6930265340129
20065593;RF Haier HB18FGWAAARU;6901018074738
20056592;RF Haier HB25FSNAAARU;2110027066465
400506953;RF Hisense RB3N331NAC1;6979048650017
400506945;RF Hisense RB3N331NAW1;6979048650024
400341335;RF Hisense RQ760N4IF1;6921727084200
400341335;RF Hisense RQ760N4IF1;6921727084200
400161108;RF Hisense RS840N4AIF;6921727074492
400282769;RF Hotpoint HT 8201I W O3;8690842648397
400282773;RF Hotpoint HT 9201I AB O3;8690842648465
400341641;RF Hotpoint HT 9201I BZ O3;8690842648441
400282774;RF Hotpoint HT 9201I DX O3;8690842648380
400258219;RF Hotpoint HT 9201I W O3;8690842648328
20070645;RF Indesit ITS 4180 W;8050147625552
400433956;RF Indesit ITS 4200 XB;8690842648496
20071633;RF Indesit ITS 5200 W;8050147625354
20082497;RF Liebherr SRbde 5220-20 001;4016803071952
400456635;RF Midea MDRB523MGE28ODM;4816202800029
400854957;RF SAMSUNG RB50DG602ES9WT нерж.сталь;2026032000083
400816267;RF SAMSUNG RB53DG703EB1WT черный;2026031700007
400765862;RF SAMSUNG RS70F65Q1TWT нерж. сталь;8806097164142
400765860;RF SAMSUNG RS80F65J1FWT черный;8806097164470
400765859;RF SAMSUNG RS90F65D1FWT черный;8806097164760
400084203;RF Toshiba GR-RB500WE-PMJ(49);6940461934565
400079279;RF Toshiba GR-RB500WE-PMJ(51);6940461934558
400358351;RF Toshiba GR-RF690WI-PGJ(67);6940461938532
400358352;RF Toshiba GR-RF695WI-PGJ(67);6940461938525
1008230;SIM Билайн;2000100823019
400431305;SmartTVпр. Denn SB-01;4670015774485
400431248;SmartTVпр. Denn SBMini;4670015774478
50149452;SmartTVпр. Rombica SC-A0009;8886482507099
50149453;SmartTVпр. Rombica SC-A0010;8886482507129
50174322;SmartTVпр. Rombica VPLT-02;8886482516831
400311602;SmartTVпр. Sber SBDV-00006;2040031160227
400483115;SmartTVпр. Sber SBDV-00269;4640076243862
400228223;SS Hisense HS2100;6942147497937
400288606;SS Hisense HS3100;6942351409085
400172943;SSDP Atom AEXSSD256GSG;4607192336182
400290237;SSDP Atom AEXSSDP15256GBK;2040029023718
30053049;SW Apple S6 44mm 3H263RU/A DMs;190199879898
30052982;SW Apple SE 40mm 3H134RU/A DMs;190199762114
400235955;SW Geozon G-W27PNK;4673726820526
400478027;SW Huawei 55020FWA;6942103168284
400797623;SW Huawei 55020GNS;6942103178955
30061069;SW Huawei ASN-AL10 P DEMO;6941487239146
30063295;SW HUAWEI FRG-B19 Wh/S DEMO;6941487253869
30060756;SW Huawei JPT-B19 St/Br DEMO;6941487236978
30060757;SW Huawei MIL-B19 Gl/Wh DEMO;6941487236398
30063294;SW HUAWEI ODN-B19 Lt/Gr DEMO;6941487249466
400454546;SW HUAWEI Watch Fit 4 Bl;6942103155277
400455615;SW HUAWEI Watch Fit 4 Pro G;6942103155338
400455599;SW HUAWEI Watch Fit 4 Wh;6942103155291
400362267;SW HUAWEI Watch GT 5 Pro 46mm Ti;6942103131455
400478023;SW HUAWEI Watch GT 6 Pro 46mm Bl;6942103168307
400835905;SW HUAWEI Watch GT Runner 2 Dawn Orange;6942103185625
400835911;SW HUAWEI Watch GT Runner 2 Midnight Bl;6942103185649
400478030;SW HUAWEI Watch GT6 Pro 46mm Ti;6942103168291
400478030;SW HUAWEI Watch GT6 Pro 46mm Ti;6942103168291
30060183;SW Huawei Watch Kids 4 Pro Pnk;6941487238507
30063364;SW HUAWEI YDA-B09S Sakura P DEMO;6941487260782
400509178;SW realme Watch 5 Bl;6941764468795
401286469;SW Xiaomi BHR08CQGL DEMO;6932554452605
400156887;SW Xiaomi BHR7155GL DEMO;2040015688716
400266508;SW Xiaomi M2315W1 Bl DEMO;2040026650818
400422687;SW Xiaomi Redmi Watch 5 Ob/Bl_DEMO;2040042268714
400392178;SW Xiaomi Smart Band 9 Bl_Demo;2040039217817
400366200;SW Xiaomi Smart Band 9 Midn/Bl DEMO;6941812786949
400665491;SW Xiaomi Watch 5 Bl Strap DEMO;2040066549110
400393800;SW Xiaomi X57760 demo;2040039380016
400393806;SW Xiaomi X57765 demo;2040039380610
400428795;TC Digma Kids A10 DA5B0P01;4630143155747
400307565;TC Honor Pad 9 8/128 5G Gr+клав 5301AHLN;6936520840625
400477507;TC HUAWEI 12X 12+256 WiFi 53014KPW;6942103166679
400477475;TC HUAWEI 12X 12+256wifi+KB 53014KNR;6942103166655
400572012;TC HUAWEI 53014KCC;6942103163470
400571402;TC HUAWEI 53014KRL;6942103176364
400571386;TC HUAWEI 53014MLK;6942103176395
400571393;TC HUAWEI 53014MLV;6942103176371
401086975;TC HUAWEI 53014PTT;6942103192975
400893167;TC HUAWEI 53014PTW;6942103192982
401086941;TC HUAWEI 53014QHK;6942103192999
30058007;TC Huawei DBY-W09 6+256GB Ol/G DEMO;2003005800710
400473260;TC HUAWEI MatePad 8/256GB (53014KBN);6942103163456
400444554;TC HUAWEI MatePad SE 11 2025 4/128GB Kid;2040044455426
400444560;TC Huawei MatePad SE11 53014GXT;2040044456027
400473246;TC HUAWEI TXZ-W09 8+256 (53014KCD);6942103163432
400177584;TC Xiaomi Pad 6/128GB Lt/B DEMO;2037005880779
400692309;TC Xiaomi Pad 8 8+128 Gb Gray DEMO;2040069230916
400467924;TC Xiaomi Redmi Pad 2 4G 4/128GB Gr DEMO;2040046792413
400141407;TV Candy Uno 32;6971926016922
400141490;TV Candy Uno 43 UHD;6971926019220
400141502;TV Candy Uno 50;6971926017059
400187036;TV Grundig 55 NANO GH 8100;4013833067573
400187036;TV Grundig 55 NANO GH 8100;4013833067573
400263457;TV Grundig 55 OLED GH 9500;4013833070023
400263462;TV Grundig 65 OLED GH 9700;4013833071631
10031241;TV Grundig 65GOB9290;4013833060314
10031239;TV Grundig 65OLEDGG970B;4013833060291
400310242;TV Haier 32 Smart TV S2 (DH1U67D04RU);2040031024215
10031522;TV Haier 50 Smart TV AX Pro;6971926010128
400231481;TV Haier 50 Smart TV S4 (DH1VL5D04RU);6971926016229
400360183;TV Haier 55 Mini LED;6976454831788
400241359;TV Haier 55 Smart TV S4;6971926017110
400360247;TV Haier 55 Smart TV S6;6976454831979
400360247;TV Haier 55 Smart TV S6;6976454831979
400095987;TV Haier 55 Smart TV S7 (DH1VMED01RU);6971926016960
400095987;TV Haier 55 Smart TV S7 (DH1VMED01RU);6971926016960
400350342;TV Haier 65 Mini LED;6976454832006
400327701;TV Haier 65 OLED S9 Pro;6976454831610
400187769;TV Haier 65 OLED S9 Ultra;6971926013846
10030671;TV Haier 65 Smart TV AX Pro;6971926016663
10030671;TV Haier 65 Smart TV AX Pro;6971926016663
10031856;TV Haier 65 Smart TV S3;6971926016458
400226558;TV Haier 65 Smart TV S4;6971926017301
400360248;TV Haier 65 Smart TV S6;6976454832013
400360248;TV Haier 65 Smart TV S6;6976454832013
400096269;TV Haier 65 Smart TV S7 (DH1VWAD03R);6971926018391
400330843;TV Haier 85 Smart TV S8 QD;6976454831658
10030005;TV Haier H65S9UG PRO;6971926016311
10030670;TV Haier 55 Smart TV AX Pro;6971926016670
10030670;TV Haier 55 Smart TV AX Pro;6971926016670
400514031;TV Hi HS-24H01FB;4814032014197
400514044;TV Hi HS-32F01FB;4814032014210
400514039;TV Hi HS-32H01FB;4814032014203
400514046;TV Hi HS-40F01FB;4814032014227
400514049;TV Hi HS-43U01FB;4814032014234
10033074;TV Hi HT-32H01FB;2001003307422
10033075;TV Hi HX-32F01FB;2001003307521
10033073;TV Hi HX-32H01FB;2001003307323
10033070;TV Hi HX-43U01FB;2001003307026
10033061;TV Hi HX-50U01FB;2001003306128
10033064;TV Hi HX-55U01FB;2001003306425
10033064;TV Hi HX-55U01FB;2001003306425
10033067;TV Hi HX-65U01FB;2001003306722
10033079;TV Hi HY-24H01FW;2001003307927
10033072;TV Hi HY-32H01FB;2001003307224
10033083;TV Hi HY-43F01FB;2001003308320
10033069;TV Hi HY-43U01FB;2001003306920
10033066;TV Hi HY-65U01FB;2001003306623
400443430;TV Hisense 85U7Q PRO;6942351417608
401045770;TV Sber SDF-43UQ7000MBA;4640076244470
400779839;TV Sber SDF-50UQ7000MBA;4640076244500
400444780;TV Sber SDX-32F3111;4640076243022
400505476;TV Sber SDX-32F3112;4640076243046
400455170;TV Sber SDX-32FQ6031;4640076243626
400457908;TV Sber SDX-32H3011;4640076243619
400446273;TV Sber SDX-32H3113;4640076243008
400640028;TV Sber SDX-32H3114;4640076243015
400779309;TV Sber SDX-43F3000MBA;4640076244432
400446654;TV Sber SDX-43F3114;4640076243053
400364562;TV Sber SDX-43U4128;4640076242131
400780051;TV Sber SDX-43U5500DBA;4640076244463
400455204;TV Sber SDX-43UQ6032;4640076243633
400538982;TV Sber SDX-43UQ6033;4640076244289
401046068;TV Sber SDX-50UQ6000MBA;4640076244487
400596119;TV Sber SDX-55U8133;4640076244197
401046666;TV Sber SDX-55UQ6000MGA;4640076244517
400315939;TV TCL 85C855;6921732830380
400193646;TV TCL 98C745;6921732817244
400230025;TV TCL 98X955;6921732818432
400459809;TV Toshiba 85Z670RE;6942351422169
400472377;TV Яндекс Про MiniLED 65 YNDX-00104;4670028541937
400311612;USBD Atom 16GB USB2.0 AUSB2H2W/16GB;4607192337202
400373470;USBD Atom 16GB USB3.1 AUSB3H2BK/16GB;4607192337523
400311621;USBD Atom 32GB USB2.0 AUSB2H2W/32GB;4607192337219
400311629;USBD Atom 32GB USB3.1 AUSB3H2BK/32GB;4607192337226
400311622;USBD Atom 64GB USB2.0 AUSB2H2W/64GB;4607192337233
400311631;USBD Atom 64GB USB3.1 AUSB3H2BK/64GB;4607192337240
400311624;USBD Atom USB2.0 AUSB2H2W/128GB;4607192337257
400311632;USBD Atom USB3.1 AUSB3H2BK/128GB;4607192337264
400311633;USBD Atom USB3.1 AUSB3H2BK/256GB;4607192337271
50153462;USBD Kingston DT70/64GB;0740617305302
50153456;USBD Kingston DTKN/64GB;0740617309102
50153453;USBD Kingston DTX/128GB;0740617309928
50153454;USBD Kingston DTX/256GB;0740617310023
50153452;USBD Kingston DTX/64GB;0740617309829
50172898;USBD Kingston DTXM/128GB;0740617326376
50172899;USBD Kingston DTXM/256GB;0740617326383
50172897;USBD Kingston DTXM/64GB;0740617326260
400493813;USBD Kingston DTXS/128GB;0740617348699
400494760;USBD Kingston DTXS/64GB;0740617348651
400598307;USBD Kingston KC-U2G128-5R;0740617314359
400598381;USBD Kingston KC-U2L128-7LG;0740617338560
400574982;USBD Samsung MUF-64BE4/APC;2040057498212
400575009;USBD Samsung MUF-64DA/APC;2040057500915
400574923;USBD SanDisk SDCZ410A-064G-F46;0619659215767
50051282;USBD SanDisk SDCZ600-016G-G35;0619659115883
50140893;USBD SanDisk SDDDC3-032G-G46;0619659177140
50140899;USBD SanDisk SDDDC4-064G-G46;0619659179021
30043182;USB-модем Билайн 4G LTE;2003004318216
1007210;USB-модем МегаФон 4G+ (LTE)_SR;2000100721018
1007210;USB-модем МегаФон 4G+ (LTE)_SR;2000100721018
400428943;VC Candy CWND F1;16952605502247
400428818;VC Candy F55127E01RU;6952605501601
400458983;VC Deerma DEM-S30;6977076722904
400357244;VC Deerma DEM-T20W;6955578044458
400361039;VC Deerma DEM-VX900W;6955578044137
400404901;VC Deerma DX118C Combo;6955578045363
400392288;VC Deerma DX600S Combo;6955578045370
400195895;VC Dreame H12 Core;6973734685246
400304960;VC Dreame H12S(HHR30B);6976233672106
400291051;VC Dreame Trouver J10;6976233674032
10031324;VC Goodyear GY000192;4680218106235
10031325;VC Goodyear GY000193;4680218106259
400077433;VC Haier Haier HVC550;6952605546701
400077585;VC Haier HSR Care;6952605544998
400077584;VC Haier HSR Home;6952605544981
400077584;VC Haier HSR Home;6952605544981
400077581;VC Haier HVC150SH;6952605546749
400077581;VC Haier HVC150SH;6952605546749
400077582;VC Haier HVC150SW;6952605546756
400365340;VC Haier HVC350;6952605502035
400445896;VC Haier HWND Q2 Bl;16952605501448
400233824;VC KaringBee P1;6972989180506
400233824;VC KaringBee P1;6972989180506
400452294;VC Roborock Q8 black;6936905901262
400452294;VC Roborock Q8 black;6936905901262
400474836;VC Roborock WD5M1A512-02;6974653812416
400474838;VC Roborock WD5M6A512-02;6974653812775
400557986;VC Samsung VC15K4116VR/EV;2025121600074
400557986;VC Samsung VC15K4116VR/EV;2025121600074
400557986;VC Samsung VC15K4116VR/EV;2025121600074
401191054;VC SAMSUNG VC18M2110SB/EV B;2040119105416
401191054;VC SAMSUNG VC18M2110SB/EV B;2040119105416
401191056;VC SAMSUNG VC18M2130SR/EV R;2040119105614
400557988;VC Samsung VC18M2150SG/EV;2025121600005
401191057;VC SAMSUNG VC18M21C0VN/EV G;2040119105713
401191057;VC SAMSUNG VC18M21C0VN/EV G;2040119105713
400557829;VC Samsung VC20M255AWB/EV;2025121600036
400557829;VC Samsung VC20M255AWB/EV;2025121600036
400536823;VC Samsung VCC4520S36/XEV;2040053682318
401191125;VC SAMSUNG VCC5241S3K/XEV Bl;2040119112513
401191125;VC SAMSUNG VCC5241S3K/XEV Bl;2040119112513
400821471;VC SAMSUNG VCC5251V3R/XEV красный;2026031700076
400557992;VC Samsung VCC8837V3P/XEV;2025121600043
400557992;VC Samsung VCC8837V3P/XEV;2025121600043
400557990;VC Samsung VCC885BH36/XEV;2025121600050
400557014;VC Samsung VS15A6031R4/EV V;2025121600067
400557014;VC Samsung VS15A6031R4/EV V;2025121600067
400557016;VC Samsung VS20B75ACR5/EV S;2025121600098
400557016;VC Samsung VS20B75ACR5/EV S;2025121600098
400557016;VC Samsung VS20B75ACR5/EV S;2025121600098
400557017;VC Samsung VS20B75ADR5/EV S;2025121600104
400557017;VC Samsung VS20B75ADR5/EV S;2025121600104
400947101;VC SAMSUNG VS70H25WHT/EV;8806099019204
400947101;VC SAMSUNG VS70H25WHT/EV;8806099019204
400947097;VC Samsung VS90F40DEK/EV;2026032600160
400947097;VC Samsung VS90F40DEK/EV;2026032600160
400947098;VC Samsung VS90F40DFG/EV;2026032600030
400947098;VC Samsung VS90F40DFG/EV;2026032600030
400505934;VC Tefal GF2251F3;3221616163461
400505934;VC Tefal GF2251F3;3221616163461
400404554;VC Tefal GF5035F0;13221616132204
400423047;VC Tefal GF7540FO;13221616142296
400423047;VC Tefal GF7540FO;13221616142296
400423047;VC Tefal GF7540FO;13221616142296
401057230;VC Tefal IZ5011F0 Bl/Or;3121040097779
401057230;VC Tefal IZ5011F0 Bl/Or;3121040097779
401057230;VC Tefal IZ5011F0 Bl/Or;3121040097779
401561284;VC Tefal RG89U7E0 Wh;3221616170216
401561284;VC Tefal RG89U7E0 Wh;3221616170216
400457557;VC Tefal TW3235EA оранжевый/черный;3221616143807
400269446;VC Tefal TW4B25EA;3221616113374
400264192;VC Tefal TW4B50EA;3221616113350
400264192;VC Tefal TW4B50EA;3221616113350
401244443;VC Tefal TY1831E0 голубой;3221616176553
400477696;VC Tefal TY1C15F1;3221616164765
400477696;VC Tefal TY1C15F1;3221616164765
400403915;VC Tefal TY6A35WO;3221616113473
400403915;VC Tefal TY6A35WO;3221616113473
400403905;VC Tefal TY6A75WO;3221616113480
401215952;VC Tefal TY7A32E0 серый зеленый;3221616182059
20083534;VC TEFAL TY98C0WO;13221616055503
20063436;VC Thomas 788598 Drybox Amfibia Pet;4005435111297
400366091;VC Thomas Aquatic Breeze;4005435112225
400593180;VC Toshiba VC-BL200(B);6956079735050
400587383;VC Toshiba VC-BL200(W) белый;6956079735067
400624462;VC TROUVER J40;3106111300002
400622260;VC TROUVER K20 Flex Reach;6977728948256
400622260;VC TROUVER K20 Flex Reach;6977728948256
400622280;VC TROUVER M50;6977728949598
400622280;VC TROUVER M50;6977728949598
400622263;VC TROUVER M50 Ultra;6977728948478
400622263;VC TROUVER M50 Ultra;6977728948478
400845028;VC TROUVER RLE21SE;6977728945132
400845028;VC TROUVER RLE21SE;6977728945132
400624469;VC TROUVER RLE24SA;3105826000009
400624469;VC TROUVER RLE24SA;3105826000009
400624470;VC TROUVER RLE24SD;3105825900003
400624470;VC TROUVER RLE24SD;3105825900003
400624492;VC TROUVER RLE51SE;3106111400009
400624492;VC TROUVER RLE51SE;3106111400009
400624492;VC TROUVER RLE51SE;3106111400009
400624464;VC TROUVER RLE52SC;3106111200005
400624465;VC TROUVER RLP23SE;6977728942421
400624465;VC TROUVER RLP23SE;6977728942421
400624466;VC TROUVER RLP53HE;6977728942278
400624466;VC TROUVER RLP53HE;6977728942278
400624466;VC TROUVER RLP53HE;6977728942278
400624467;VC TROUVER RLV72LE-1;6977728944951
400624467;VC TROUVER RLV72LE-1;6977728944951
400624467;VC TROUVER RLV72LE-1;6977728944951
400757439;VC TROUVER RLZ83CE-1 Bl;2040075743929
400757439;VC TROUVER RLZ83CE-1 Bl;2040075743929
400624468;VC TROUVER RLZ92CE;6977728943329
400624468;VC TROUVER RLZ92CE;6977728943329
400160566;VC Xiaomi Robot Vacuum S12 EU;6941812728178
400480162;WDM Hisense WD5I1045BWQ;6901101832511
400636692;WDM SAMSUNG WD18DB8995BZLD;2026011200046
400455461;WebCam STM WC21;4650495310014
400455462;WebCam STM WC32;4650495310045
400050527;WH Ariston ABS ANDRIS2 R 10 2.5 O;5414849521490
20071909;WH Ariston ABS ANDRIS2 R 15 O;5414849984387
400050529;WH Ariston ABS ANDRIS2 R 15 U;5414849097384
400130518;WH Ariston PRO R 50 V PL UZ;5414849791572
400130517;WH Ariston PRO R 80 V PL UZ;5414849791589
400130517;WH Ariston PRO R 80 V PL UZ;5414849791589
20072791;WH Electrolux SP Multytronic S;7312970204382
20072780;WH E-lux EWH 30 Featly;7312970205129
20042883;WH Hyundai H-SWS17-80V-UI700;8806895700061
400410148;WH Philips AWH1626/51(50YD);4895244608602
400410167;WH Philips AWH1627/51(80YD);4895244608619
50173437;Wi-Fi роутер Huawei B535-232a 51060HVA B;6941487272563
1007211;Wi-Fi роутер МегаФон 4G+ (LTE)_SR;2000100721117
1007211;Wi-Fi роутер МегаФон 4G+ (LTE)_SR;2000100721117
20083191;WM Beko WSPE6H612A An;4680037173364
20083190;WM Beko WSPE6H612W Wh;4680037173388
20076821;WM Beko WSPE6H616W;4680037173029
20067847;WM Beko WSPE7612W;4680037172534
20072880;WM Beko WSPE7H616A;4680037172978
20076822;WM Beko WSPE7H616W;4680037172961
20076822;WM Beko WSPE7H616W;4680037172961
400195982;WM Casarte CASWD129C1CU;6921081598481
20079578;WM Haier HW90-B14979S;6921081593851
400094396;WM Hotpoint NSB 7239 W VE RU;8050147644706
400410006;WM Indesit BWSA 5109 WWV;8690842660023
400410006;WM Indesit BWSA 5109 WWV;8690842660023
400377038;WM Indesit BWSA 6109 WWV RU;8690842660009
20056205;WM Indesit EWSB 5085 CIS;2110027058170
20056205;WM Indesit EWSB 5085 CIS;2110027058170
20033774;WM Indesit IWSD 51051 CIS;8007842957068
20056207;WM Indesit MSC 615;2110027058194
20056208;WM Indesit MSD 615;2110027058187
400139944;WM Midea MF200W90WBS/S-RU;6945878342194
20038829;WM mini Renova WS-35E;4650000914409
20038829;WM mini Renova WS-35E;4650000914409
20038827;WM mini Renova WS-40 PET;4650000914522
20038827;WM mini Renova WS-40 PET;4650000914522
20083239;WM RENOVA WS-60 PET;4650000914560
400636720;WM SAMSUNG WW11CB944CGHLP;2026011200077
400636721;WM SAMSUNG WW11CG604CLBLP;2026011200084
400560628;WM Samsung WW70AG6S23AXLP нерж. сталь;2025121600258
400644026;WM SAMSUNG WW80AG6L28BBLP;2026011200121
400560629;WM Samsung WW80AG6S28ABLPl черный;8806094953794
400636723;WM SAMSUNG WW90DG5U34AELP белый;2026011200169
400662484;WM SAMSUNG WW90DG6G94LBLP;2026011200176
400636724;WM SAMSUNG WW90DG6U34LBLP черный;2026011200190
400365426;WM Toshiba TW-BN80C4RU(SK);6945878348486
50157196;WM-крепление Beko PSKS;8690842299025
400142399;WM-крепление Candy WSK1101/2;2040014239919
400480247;WM-крепление Gorenje SKHNE70W;3838783080325
50170915;WM-крепление Haier CKS-1;6921081593783
400476356;WM-крепление Midea MSKK-S200;6945878355804
400277417;А/гриль BQ GR2000;4650229410423
400320148;А/гриль Gorenje AF1300XG;3838782733475
400320148;А/гриль Gorenje AF1300XG;3838782733475
400421303;А/гриль Grundig FRY 6322;4013833067863
400454651;А/гриль Hisense HAF1350DR;3838782818547
400454651;А/гриль Hisense HAF1350DR;3838782818547
400468464;А/гриль Midea MAF-CY110A;6936718340975
400468465;А/гриль Midea MAF-CY85WK;6936718340982
400468465;А/гриль Midea MAF-CY85WK;6936718340982
401585450;А/гриль Pioneer SM555D Be;4895253326702
401585450;А/гриль Pioneer SM555D Be;4895253326702
401585450;А/гриль Pioneer SM555D Be;4895253326702
400458205;А/гриль Profi Cook PC-FR 1294 H;4006160050738
400413200;А/гриль Rombica myKitchen AFR-001;8886482524294
400472470;А/гриль Steba HF 1500;4011833200426
400263852;А/гриль Tefal EY145810;3045387291020
400263852;А/гриль Tefal EY145810;3045387291020
400376645;А/гриль Tefal EY245B10;3045387291112
400356033;А/гриль Tefal EY801D15;3045387248253
400356033;А/гриль Tefal EY801D15;3045387248253
400389338;А/гриль WMF 0415570011;4211129227179
400389338;А/гриль WMF 0415570011;4211129227179
50123494;Автоантенна Рэмо BAS-6103 Venus UHF;4603225010470
400078518;Адапт. Axxa 2410;4680431249023
400036566;Адапт. Denn PA-91;4670015774201
400458987;Адапт. Deppa 72420 Deppa;4680431291701
400459105;Адапт. Deppa 72422 Deppa;4680431291664
400459128;Адапт. Deppa 72434 Deppa;4680431291640
400459133;Адапт. Deppa 72435 Deppa;4680431291688
400463972;Адапт. Deppa OTG 73141;4680431291800
400458975;Адапт. Deppa OTG адаптер 73142 Deppa;4680431291787
400356953;Адапт. ЭРА SP-2-USB-W;5056396238218
401343741;Адапт. ЭРА SP-4-3USBAC-B черный;5063079898782
400471912;Адаптер Deppa 72423;4680431294139
50174491;Адаптер Lyambda 378;4660116292254
50137264;Адаптер Qumo 30024;4897062179869
50117429;Адаптер Rombica TC-00050;8885012527040
50117913;Адаптер Рэмо ДМТ-3;4603225000457
50060136;Адаптер ЭРА SP-3e-W;2110025544552
50041232;Адаптер ЭРА SP-4-B;2110026439758
50117377;Адаптер ЭРА SP-4-W;2110025542718
50131213;АЗУ Continent ZA20-292WT;4260360562907
400126041;АЗУ Deppa 11213;4680431248736
400170238;АЗУ Deppa 11216;4680431276760
400383153;АЗУ Deppa 11220;4680431286455
400383208;АЗУ Deppa 11222;4680431286493
400383211;АЗУ Deppa 11223;4680431286516
400383212;АЗУ Deppa 11224;4680431286530
400477236;АЗУ Deppa 11227;4680431295112
400368532;АКБ Akai BE-10011PD;4670089861166
400375556;АКБ Aukey PB-Y43;0689323786435
400375557;АКБ Aukey PB-Y44;0689323786442
400368421;АКБ Aukey PB-Y46P;0689323788606
400375660;АКБ Aukey PB-Y47;0689323787937
400375658;АКБ Aukey PB-Y53P;0689323789313
400483978;АКБ Axxa 3456;4680431295471
400483996;АКБ Axxa 3457;4680431295495
400301145;АКБ Deppa 33666 Bl;4680431283218
400301147;АКБ Deppa 33667;4680431283232
400382888;АКБ Deppa 33668 Bl;4680431285311
400383015;АКБ Deppa 33669 Bl;4680431285335
400383022;АКБ Deppa 33670 Bl;4680431285359
400383035;АКБ Deppa 33671 Bl;4680431285373
400383119;АКБ Deppa 33674 Bl;4680431285465
400383121;АКБ Deppa 33675 Bl;4680431287216
400383128;АКБ Deppa 33676 Wh;4680431287230
400383133;АКБ Deppa 33677 Bl;4680431287254
400383144;АКБ Deppa 33678 Wh;4680431287278
400458842;АКБ Deppa 33699 Deppa;4680431289500
400458853;АКБ Deppa 33700 Deppa;4680431289524
400458914;АКБ Deppa 33701 Deppa;4680431289548
400458927;АКБ Deppa 33704 Deppa;4680431289753
400458936;АКБ Deppa 33705;4680431289777
400458956;АКБ Deppa 33706 Deppa;4680431289937
400476113;АКБ Deppa 33708;4680431295341
400484251;АКБ Deppa 33709;4680431295327
400484254;АКБ Deppa 33710;4680431295365
400484803;АКБ Deppa 33711;4680431296126
400484808;АКБ Deppa 33712;4680431296140
400484990;АКБ Deppa 33713;4680431296164
400433495;АКБ Deppa NRG MagSafe Watch 10000 33707;4680431289975
400380128;АКБ RIVACASE VA2607;4260709014944
400381141;АКБ RIVACASE VА2612;4260709015064
50150194;Акк. хол. EZ 2шт.200г 61049;4013720161049
50150195;Акк. хол. EZ 61056;4013720161056
50160596;Аккум. EZ 61070;4013720161070
50133814;Аккум. EZ Coolers 61001;4013720161001
50133815;Аккум. EZ Coolers 61025;4013720161025
50062290;Аккум. GP 70PROAAAHC-2CRC2 2шт;2110026697479
50049615;Аккум. GP GP105PROAAAHC-2CR2;2110026697462
50123646;Аккум. GP GP270AAHC/USBLED-2CR4;4640033424952
50153441;Аккум. GP GP275AAHC/MVM-2CR6;4610116204047
50049614;Аккум. GP GP90PROAAAHC-2CRC2;4891199165061
400469701;Аккум. Яндекс YNDX-00650 Bl;4670028541920
50067285;Антенна Denn DAE601;2110026241771
50066804;Антенна Denn DAE605;2110025953064
50124560;Антенна Рэмо BAS-1106-P Парус;4603225003779
50042788;Антенна Рэмо BAS-1121 Belka;2110025670695
50128660;Антенна Рэмо BAS-1146 Аган;4603225011460
50001314;Антенна Рэмо BAS-1301 Колибри;1001028334
50042799;Антенна Рэмо BAS-1318 Galaxy;2110026422927
50122576;Антенна Рэмо BAS-1325 Ангара;4603225010852
50054645;Антенна Рэмо BAS-1333 Гроза;2110025670688
50056150;Антенна Рэмо BAS-5110 Anteco;2110026586063
10020237;Антенна Рэмо BAS-5116-DX Рекорд;4603225009979
50117281;Антенна Рэмо BAS-5119-DX;4603225010067
50117283;Антенна Рэмо BAS-5134-DX Хопер;4603225010029
50128740;Антенна Рэмо BAS-5139 Енисей;4603225011965
50165113;Антенна РЭМО BAS-5160;4603225017646
50044523;Антенна Рэмо BAS-5310-USB Horizon;2110026586070
50039810;Антенна Рэмо BAS-5320 Интер 2.0;2110025457630
50050250;Антенна Рэмо BAS-5341-DX Мицар;4603225008217
500746;АПК КВС;2000050074615
500864;АПК КВС new;2000050086410
501773;АПК Резервная;2000050177323
500573;АПК Резервная 500;2000050057311
400431238;Батарейки Opticell 5051001;6911332375640
50127346;Батарея GP Alkaline 12 шт;4891199186066
50119681;Батарея GP Alkaline A76 4 шт;2110027076716
400321302;Батарея GP CR2032UP-2CCRSBC2 20/1200;4891199223853
400321316;Батарея GP CR2032UP-2CCRSBC4 40/2400;4891199223860
50123870;Батарея GP Extra 9В 1 шт;2110027103115
50000043;Батарея GP Extra AA 8+2 шт;4891199078552
50041241;Батарея GP Extra AAA 4 шт;2110020353593
50048723;Батарея GP Extra AAA 6 шт;4891199152689
50160489;Батарея GP Extra Lithium CR2032 2 шт;4610116203286
50125056;Батарея GP Extra АА 4 шт;4891199177712
50130639;Батарея GP Extra АА 6 шт;4680024814539
50125101;Батарея GP Extra С 2 шт;4891199180453
400423461;Батарея GP GP15AXA218/2-2CRSBC10;4891199222603
400396994;Батарея GP GP24AXA21-2CRSBC4;4891199226168
400397024;Батарея GP GP24AXA21-2CRSBC6;4891199226496
400424176;Батарея GP GP24AXA218/2-2CRSBC10;4891199222610
50000054;Батарея GP High Voltage 23AF 1 шт;4891199042096
400230156;Батарея GP Ultra Plus АА 4шт;4891199177736
400230157;Батарея GP Ultra Plus ААА 4шт;4891199177743
400423898;Батарея Kodak LR03-4+2BL;0887930416619
401151992;Батарея Kodak LR03-8+2BL;0887930954692
400423901;Батарея Kodak LR6-4+2BL;0887930416602
401162601;Батарея Kodak LR6-8+2BL;0887930954685
50146675;Батарея Kodak MAX 9V 1 шт;0887930952858
50136159;Батарея Kodak MAX AA 4 шт;0887930952865
400163576;Батарея Kodak MAX AA 4+4 шт;0887930419900
50136158;Батарея Kodak MAX AAA 4 шт;0887930952810
400163566;Батарея Kodak MAX AAA 4+4 шт;0887930419894
50146824;Батарея Kodak MAX CR2032 2 шт;0887930417685
50146679;Батарея Kodak Ultra Premium AA 4 шт;0887930959512
50146678;Батарея Kodak Ultra Premium AAA 4 шт;0887930959529
400432361;Батарея Opticell 5051002;6911332375343
400433255;Батарея Opticell 5051003;6911332382990
400433238;Батарея Opticell 5051004;6911332382945
400433258;Батарея Opticell 5052001;6911332375749
400433274;Батарея Opticell 5052002;6911332375442
400433275;Батарея Opticell 5052003;6911332391763
400433279;Батарея Opticell 5052004;6911332395464
400433284;Батарея Opticell 5060002;6911332373226
400365446;Батарея Philips LR03E4B/51;4895229139527
400365564;Батарея Philips LR03E8W/51;4895229150683
400365384;Батарея Philips LR6E4B/51;4895229139510
400365502;Батарея Philips LR6E8W/51;4895229150676
400237490;БЗУ Deppa 23160 DEMO;4680431282877
400286929;БЗУ Deppa 23161;4680431283478
400382375;БЗУ Deppa 23163;4680431285168
50164506;БЗУ Deppa 24012;2005016450625
400518234;БЗУ Deppa 3 в 1 QI2 23169;4680431290117
400518292;БЗУ Deppa 3 в 1 QI2 23170;4680431296294
400360750;Блендер Blackton HB421PS Wh;4650229411291
400360750;Блендер Blackton HB421PS Wh;4650229411291
20083030;Блендер Candy CB-150;6927886402565
400432932;Блендер Gorenje HBC564QW;3838782393075
400432934;Блендер Gorenje HBC804QW;3838782393082
400432934;Блендер Gorenje HBC804QW;3838782393082
400432935;Блендер Gorenje HBX601XG;3838782693045
400432935;Блендер Gorenje HBX601XG;3838782693045
20070156;Блендер Haier HB-501;6925777800346
400231070;Блендер Haier HB-600 S;6952605549160
400094243;Блендер Hi BS-1001;8886482516923
400477682;Блендер Moulinex DD5R38F0;3016661180019
400477682;Блендер Moulinex DD5R38F0;3016661180019
400477682;Блендер Moulinex DD5R38F0;3016661180019
400477682;Блендер Moulinex DD5R38F0;3016661180019
400347846;Блендер Moulinex DD67G810;3016667291726
20068249;Блендер Moulinex DD944810;3016661157585
400264199;Блендер Moulinex DD94L810;3016667290866
20068519;Блендер Moulinex DD95MD10;3016661158384
20080243;Блендер Moulinex LM17GD10;3016667245552
20080243;Блендер Moulinex LM17GD10;3016667245552
400412241;Блендер Moulinex LM190AF0;3016667294024
400412252;Блендер Moulinex LM1C0210;3016661178092
400412235;Блендер Moulinex LM1C0410;3016661178139
20077349;Блендер Moulinex LM2C0110;3016667243527
20077349;Блендер Moulinex LM2C0110;3016667243527
400242032;Блендер Rombica RMBL-001;8886482522931
400412935;Блендер Rombica RMBL-005;8886482524836
20078722;Блендер Tefal HB64F810;3016667246078
20078722;Блендер Tefal HB64F810;3016667246078
20078722;Блендер Tefal HB64F810;3016667246078
400447682;Блендер Toshiba BH-80P1URU(W);6936718333410
400447677;Блендер Toshiba BH-80P2URU(K);6936718333403
20057600;Блендер WMF 0416490711;4211129133487
20057558;Блендер WMF 0416530711;4211129133357
20057558;Блендер WMF 0416530711;4211129133357
20076374;Блендер WMF 0416700711;4211129201261
20041067;Блинница Clatronic 251121;2110025899836
20028830;Блинница Tefal PY559312;3168430785618
20085746;Блок Artel ARTSID2BW09BE in;4780093101070
20085747;Блок Artel ARTSTB3AF09BE out;4780093101087
20092180;Блок Atlas ATI-ZS07B/IDU in;4640288905527
20092181;Блок Atlas ATI-ZS07B/ODU out;4640288905534
20092183;Блок Atlas ATI-ZS09B/IDU in;4640288905558
20092184;Блок Atlas ATI-ZS09B/ODU out;4640288905565
20092186;Блок Atlas ATI-ZS12B/IDU in;4640288905572
20092187;Блок Atlas ATI-ZS12B/ODU out;4640288905589
50155394;Блок Brauberg 122857;4606224026558
20087328;Блок Carrera CRCA070 in;4640018450198
20087328;Блок Carrera CRCA070 in;4640018450198
20087329;Блок Carrera CRCA070 out;4640018450259
20087329;Блок Carrera CRCA070 out;4640018450259
20087781;Блок Carrera CRCA090 in;4640018450273
20087781;Блок Carrera CRCA090 in;4640018450273
20087782;Блок Carrera CRCA090 out;4640018450280
20087782;Блок Carrera CRCA090 out;4640018450280
20087784;Блок Carrera CRCA120 in;4640018450303
20087784;Блок Carrera CRCA120 in;4640018450303
20087785;Блок Carrera CRCA120 out;4640018450310
20087785;Блок Carrera CRCA120 out;4640018450310
20087618;Блок CARRERA CRCI090 IN;4640018450426
20087618;Блок CARRERA CRCI090 IN;4640018450426
20087619;Блок CARRERA CRCI090 OUT;4640018450433
20087619;Блок CARRERA CRCI090 OUT;4640018450433
20087721;Блок CARRERA CRCI120 IN;4640018450457
20087721;Блок CARRERA CRCI120 IN;4640018450457
20087722;Блок CARRERA CRCI120 OUT;4640018450464
20087722;Блок CARRERA CRCI120 OUT;4640018450464
20087709;Блок E-lux EACS/I-07HAR_A/N8/WF/in;7381032401434
20087710;Блок E-lux EACS/I-07HAR_A/N8/WF/out;7381032401496
20087712;Блок E-lux EACS/I-09HAR_A/N8/WF/in;7381032401441
20087713;Блок E-lux EACS/I-09HAR_A/N8/WF/out;7381032401502
20087715;Блок E-lux EACS/I-12HAR_A/N8/WF/in;7381032401458
20087715;Блок E-lux EACS/I-12HAR_A/N8/WF/in;7381032401458
20087716;Блок E-lux EACS/I-12HAR_A/N8/WF/out;7381032401519
20087700;Блок E-lux EACS-07HAR_A/N3/WF/in;7381032401465
20087701;Блок E-lux EACS-07HAR_A/N3/WF/out;7381032401526
20087703;Блок E-lux EACS-09HAR_A/N3/WF/in;7381032401472
20087704;Блок E-lux EACS-09HAR_A/N3/WF/out;7381032401533
20087706;Блок E-lux EACS-12HAR_A/N3/WF/in;7381032401489
20087707;Блок E-lux EACS-12HAR_A/N3/WF/out;7381032401540
20085632;Блок Funai RAC-SM20HP.D04/S II IN;4610185956113
20085632;Блок Funai RAC-SM20HP.D04/S II IN;4610185956113
20085633;Блок Funai RAC-SM20HP.D04/U II OUT;4610185956144
20085677;Блок Funai RAC-SM25HP.D04/S II IN;4610185956120
20085678;Блок Funai RAC-SM25HP.D04/U II OUT;4610185956151
20087914;Блок Grundig GRHPA 090 in;4013833070061
20087914;Блок Grundig GRHPA 090 in;4013833070061
20087913;Блок Grundig GRHPA 091 out;4013833070054
20085321;Блок Haier HSU-07HRM103/R3-OUT;6932063821329
20085321;Блок Haier HSU-07HRM103/R3-OUT;6932063821329
20091829;Блок Haier HSU-07HRM303/R3-IN;6932063867464
20085023;Блок Haier HSU-09HRM103/R3(DB)-OUT;6932063820858
20087835;Блок Haier HSU-09HRM203/R3(DB)-IN;6932063844489
20092237;Блок Haier HSU-12HFM403/R3(SDB)-OUT;6932063875117
20092236;Блок Haier HSU-12HFM4W03/R3(SDB)-IN;6932063875025
20085312;Блок Haier HSU-12HRM103/R3(DB)-OUT;6932063820865
20087836;Блок Haier HSU-12HRM203/R3(DB)-IN;6932063844496
20092231;Блок Haier HSU-12HRM303/R3-IN;6932063867488
20084984;Блок RAPID RAM/in-09HJ/N1_23Y IN;4680551152357
20087668;Блок Rapid RAM/in-12HJ/N1/Wi-Fi;4660294196580
20084987;Блок RAPID RAM/in-12HJ/N1_23Y IN;4680551152364
20084987;Блок RAPID RAM/in-12HJ/N1_23Y IN;4680551152364
20087691;Блок Rapid RAM/in-18HJ/N1/Wi-Fi;4660294196535
20085350;Блок RAPID RAM/in-18HJ/N1_23Y IN;4680551152371
20085353;Блок RAPID RAM/in-24HJ/N1_23Y IN;4680551152388
20084982;Блок RAPID RAM/out-07HJ/N1_23Y OUT;4680551152395
20084985;Блок RAPID RAM/out-09HJ/N1_23Y OUT;4680551152401
20087669;Блок Rapid RAM/out-12HJ/N1/Wi-Fi;4660294196382
20084988;Блок RAPID RAM/out-12HJ/N1_23Y OUT;4680551152418
20084988;Блок RAPID RAM/out-12HJ/N1_23Y OUT;4680551152418
20087692;Блок Rapid RAM/out-18HJ/N1/Wi-Fi;4660294196443
20085351;Блок RAPID RAM/out-18HJ/N1_23Y OUT;4680551152425
20085354;Блок RAPID RAM/out-24HJ/N1_23Y OUT;4680551152432
20091755;Блок RAPID RAMI/in-07HJ/N1_V3;4660294838053
20091758;Блок RAPID RAMI/in-09HJ/N1_V3;4660294838039
20091811;Блок RAPID RAMI/in-12HJ/N1_V3;4660294838114
20091811;Блок RAPID RAMI/in-12HJ/N1_V3;4660294838114
20091814;Блок RAPID RAMI/in-18HJ/N1_V3;4660294838084
20091756;Блок RAPID RAMI/out-07HJ/N1_V3;4660294838145
20091759;Блок RAPID RAMI/out-09HJ/N1_V3;4660294838138
20091812;Блок RAPID RAMI/out-12HJ/N1_V3;4660294838107
20091812;Блок RAPID RAMI/out-12HJ/N1_V3;4660294838107
20091815;Блок RAPID RAMI/out-18HJ/N1_V3;4660294838121
20078648;Блок Subtropic SUM/in-12HN1;4680551128734
20078649;Блок Subtropic SUM/out-12HN1;4680551128789
20093877;Блок Viomi KFR-25G/Y4CM1-A++/A+ in;6923185605201
20093877;Блок Viomi KFR-25G/Y4CM1-A++/A+ in;6923185605201
20093876;Блок Viomi KFR-25W/YC9-A++/A+ out;6923185613008
20093879;Блок Viomi KFR-35G/Y4CM1-A++/A+ in;6923185605225
20093879;Блок Viomi KFR-35G/Y4CM1-A++/A+ in;6923185605225
20093878;Блок Viomi KFR-35W/YC9-A++/A+ out;6923185613107
20069525;Блок Whirlpool WHO47LB /I;8003437604195
20069526;БлокWhirlpool WHO47LB /O;2002006952619
500873;Бонусная карта new 2;2000050087318
50140683;Бутылка Emsa 518306;4009049451107
50140679;Бутылка Emsa 518353;4009049452142
50140682;Бутылка Emsa F3030700;4009049526058
50140680;Бутылка Emsa N3010200;4009049529486
50140674;Бутылка Emsa N3100100;4009049531281
401002768;Бутылка Аквафор 0,35л (голубая) 800606;4600987014425
401004721;Бутылка Аквафор 0,35л (зеленая) 800607;4600987014432
401005067;Бутылка Аквафор 0,35л (розовая) 800609;4600987014456
400374546;Бутылка Аквафор 0,5 л (зеленая) 531528;4600987012476
401549655;Бутылка Аквафор 0,5 л (мятная) 531753;4600987013954
400413928;Бутылка Аквафор 0,5 л (серая) 507883;4600987012469
400117202;Бутылка Аквафор 0,5 л (синяя) 511430;4600987012483
401552252;Бутылка Аквафор 0,5 л (черная) 531529;4600987015439
400376281;В/DW Candy CDIH 1L949-08;6925777863488
20080171;В/DW Candy CDIH 2D1047-08;6925777862498
400308147;В/DW Casarte CASDWD14379BU;6925777800131
20070500;В/DW Gorenje GV520E11;3838782460807
20070501;В/DW Gorenje GV531E10;3838782459641
20078642;В/DW Gorenje GV561D11;3838782535710
400364988;В/DW Gorenje GV573C11;3838782890086
400233997;В/DW Gorenje GV643D90;3838782723179
400255832;В/DW Haier HDWE10-394RU;6925777801206
400255831;В/DW Haier HDWE10-395RU;6925777801152
400189259;В/DW Haier HDWE11-396RU;6925777800162
20084087;В/DW Haier HDWE14-292RU;6925777873579
400212811;В/DW Haier XS 6B0S3SB-08;8059019065250
400426181;В/DW Hisense HV543D10;3838782782572
400426476;В/DW Hisense HV693A66UVAD;3838782970863
400477804;В/DW Midea MID60S060;6939962629735
400193564;В/DW Midea MID60S160i;4657804510295
400373269;В/DW Toshiba DW-16B1(B)-RU;6939962627007
20078815;В/MW Gorenje BM201AG1BG;3838782498305
20084402;В/MW Gorenje BM235G1SYB;3838782648267
20078817;В/MW Gorenje BM251SG2WG;3838782498930
20078816;В/MW Gorenje BMI251SG3BG;3838782498947
20078816;В/MW Gorenje BMI251SG3BG;3838782498947
20078814;В/MW Gorenje BMX201AG1BG;3838782498916
20075794;В/MW Haier HMX-BTG259B;6925777801503
20075795;В/MW Haier HMX-BTG259W;6925777801510
400458513;В/MW Hisense BIM325G42BG;3838782895500
400458513;В/MW Hisense BIM325G42BG;3838782895500
400149387;В/MW Hisense BIM325GI63DBG;3838782710162
20083435;В/MW Midea MI10250GB;4627121254738
20083437;В/MW Midea MI10250GBX;4627121254752
400477530;В/MW Midea MI922005GB;6944271686058
400560530;В/MW Samsung MG22M8054AK/BW;2025121600296
400560532;В/MW Samsung MS23A7013AB/BW;2025121600142
400104494;В/RF Gorenje NRKI418FE0;3838782677717
20083028;В/RF Gorenje NRKI418FP2;3838782612480
400405497;В/RF Gorenje NRKI517E82WF;3838782838446
400273401;В/RF Haier BCF3261WRU;6901018083631
400273402;В/RF Haier BCF5261WRU;6901018083648
400108388;В/RF Haier HCL260NFRU;6971563712249
20062545;В/RF Haier HRF225WBRU;6971563710412
20068965;В/RF Haier HRF310WBRU;6971563710832
400316040;В/RF Hisense RB3B250SAW1;6921727081988
400316040;В/RF Hisense RB3B250SAW1;6921727081988
400324278;В/RF Midea MDRE415FGE01;6954903817781
20084425;В/WM Haier HWDQ90B416FWB-RU;8059019052540
400378304;В/выт. Candy CVXW64SB;6937224314177
400319171;В/выт. Faber ARIA BK 52;7612986339284
400026700;В/выт. Faber FLOX BK A50;7612985768290
20072691;В/выт. Faber FLOX BK A60 Bl;7612981762858
400026679;В/выт. Faber FLOX IX A45;7612985768252
400026410;В/выт. Faber FLOX WH A45;7612985768269
400392257;В/выт. Gorenje BHI549E9GB;3838782880650
400471674;В/выт. Gorenje BHI626E7X;3838783030306
20062250;В/выт. Gorenje BHP62CLI;3838782146183
400464394;В/выт. Gorenje TH60E7X;3838782995361
400154158;В/выт. Gorenje WHI626E7B;3838782711091
400154160;В/выт. Gorenje WHI646E6B;3838782711084
400347307;В/выт. Gorenje WHI646E7BP;3838782836350
20084089;В/выт. Haier HVX-BI652GB;6925777806959
20084150;В/выт. Haier HVX-BI652GW;6925777806942
20071644;В/выт. Haier HVX-BI671X;6925777801275
20084154;В/выт. Haier HVX-C672TX;6925777806935
20066186;В/выт. Haier HVX-T671W;6925777800711
20066192;В/выт. Haier HVX-W692GB;6925777801183
20066194;В/выт. Haier HVX-W692GBA;6925777801572
20066193;В/выт. Haier HVX-W692GW;6925777801565
20066195;В/выт. Haier HVX-W992GBA;6925777806867
400392268;В/выт. Hisense CH5IN4GB;3838782880667
20054727;В/выт. Maunfeld Crosby Light 50См IX;2110027067301
20069181;В/выт. Midea MH60AN350GB;4627121253861
20069145;В/выт. Midea MH60I350B;4627121253694
20069145;В/выт. Midea MH60I350B;4627121253694
20069146;В/выт. Midea MH60I350W;4627121253700
20069144;В/выт. Midea MH60I350X;4627121253670
20083447;В/выт. Midea MH60I550GB;4627121256565
20083448;В/выт. Midea MH60I550GW;4627121256572
400468477;В/выт. Midea MH60I850GB;6939962632100
400468472;В/выт. Midea MH60I950GB;6939962631578
400248507;В/выт.Candy CPY5MXP-07 Ix;8059019080468
400281963;В/выт.Midea MH60AN300GB;4627121253854
400374217;В/Г/пан. Candy CHG6DWPXRU;8059019095547
400331499;В/Г/пан. Candy CHXM32CX;6972119881112
400462904;В/Г/Пан. Gorenje G641BHF;3838782989704
20071012;В/Г/пан. Gorenje GW642ABX;3838782467158
20084560;В/Г/пан. Haier HHX-G64CNG;6925777806874
20061330;В/Г/пан. Haier HHX-G64CWB1;6925777888610
20082577;В/Г/пан. Haier HHX-G64CWMB;6925777806317
20071637;В/Г/пан. Haier HHX-M64ATQBB;6925777801282
20084562;В/Г/пан. Haier HHX-M64CWFX;6925777806881
400392384;В/Г/пан. Hisense GG643BTE;3838782881855
400395565;В/Г/пан. Hisense GG663BTE;3838782881862
20040592;В/Г/пан. Midea MG3260GB;2110026958082
20040591;В/Г/пан. Midea MG3260GW;2110026958099
400440389;В/Г/пан. Midea MG607B;6939962628240
400468759;В/Г/пан. Midea MG699TGB;6939962630076
400382996;В/Г/пан. Midea MG699TTGB;6939962627564
400468761;В/Г/пан. Midea MG699TX;6939962631783
400382945;В/Г/пан. Midea MG699VGB;6939962626666
400357152;В/И/пан. Candy CI642MCBBRU;8059019095134
400401208;В/И/пан. Gorenje GI621FMC;3838782916809
400334695;В/И/пан. Gorenje GI6442BSCE;3838782836763
400334695;В/И/пан. Gorenje GI6442BSCE;3838782836763
400118282;В/И/пан. Gorenje ISC646BSC;3838782685774
400250354;В/И/пан. Haier HHK-Y32PTB;6976480170011
400250355;В/И/пан. Haier HHK-Y64TJVB;6976480170059
20071648;В/И/пан. Haier HHY-Y32NVB;6925777800896
20070311;В/И/пан. Haier HHY-Y64FFVW;6925777800889
20067631;В/И/пан. Haier HHY-Y64NFB;6925777800766
20067631;В/И/пан. Haier HHY-Y64NFB;6925777800766
400290380;В/И/пан. Haier HHY-Y64NPVB;6974204080035
20067630;В/И/пан. Haier HHY-Y64NVB;6925777800759
20084086;В/И/пан. Haier HHY-Y64PVB;6925777813513
400401305;В/И/пан. Hisense HI601FM;3838782916946
400401309;В/И/пан. Hisense HI621FM HSN;3838782916953
400339093;В/И/пан. Hisense HI6421BSC;3838782780356
400125868;В/И/пан. Hisense I6443C;3838782685781
400125868;В/И/пан. Hisense I6443C;3838782685781
400333670;В/И/пан. Midea MIH32701F;6936718329147
400333673;В/И/пан. Midea MIH37701F;6936718329178
400947142;В/И/пан. SAMSUNG NZ64R3747BK/WT;8806090311529
400345201;В/И/пан. Midea MIH65781SB;6936718329406
400345200;В/И/пан. Midea MIH67781F;6936718329291
400263733;В/И/пан.Casarte CASHY85RWJVB;6971377720355
400149877;В/И/пан.Gorenje GI6401BC;3838782702853
400149804;В/И/пан.Gorenje GI6401BX;3838782702884
400177752;В/И/пан.Haier HHY-Y64SFFVB;6971377720249
400225503;В/И/пан.Haier HHY-Y64WSLB;6971377720232
400108387;В/м.кам. Haier HCF208NFRU;6971563712256
400308661;В/осуш. Ballu BDR-25LE;4660294254730
400308661;В/осуш. Ballu BDR-25LE;4660294254730
400300760;В/осуш. Rapid RD-08ES;4660294298765
400300795;В/осуш. Rapid RD-12ES;4660294298772
400022706;В/очист. Boneco P230;7611408027174
400022706;В/очист. Boneco P230;7611408027174
400022706;В/очист. Boneco P230;7611408027174
400363186;В/очист. Boneco P300;7611408027785
400363186;В/очист. Boneco P300;7611408027785
20058941;В/очист. Boneco P340;2110026941091
400363202;В/очист. Boneco P370;7611408027914
400363202;В/очист. Boneco P370;7611408027914
400174255;В/очист. E-lux EAP-2050D;7381032440006
20076323;В/очист. Primera ACP-B153-HСNS;4640047203338
20076323;В/очист. Primera ACP-B153-HСNS;4640047203338
20076322;В/очист. Primera ACP-B155-HСN;4640047203536
20076322;В/очист. Primera ACP-B155-HСN;4640047203536
20069934;В/очист. Rombica HUM-018;8886482506061
400241946;В/подогрев.Haier HWX-L15GB;6971377728344
400241946;В/подогрев.Haier HWX-L15GB;6971377728344
400241945;В/подогрев.Haier HWX-L15GW;6971377728337
400013124;В/увл. Ballu UHB-408 IT;4680551120066
20076163;В/увл. Ballu UHB-455;4680551118681
400173832;В/увл. Ballu UHB-500 MT;4680551325706
400186036;В/увл. Boneco E200 Bl;7611408027686
400186037;В/увл. Boneco E200 Wh;7611408027679
400186037;В/увл. Boneco E200 Wh;7611408027679
20058944;В/увл. Boneco S250;2110026940780
20058944;В/увл. Boneco S250;2110026940780
20028709;В/увл. Boneco U201A Wh;2110026940872
20059440;В/увл. Boneco U330;7611408016093
20070197;В/увл. Boneco U50 Wh;7611408018110
20058942;В/увл. Boneco U700;2110026940766
20058942;В/увл. Boneco U700;2110026940766
400227955;В/увл. Coolfort CF-3600;6974100784242
400304220;В/увл. Deerma DEM-F630 Wh;6955578037566
400242584;В/увл. Deerma DEM-F950W Bl;6955578042539
400242586;В/увл. Deerma DEM-F952W;6955578042690
400242586;В/увл. Deerma DEM-F952W;6955578042690
400315701;В/увл. Deerma DEM-F956W;6955578044540
400315701;В/увл. Deerma DEM-F956W;6955578044540
400315701;В/увл. Deerma DEM-F956W;6955578044540
400242968;В/увл. Deerma DEM-F990DW;2040024296872
400242968;В/увл. Deerma DEM-F990DW;2040024296872
400242968;В/увл. Deerma DEM-F990DW;2040024296872
400242968;В/увл. Deerma DEM-F990DW;2040024296872
400257472;В/увл. Deerma DEM-PX310W;6955578043239
400257477;В/увл. Deerma DEM-SJS300W;6955578043260
400257477;В/увл. Deerma DEM-SJS300W;6955578043260
400356248;В/увл. E-lux EHU-3415D;7381032425904
400007224;В/увл. E-lux EHU-3500D UV Wh;7312970042366
400007224;В/увл. E-lux EHU-3500D UV Wh;7312970042366
400026285;В/увл. E-lux EHU-3910D;7312970423295
400026370;В/увл. E-lux EHU-3915D;7312970423301
400356260;В/увл. E-lux EHU-5040D;7381032425812
400348819;В/увл. E-lux EHU-5210D;7381032425836
400356208;В/увл. E-lux EHU-5215D;7381032425843
20076918;В/увл. E-lux EHU-6010D UltraLine;7312970423486
20076919;В/увл. E-lux EHU-6015D UltraLine;7312970423493
400008983;В/увл. Funai FHE-KIE300/3.0(WT);4620113770780
20083184;В/увл. Hyundai H-HU16E-3.0-UI191;8806895956154
20027109;В/увл. Philips HU4803/01;2110025481543
400020267;В/увл. R.Cl. RUH-ER300/5.0M-WT Wh/Gr;4620113770421
400020267;В/увл. R.Cl. RUH-ER300/5.0M-WT Wh/Gr;4620113770421
400189958;В/увл. Rombica HUM-032;8886482520517
400189958;В/увл. Rombica HUM-032;8886482520517
400189960;В/увл. Rombica HUM-036;8886482520555
400189961;В/увл. Rombica HUM-037;8886482520562
20069932;В/увл. Rombica R2D2-036;8886482506122
20076720;В/увл. Royal Clima RUH-AS450/5.0E-BL;4620113770704
400020286;В/увл. Royal Clima RUH-ER300/5.0M-BU;4620113770643
20076719;В/увл. Royal Clima RUH-SM300/6.0E-WT;4620113770551
400365990;В/увл. Royal Clima RUH-VP270/6.5E-WT Wh;4640288900515
400366003;В/увл. Royal Clima RUH-VP500/6.5E-BL Bl;4640288900522
20077732;В/увл. Smartmi CJXJSQ04ZM;6970403201561
400375493;В/увл. Smartmi CJXJSQ05ZM;6970403203336
400291403;В/увл. Thomson PH10M02;4607046172782
400291403;В/увл. Thomson PH10M02;4607046172782
400291403;В/увл. Thomson PH10M02;4607046172782
400291403;В/увл. Thomson PH10M02;4607046172782
20078636;В/увл. Vitek VT-1762;6974100780596
400356272;В/увл/оч. Ballu AW-500;14680551611516
20063476;В/увл/оч. Boneco H300;7611408017168
20063476;В/увл/оч. Boneco H300;7611408017168
20063476;В/увл/оч. Boneco H300;7611408017168
400017484;В/увл/оч. Boneco H700;7611408026313
400363105;В/увл/оч. Boneco W220;7611408025194
400356274;В/увл/оч. Electrolux ECC-8015D;17381032425895
20033019;В/увл/оч. Philips HU4801/01;2110025481529
400193916;В/увл/оч. Rombica Smart Pure Air +;8886482521231
400193916;В/увл/оч. Rombica Smart Pure Air +;8886482521231
20083598;В/увл/оч. THOMSON PH30M01;4607046172423
20083598;В/увл/оч. THOMSON PH30M01;4607046172423
20083598;В/увл/оч. THOMSON PH30M01;4607046172423
400330526;В/Э/пан Candy CHXC64DB;6972119881198
20053949;В/Э/пан. Candy CH64FX;8016361961913
400476150;В/Э/пан. Gefest ПВЭ 4233 К6;4811260015354
400411038;В/Э/пан. Gorenje ECS642BCSCE;3838782931093
400411059;В/Э/пан. Gorenje ECS646BCSCE;3838782931536
20055369;В/Э/пан. Gorenje ECT641BCSC;2110027039148
400410522;В/Э/пан. Gorenje ECT641BCSCE;3838782931031
20061327;В/Э/пан. Haier HHX-C64DFB;6925777888399
20061325;В/Э/пан. Haier HHX-C64DVB;6925777888382
20071649;В/Э/пан. Haier HHY-C32DVB;6925777800902
20084083;В/Э/пан. Haier HHY-C32RVB;6925777820238
20067638;В/Э/пан. Haier HHY-C64DFB;6925777800834
20067635;В/Э/пан. Haier HHY-C64NVB;6925777800803
400098415;В/Э/пан. Hisense E6432X;3838782647505
400177460;В/Э/пан.Haier HHX-C64TDVB;6971377728290
400202074;В/Э/шкаф Casarte CASOQC5QAP4GBU;6975007411354
400233704;В/Э/шкаф Casarte CASOQC5QAP4IGU;6975007411323
400071025;В/Э/шкаф Gorenje BOS6737E13FBG;3838782555909
20076807;В/Э/шкаф Gorenje BSA6737E15BG;3838782512599
400115878;В/Э/шкаф Haier HMX-BDC399B;6925777801534
20073728;В/Э/шкаф Haier HOQ-P16AN5GB;6971377727750
20079141;В/Э/шкаф Haier HOQ-P16AS5GB;6971377726753
400444595;В/Э/шкаф Hisense BI64223ADBG;3838782979026
400338574;В/Э/шкаф Hisense BI64223PDBG;3838782866883
400141647;В/Э/шкаф Hisense BSA65224CG;3838782733604
400338985;В/Э/шкаф Hisense BSA65334ABDG;3838782695339
400158584;В/Э/шкаф Hisense BSA66346ADBGWIFI;3838782707759
400468479;В/Э/шкаф Midea MO509105GB;6944271684979
400468480;В/Э/шкаф Midea MO509105GW;6944271684986
400468482;В/Э/шкаф Midea MO611105GB;6944271685617
400473398;В/Э/шкаф Midea MO715105GW;6944271685075
400351839;В/Э/шкаф Midea MO72105GB;6944271679012
400477792;В/Э/шкаф Midea MO817105MGB;6944271686188
400947532;В/Э/шкаф SAMSUNG NV7B5645TAK/WT;2026033100072
20039852;Вакуумизатор Caso VC 11 (1369);4038437013696
20074444;Вакуумизатор Gorenje VS120W;3838782060854
400471786;Вакуумизатор Steba VK 10 Compact;4011833304377
400472640;Вакуумизатор Steba VK20EASY CONTROL;4011833304483
400391338;Вафельница Gorenje WM1400SB;3838782824852
20056840;Вафельница Tefal WD170D38;3045380014770
20061947;Вентил. Boneco F50;7611408017380
20061947;Вентил. Boneco F50;7611408017380
20061947;Вентил. Boneco F50;7611408017380
400329383;Вентил. Coolfort CF-2006;6971764324999
400444313;Вентил. Deerma DEM-FD12W;6977076722669
400110731;Вентил. Kubic Air R2D2-055;8886482519221
400110731;Вентил. Kubic Air R2D2-055;8886482519221
400110730;Вентил. Kubic Air R2D2-056;8886482519238
400110730;Вентил. Kubic Air R2D2-056;8886482519238
400281561;Вентил. Kubic Breeze R2D2-05;8886482523785
400281561;Вентил. Kubic Breeze R2D2-05;8886482523785
400429076;Вентил. Kubic Breeze R2D2-059;8886482525239
400112795;Вентил. Kubic R2D2-054;8886482518521
400112795;Вентил. Kubic R2D2-054;8886482518521
400112795;Вентил. Kubic R2D2-054;8886482518521
400112795;Вентил. Kubic R2D2-054;8886482518521
20071980;Вентил. Primera  TFP-1502JD;4640047201686
20071980;Вентил. Primera  TFP-1502JD;4640047201686
20071980;Вентил. Primera  TFP-1502JD;4640047201686
20071981;Вентил. Primera  TFP-1503JС;4640047201808
20071981;Вентил. Primera  TFP-1503JС;4640047201808
400431397;Вентил. Primera SFP-3001JX;4640408701183
20078297;Вентил. Primera SFP-4007JO;4640047204762
400431398;Вентил. Primera SFP-4021JXA;4640408701190
400431398;Вентил. Primera SFP-4021JXA;4640408701190
400431398;Вентил. Primera SFP-4021JXA;4640408701190
400431398;Вентил. Primera SFP-4021JXA;4640408701190
20071814;Вентил. Rombica R2D2-038;8886482508522
20079445;Вентил. Rombica R2D2-046;8886482513526
20079446;Вентил. Rombica R2D2-047;8886482513571
20079446;Вентил. Rombica R2D2-047;8886482513571
20079448;Вентил. Rombica R2D2-049;8886482513533
20079448;Вентил. Rombica R2D2-049;8886482513533
20079448;Вентил. Rombica R2D2-049;8886482513533
20079448;Вентил. Rombica R2D2-049;8886482513533
20079449;Вентил. Rombica R2D2-050;8886482513588
20079449;Вентил. Rombica R2D2-050;8886482513588
400472402;Вентил. Rombica R2D2-062;8886482525482
400472423;Вентил. Rombica R2D2-066;8886482525529
400472424;Вентил. Rombica R2D2-067;8886482525536
20072800;Вентил. Royal Clima RBF-90M-WT;4627188912169
20072800;Вентил. Royal Clima RBF-90M-WT;4627188912169
20072802;Вентил. Royal Clima RSF-162M-WT;4627188912145
20079248;Вентил. Royal Сlima RSF-131E-WT;4620113776096
400101411;Вентил. Solis 7586 Wh;7611210970002
400453209;Вентил. Tefal VF5890F0;3121040094426
50072412;Венчик Atlantis C088;2110026876959
50172873;Венчик Atlantis D1001;5606912003587
400179329;Венчик Attribute ESTILO;4670042048344
400264876;Венчик Inhouse IHAML29_A;4670127069684
50124981;Венчик inhouse IHCHARM30;4612755814670
400217814;Венчик Resto 94205;4260709013138
50035568;Венчик Tefal 2745512;1004832101088
50050085;Венчик Tefal K2071714;2110025779336
400531325;Весы Clatronic KW 3820 Bl;4006160640274
400418296;Весы Econ ECO-BS103K;4895227627385
400418309;Весы Econ ECO-BS120K;4895227627361
20065592;Весы Econ ECO-BS356K;4895227602931
400438598;Весы Hi VS-115;4640033240156
400279650;Весы JVC JBS-003;4895253304403
400376455;Весы Pioneer PKS1010;4895253311470
400418231;Весы Pioneer PKS1020;4895253311456
400531344;Весы ProfiCook PC-LW 1214 Ix;4006160012149
400395244;Весы RED sol. SM725;5060982438470
400286621;Весы Rombica myKitchen Eva;8886482523754
400152899;Весы Rombica SCL-0100;8886482520081
400276468;Весы Rombica SCL-0103;8886482523792
20062870;Весы Tefal BC1000V(0/1);3168430273511
50061792;Виброопоры WIMAX AVSWMP-SP-W;2110026226716
50173042;Вилка Atlantis D1435;5606912003877
400315787;Воздухоувлажнитель Deerma DEM-F955W;6955578044564
400179307;Гель Ariel Color 2.6 л;8001090467041
400434058;Гель Ariel Color 80830934;8700216760447
400179315;Гель Ariel Масло ши 1.3 л;8001090984982
400400304;Гель Haier 62448;4603789162448
400400313;Гель Haier 62462;4603789162462
400400314;Гель Haier 62479;4603789162479
400400316;Гель Haier 62486;4603789162486
400400318;Гель Haier 62493;4603789162493
400400319;Гель Haier 62509;4603789162509
50164462;Гель Salton Cleantech SS022-mv;4620089340192
50164463;Гель Salton Cleantech SS024-mv;4620089340208
400317740;Гель Tiret 8147369;4607109400807
400281385;Глад.доска Anyday НБТ-МГ/Г;4630111530149
20077002;Глад.машина Tefal QT1510E0;13121040081768
20077002;Глад.машина Tefal QT1510E0;13121040081768
400487542;ГП Darina GM 3M41 001 W;4607152049954
20027647;ГП Darina GM 4M41 001;2110027065505
400296523;ГП Darina GM 4M42 002 WG;4607152049664
20076304;ГП Darina PL GM241 010 1W;4607152047981
400476488;ГП de luxe 5040.40г(кр) ЧР-010;4640039570073
20070413;ГП de luxe 5040.51г-000;4640039571100
20064791;ГП de luxe 506040.24г ЧР;4607148939726
20049532;ГП Flama 1267 СG мод.3202Br;2110025925986
20045349;ГП Flama 1267 СG мод.3202Wh;2110025925979
400106128;ГП Flama AG 14017 At;2040010612815
20030649;ГП Flama AG 14211 Wh;2110026981783
400104617;ГП Flama AG 14217 W;2040010461710
20069582;ГП Flama RG 24038-W;4650055272660
20076155;ГП Flama RG 2428 W;4650055273285
20029460;ГП Gefest CG 50M04;4810114017667
20029459;ГП Gefest CG 60MC6;4810114017711
20047863;ГП Gefest GC 532E4WH;2110025651557
20061500;ГП Gefest ПГ 5300-02 0040;4810114020353
400390704;ГП Gefest ПГ 6300-03 S040T;4811260014982
20086030;ГП Gefest ПГ 6500-02 G1A0;4811260014173
20086031;ГП Gefest ПГ 6500-02 G1B0;4811260014180
20087040;ГП Gefest ПГ 6500-03 0284;4811260011769
20044213;ГП Gefest ПГ 6500-04 0069;2110026375940
20087041;ГП Gefest ПГ 6500-04 0169;4811260012223
400469323;ГП Gorenje GG5A10XFFM;3838782988806
400419095;ГП Gorenje GG5A12BEF;3838782933967
400443516;ГП Gorenje GGI5A22XF;3838782970900
400419076;ГП Gorenje GGI5C21XF;3838782948817
400413638;ГП Gorenje GGI6C22XA;3838782948978
400372947;Графин Resto 90540;4260709014517
400084787;Графич. планшет Intro GPX3010;5063079043892
20084175;Гриль Candy CG-400;6927886403203
20069091;Гриль Haier HG-701;6925777800704
20083712;Гриль Tefal GC242832;3016661157042
400438618;Гриль Tefal GC272D10;3045380026230
400438618;Гриль Tefal GC272D10;3045380026230
20036881;Гриль Tefal GC712D34;13016661147644
20036881;Гриль Tefal GC712D34;13016661147644
20036881;Гриль Tefal GC712D34;13016661147644
20036881;Гриль Tefal GC712D34;13016661147644
20036881;Гриль Tefal GC712D34;13016661147644
20037456;Гриль Tefal GC722D34;13016661147774
400193621;Гриль TEFAL GC774D30;3168437249670
20076150;Гриль WMF 0415560711;4211129724401
10030364;Датчик Sber SBDV-00029;4640076240243
10030365;Датчик Sber SBDV-00030;4640076240250
400173452;Датчик Sber SBDV-00079;2040017345228
400189894;Датчик Sber SBDV-00079 DEMO;2040018989414
400115481;Датчик Яндекс YNDX-00520;4670028540909
400193661;Датчик Яндекс YNDX-00520 DEMO;2040019366115
400115575;Датчик Яндекс YNDX-00521;4670028540916
400193662;Датчик Яндекс YNDX-00521 DEMO;2040019366214
400115325;Датчик Яндекс YNDX-00522;4670028540923
400193663;Датчик Яндекс YNDX-00522 DEMO;2040019366313
400115579;Датчик Яндекс YNDX-00523;4670028540930
400193664;Датчик Яндекс YNDX-00523 DEMO;2002901316158
20075966;Дверь Bosch KSZ2BVX00;4242005264100
50058592;Двуст. лез. д/скрб. Top House 392180 5шт;2110026156518
400366580;Держ. Axxa 5521;4680431148012
400359308;Держ. Axxa 5549;4680431249955
400367085;Держ. Deppa 55102;6900000081020
400125991;Держ. Deppa 55127;6900003551278
10012561;Держ. Deppa 55133;2110026100467
400359329;Держ. Deppa 55189;4680431138396
400366714;Держ. Deppa 55191;4680431249979
50132862;Держатель Ninebot Phone Holder;8719324556446
50144280;Доска Resto 95401;4260403577653
50133415;Доска TalleR TR-52204;4650118371286
50131026;Доска TalleR TR-52214;4650118371347
50131030;Доска TalleR TR-52215;4650118371354
50144898;Доска TalleR TR-52216;4650118371361
50050087;Дуршлаг Tefal K2070614;3168430220751
400146919;Емкость PlastTeam PT1148/МВМСШ-8;4690231396032
50165486;Зажигалка Gutten GT01.027;4620765202172
400155939;Зажим Rombica myKitchen Cap Or;8886482518880
400168317;Закладки клейкие Brauberg 111356;2040016831715
400168316;Закладки клейкие Brauberg 122705;2040016831616
50149075;Звонок ЭРА D95;5055945515831
50174754;ЗУ Continent ZN24-295WT;4260360565014
400230936;ЗУ GP GPKB01/130AAHCCS-2CR1;4610116226094
50130194;ЗУ+аккум. GP 100AAAHC/CPB-2CR4;4670042085967
50130195;ЗУ+аккум. GP 270AAHC/CPB-2CR4;4670042085929
20082578;Измел. Haier HDM-1155S;6925777806218
20082579;Измел. Haier HDM-1370B;6925777806225
50073762;Измельчитель 2в1 Axon A-520;2110025891519
50073213;Измельчитель Axon A-870;2110025622861
400454915;Ирригатор Longa Vita FR-200;4680013670177
400395044;Ирригатор Oclean A10 G;6970810555905
400395630;Ирригатор Oclean A10 Gr;6970810555899
400376365;Ирригатор Oclean W1 Wh;6970810550443
400498877;Ирригатор Oclean W10 Lite;6970810557510
400327125;Ирригатор Revyline RL 420 Wh;2000601691599
50172548;К/диск CD-R Intro UL120230A8C;5055398607879
50172549;К/диск CD-R Intro UL120230A8L;5055283023197
50172549;К/диск CD-R Intro UL120230A8L;5055283023197
50172851;К/диск DVD-R Intro UL130273A1C;5055398651131
50172850;К/диск DVD-R Intro UL130273A1L;5055283023371
50136794;К/Кресло Canyon CND-SGCH7;5291485006617
400481098;К/Кресло Defender Flamis (64825);14714033648254
50159896;К/микр. Hiper Broadcast Singer (H-M004);7930092032289
50159894;К/микр. Hiper Broadcast Solo (H-M001);7930092032258
50173365;К/микр. Razer Seiren BT;8887910000014
400324635;К/микр. Razer Seiren V3 Chroma белый;8887910000465
400324636;К/микр. Razer Seiren V3 Chroma розовый;8887910000489
50140873;К/микр. Redragon 77638;6950376776389
50173773;К/памяти Atom AMSDU1/16GB;4607192334393
50173774;К/памяти Atom AMSDU1/32GB;4607192334409
50173775;К/памяти Atom AMSDU1/64GB;4607192334416
400471658;К/памяти KingSton SDCS3/128GB;0740617348453
400471649;К/памяти KingSton SDCS3/64GB;0740617348408
400376839;Кабель Aukey CB-KCC101;0689323785308
400368419;Кабель Aukey CB-MCC101;0689323785292
400376838;Кабель Aukey CB-SCC141;0689323787371
400249561;Кабель Axxa 7261;4680431243403
400249494;Кабель Axxa 7263;4680431243427
400249494;Кабель Axxa 7263;4680431243427
400249566;Кабель Axxa 7265;4680431243458
400418042;Кабель Axxa 7280;4680431289029
400418042;Кабель Axxa 7280;4680431289029
400418043;Кабель Axxa 7281;4680431289043
400418029;Кабель Axxa 7282;4680431289067
400418030;Кабель Axxa 7283;4680431289081
400418044;Кабель Axxa 7284;4680431289104
400418031;Кабель Axxa 7285;4680431289128
400418034;Кабель Axxa 7286;4680431289159
400418045;Кабель Axxa 7287;4680431289173
400418035;Кабель Axxa 7288;4680431289197
400418037;Кабель Axxa 7289;4680431289210
400418038;Кабель Axxa 7290;4680431289234
400418040;Кабель Axxa 7291;4680431289258
400475915;Кабель Axxa 7292;4680431295013
400475930;Кабель Axxa 7293;4680431295037
50052500;Кабель Belkin F3Y047BT2M;0745883713165
50037535;Кабель Belkin TV коакс 2м Grey Gold;0722868792049
50052501;Кабель Belkin TV коакс. п/м 2м белый;0745883724673
50052504;Кабель Belkin TV коакс. папа/мама 2м;0745883713189
50052503;Кабель Belkin TV коакс. папа/мама угл 2м;0745883724697
400319188;Кабель Carmega CAR-C-AL1M-BK Bl;4657761540724
400465782;Кабель CAWEON CH-02-BK;4670386866192
400465783;Кабель CAWEON CH-05-BK;4610408290307
400317958;Кабель Deppa 72401;4680431246343
400463989;Кабель Deppa 72439 1 м;4680431291862
400463990;Кабель Deppa 72440 1 м;4680431291886
400265215;Кабель Deppa 72506;4680431276159
400249471;Кабель Deppa 72507;4680431276166
400176882;Кабель Deppa 72508;4680431276173
400177305;Кабель Deppa 72509;4680431276180
400370172;Кабель Deppa 72515 Bl;4680431276203
400336632;Кабель Deppa 72516 Bl;4680431276210
400179605;Кабель Deppa 72517;4680431276227
400335507;Кабель Deppa 72518;4680431276234
400179594;Кабель Deppa 72519;4680431276241
400335644;Кабель Deppa 72521;4680431276562
400347887;Кабель Deppa 72523;4680431276586
400335509;Кабель Deppa 72524;4680431276593
400342923;Кабель Deppa 72525 Wh;4680431276609
400335278;Кабель Deppa 72526;4680431276616
400336634;Кабель Deppa 72534 Wh;4680431277828
400336637;Кабель Deppa 72535 Bl;4680431277835
400335647;Кабель Deppa 72536;4680431277842
400335649;Кабель Deppa 72537;4680431277859
400301059;Кабель Deppa 72548;4680431282891
400335651;Кабель Deppa 72554;4680431283010
400360514;Кабель Deppa 72561;4680431285656
400406066;Кабель Deppa 72564;4680431288091
400406069;Кабель Deppa 72565;4680431288114
400406071;Кабель Deppa 72566;4680431288145
400406079;Кабель Deppa 72567;4680431288169
400406080;Кабель Deppa 72568;4680431288183
400406082;Кабель Deppa 72569;4680431288213
400406096;Кабель Deppa 72570;4680431288237
400406075;Кабель Deppa 72571;4680431288251
400406076;Кабель Deppa 72572;4680431288275
400406077;Кабель Deppa 72573;4680431288299
400406078;Кабель Deppa 72574;4680431288312
400406099;Кабель Deppa 72575;4680431288336
400406100;Кабель Deppa 72576;4680431288367
400406102;Кабель Deppa 72577;4680431288398
400406103;Кабель Deppa 72578;4680431288411
400406104;Кабель Deppa 72579;4680431288435
400406105;Кабель Deppa 72580;4680431288459
400406106;Кабель Deppa 72581;4680431288473
400406107;Кабель Deppa 72582;4680431288084
400406087;Кабель Deppa 72583;4680431288206
400406095;Кабель Deppa 72584;4680431288381
400406109;Кабель Deppa 72585;4680431288503
400406097;Кабель Deppa 72586;4680431288527
400406098;Кабель Deppa 72587;4680431288541
400418005;Кабель Deppa 72588;4680431288817
400418006;Кабель Deppa 72589;4680431288831
400418007;Кабель Deppa 72590;4680431288855
400418008;Кабель Deppa 72591;4680431288893
400418009;Кабель Deppa 72592;4680431288916
400418017;Кабель Deppa 72593;4680431288930
400418019;Кабель Deppa 72594;4680431288954
400418020;Кабель Deppa 72595;4680431288978
400418021;Кабель Deppa 72596;4680431289005
400418023;Кабель Deppa 72597;4680431288985
400463983;Кабель Deppa AUX 1 м 72437;4680431291824
400463986;Кабель Deppa AUX 1 м 72438;4680431291848
400433493;Кабель Deppa USB - micro USB 1м 72545;4680431279518
50171994;Кабель GAL 2646;4630076317359
50171996;Кабель GAL 2648;4630076317298
50172000;Кабель GAL 2777 Bl;4660216240148
50171991;Кабель GAL 2856;4660077744885
50171992;Кабель GAL 2857;4660077744892
50171993;Кабель GAL 2858;4660077744908
50173481;Кабель GAL 2888 Wh;4660216241725
400458837;Кабель Gal CU-6062;4680605053319
400458838;Кабель Gal CU-6063;4680605053340
50174479;Кабель Lyambda LH-03-BK;4660116292230
400536956;Кабель Red Line УТ000042459 Wh;4640171498952
400538122;Кабель Red Line УТ000043464 Wh;4680687803918
400538132;Кабель Red Line УТ000043465 Wh;4680687803925
400438334;Кабель Rombica CB-AC101 Wh;8886482525406
400438338;Кабель Rombica CB-AC101B Bl;8886482525413
400438347;Кабель Rombica CB-AC102 Bl;8886482525437
400438346;Кабель Rombica CB-AC102 Wh;8886482525420
400438324;Кабель Rombica CB-CC102 Bl;8886482525451
400151866;Кабель Rombica CB-DS18;8886482519849
400152318;Кабель Rombica CB-EPC18;8886482519863
400152317;Кабель Rombica CB-PC18;8886482519856
400151983;Кабель Rombica CB-UFM18;8886482519818
50135627;Кабель Rombica HDMI 2.0b 1.5м;8886482503749
50135626;Кабель Rombica HDMI 2.0b 1м;8886482503732
50135628;Кабель Rombica HDMI 2.0b 2м;8886482503756
50135630;Кабель Rombica HDMI 2.0b 5м;8886482503770
400165121;Кабель Rombica HDMI 2.1 1.5м;8886482519757
400165122;Кабель Rombica HDMI 2.1 1м;8886482519740
400165124;Кабель Rombica HDMI 2.1 2м;8886482519764
400165125;Кабель Rombica HDMI 2.1 3м;8886482519771
400165123;Кабель Rombica HDMI 2.1 5м;8886482519788
50125689;Кабель Vivanco HDMI 1.4 0.9м;4008928429756
50110629;Кабель Vivanco HDMI 1.4 5м;2110026995445
400133278;Кабель Vivanco HDMI 2.0 1.5м;4008928479768
50122837;Кабель Vivanco Jack3.5 папа/мама 2.5м;2110027086418
50122834;Кабель Vivanco Jack3.5 папа/мама 5м;2110027086425
50122831;Кабель Vivanco Jack3.5 папа/папа 2.5м;2110027086449
50122833;Кабель Vivanco Jack3.5п/ 2хRCA п 2.5м;2110027086432
50122835;Кабель Vivanco TOS/TOS 1м;2110027086395
50144371;Кабель Vivanco антенный Gold п/м 1.5м Bl;4008928481334
50144375;Кабель Vivanco антенный Gold п/м 1.5м Wh;4008928481273
50144376;Кабель Vivanco антенный Gold п/м 3м Wh;4008928481280
50117799;Кабель удлинитель Рэмо 3м Black;4603225009856
50117911;Кабель удлинитель Рэмо 7.5м Black;4603225009818
30058028;Камера Xiaomi BHR4457GL DEMO;2003005802813
400439093;Капсулы Finish 3316806;4640018997747
400427580;Капучинатор Stelvio 8986;4673766398986
400427564;Капучинатор Stelvio 8993;4673766398993
400169142;Карандаш Brauberg 180285;4606224005911
50155705;Карандаши Brauberg 181651;4606224265629
501045;Карта предоплаты PS VR;2000050104510
50173043;Картофелемялка Atlantis D1438;5606912003884
50173044;Картофелемялка Atlantis D1558;5606912003891
400191127;Картофелемялка Attribute AGL120;4660132104982
50161147;Картофелемялка Rondell RD-1382;6971764328348
400281452;Картофелемялка Rondell RD-1869;6976510176020
400244330;Картридж Brother TN2305;4977766738156
400244329;Картридж Brother TN2355;4977766738163
30034527;Картридж Cactus CS-CZ109AE (HP 655) Bl;2110025590443
400365107;Картридж Cactus CS-PGI450;4690207215961
30066851;Картридж Huawei X-15000 CD81-G 55080068;6941487248216
400386439;Картридж Pantum TL-C2310H;6936358053990
50128014;Картридж Аквафор А5 2 шт.;4600987012193
50151734;Картридж Аквафор А6 2шт.;4600987012223
50128016;Картридж Аквафор В16;4600987004495
50128013;Картридж Аквафор В6 2шт.;4600987001845
50128019;Картридж Аквафор Кристалл H;4600987002200
400194512;Кастрюля Hi MVLCS45120/11;4630056967680
50124680;Кастрюля Pyrex 460A000;2110020343433
400287071;Кастрюля Rondell RDA-1726;6974100787687
400287101;Кастрюля Rondell RDA-1727;6974100787694
50003584;Кастрюля Rondell RDS-024;1004081200808
50142622;Кастрюля Rondell RDS-1112;6970435712318
50142623;Кастрюля Rondell RDS-1113;6970435712325
50142624;Кастрюля Rondell RDS-1114;6970435712332
50166519;Кастрюля Rondell RDS-1310;6971764327938
50166540;Кастрюля Rondell RDS-1311;6971764327945
400479644;Кастрюля Rondell RDS-1807;6974100785270
400479643;Кастрюля Rondell RDS-1808;6974100785287
400479642;Кастрюля Rondell RDS-1813;6974100785331
400479641;Кастрюля Rondell RDS-1814;6974100785348
400528626;Кастрюля Rondell RDS-1955;4630143179811
400528625;Кастрюля Rondell RDS-1956;4630143179828
50058297;Кастрюля Rondell RDS-725;2110026007605
50047148;Кастрюля Rondell RDS-736;6956914603223
50047162;Кастрюля Rondell RDS-737;6956914603230
400052880;Кастрюля TalleR 17352;4650118377899
400052897;Кастрюля TalleR 17353;4650118377868
400682727;Кастрюля TalleR TR-11012;4670165612149
400682783;Кастрюля TalleR TR-11013;4670165612156
400682785;Кастрюля TalleR TR-11014;4670165612163
50146919;Кастрюля TalleR TR-17192;4650118373341
50146920;Кастрюля TalleR TR-17193;4650118370845
50146921;Кастрюля TalleR TR-17194;4650118374249
400052846;Кастрюля TalleR TR-17255;4650118377783
400058189;Кастрюля TalleR TR-17256;4650118377790
400058196;Кастрюля TalleR TR-17257;4650118377806
400058199;Кастрюля TalleR TR-17258;4650118377813
50173479;Кастрюля TEFAL C9734674;3168430340350
400109608;Кастрюля Tefal E3134644;3168430320444
50133300;Кастрюля Tefal G7234474;3168430303294
50133301;Кастрюля Tefal G7234674;3168430303270
50133301;Кастрюля Tefal G7234674;3168430303270
400172701;Кастрюля Tefal G7454474;3168430337855
400172694;Кастрюля Tefal G7454674;3168430337862
400470120;Кастрюля Tefal G7494474;3168430372870
400470119;Кастрюля Tefal G7494674;3168430372887
50174555;Кастрюля WMF 0517305290;4000530702203
50041396;Кейс RIVACASE 8231 Gr;2110025459368
50052890;Кейс RIVACASE 8355;4260403573167
400163972;Кейс Sumdex ICM-135 BK;4603784903886
50124984;Кисть inhouse IHCHARM25;4612755814762
400081764;Клав. A4 Tech B135N Bl;4711421977678
400131044;Клав. A4 Tech B820R BLACK BLUE SWITCH;4711421926928
400469107;Клав. A4Tech AT87;4711421000734
400469105;Клав. A4Tech AT87;4711421000741
400469106;Клав. A4Tech AT98;4711421001847
50044733;Клав. A4Tech B314;2110026112309
50044604;Клав. A4Tech Q100;2110025720147
400527264;Клав. A4Tech WS87;4711421001250
50143061;Клав. Acer OKR020;4710180905359
50143062;Клав. Acer OKW010;4710180905335
50143063;Клав. Acer OKW020;4710180905328
400940819;Клав. Acer OKW304;4711121950032
400940818;Клав. Acer OKW305;4711121950049
400662277;Клав. Acer ZL.KBDCC.01C;4711121736315
400178753;Клав. Defender Lance GK-012;4745090824353
400178755;Клав. Defender Moldtaur GK-116;4745090824384
400178752;Клав. Defender Talvar GK-558;4745090824360
400178754;Клав. Defender Vipra GK-586;4745090824377
400433790;Клав. Havit KB2006 Bl;6950676229974
400433811;Клав. Havit KB2006Pro Bl;6950676253658
400222248;Клав. Havit KB235WB;6939119025458
400433849;Клав. Havit KB263WB S/Wh;6950676279382
50059489;Клав. Intro KU100;2110026958402
50046362;Клав. Intro KW474B;2110025759963
400404387;Клав. Rapoo E9350L;6940056128539
400520181;Клав. Redragon 72087;6950376720870
400481414;Клав. Redragon Fizz 70671;6950376706713
400404392;Клав. Redragon Fizz 70672;6950376706720
400366300;Клав. Redragon Lakshmi 78119;6950376781192
400404393;Клав. Redragon Ryze 71342;6950376713421
50172991;Клав. TFN TFN-GM-KW-KX-13BKB;4656758349678
50172992;Клав. TFN TFN-GM-KW-KX-15BKR;4656758349692
400230772;Клав. Thunderobot K87R;6932066308643
400288250;Клав. Thunderobot K87R Sage Green;2040028825016
400127146;Клав. Thunderobot KL5087R;6932066304843
400176253;Клав. Xiaomi Pad 6;6941812743751
400176253;Клав. Xiaomi Pad 6;6941812743751
400168575;Кнопка Sber SBDV-00032;2040016857524
400193666;Кнопка Яндекс YNDX-00524 DEMO;2040019366610
50036374;Ков. A4Tech X7-200MP;2110025469718
400041829;Ков. Acer OMP211;4711121162053
400182887;Ков. BlACKZID R1 Bubo XXL;4657789236951
50123114;Ков. Defender 50559;2110027092327
50123113;Ков. Defender 50560;2110027092334
50178218;Ков. Redragon 77990;2005017821820
400472407;Ков. Thunderobot Elite E1;6932066318000
400472400;Ков. Thunderobot M1 (JM03NP00BRU);6932066317997
400472406;Ков. Thunderobot MC4 Blueprint;6932066317973
400472404;Ков. Thunderobot MC4 Cyber City;6932066317980
400472405;Ков. Thunderobot MG9 Isoplane;6932066317966
50174821;Коврик DEFENDER 50550;4714033505505
400433890;Коврик Havit MP859 Bl;6950676205121
400433903;Коврик Havit MP860 Bl;6950676208719
400433907;Коврик Havit MP861 Black;6950676214789
400429231;Коврик Hi MP002;4640018451867
400400444;Коврик Hiper HIG-F4;7930134125061
50124945;Коврик inhouse IHBKRS453;4612755816711
400115454;Коврик Red Square RSQ-40042;4657777631171
400481933;Коврик Redragon Xeon 400х900х3;6950376719607
400078895;Коврик TalleR TR-66109;4650118378155
400405767;Ковш Hi MVKKLGR66116;4630056969967
20053613;Ковш Rondel RDS-745;2110026920454
50003626;Ковш Rondell RDS-026;1004081300805
50142621;Ковш Rondell RDS-1111;6970435712301
50166542;Ковш Rondell RDS-1308;6971764327914
50166543;Ковш Rondell RDS-1309;6971764327921
400479465;Ковш Rondell RDS-1806;6974100785263
400528753;Ковш Rondell RDS-1954;4630143179835
50047161;Ковш Rondell RDS-735;6956914603216
20053612;Ковш Rondell RDS-812;2110026217585
400052874;Ковш TalleR 17351;4650118377882
400679808;Ковш TalleR TR-11002;4670165612873
400682700;Ковш TalleR TR-11011;4670165612132
50146930;Ковш TalleR TR-17191;4650118371798
50133218;Ковш Tefal G7232274;3168430303232
400175814;Ковш Tefal G7452274;3168430337831
400470121;Ковш Tefal G7492274;3168430372863
400544387;Колонка Яндекс YNDX-00060BLK Bl;2040054438716
700800;Ком.БЛН Интернет навсегда ds;2000070080016
700820;Ком.БЛН Интернет навсегда ns;2000070082010
20053692;Комб.плита DARINA 1F1 2312 W;2110026984883
400301563;Компл. Acer OCC205 G;4711121797170
400301564;Компл. Acer OCC205 P;4711121797187
400301565;Компл. Acer OCC205 V;4711121797163
400301562;Компл. Acer OCC205 Wh;4711121797156
400411586;Компл. Havit KB206GCM Bl;6939119081225
400433859;Компл. Havit KB254GCM Bl;6939119040116
400433871;Компл. Havit KB254GCM Wh;6939119026929
400411562;Компл. Havit KB272CM Bl;6939119081232
400433883;Компл. Havit KB279GCM Bl;6939119026936
400444032;Компл. Havit KB279GCM Wh/Gr;6939119040123
400411321;Компл. Havit KB300CM Bl;6939119081249
50067159;Компл. Intro DW610 Wireless Bl;2110026178862
400414708;Компл. Mach. MNK106;6975971297695
400414711;Компл. Mach. MNK120;6975971297725
400414707;Компл. Mach. MNK78;6975971297688
400192515;Компл. Oclean W10 G;6970810551945
400192514;Компл. Oclean W10 P;6970810551952
400404419;Компл. Rapoo X1960;6940056190185
20074862;Компл. Samsung RA-C00K3BAA;8806092244191
20074863;Компл. Samsung RA-C00K4BAA;8806092606425
400137570;Компл. Аквафор 518811;4600987012308
400275348;Компл.Beko PSK_A;8690842683961
1005052;Комплект YOTA USB-модем LTE_SR;2000100505212
1005052;Комплект YOTA USB-модем LTE_SR;2000100505212
1005161;Комплект YOTA Wi-Fi модем LTE_SR;2000100516119
1005161;Комплект YOTA Wi-Fi модем LTE_SR;2000100516119
1005053;Комплект YOTA Wi-Fi роутер LTE_SR;2000100505311
1005053;Комплект YOTA Wi-Fi роутер LTE_SR;2000100505311
1006621;Комплект YOTA Wi-Fi роутер для дома_SR;2000100662113
1006621;Комплект YOTA Wi-Fi роутер для дома_SR;2000100662113
1006620;Комплект YOTA Интернет-центр 2_SR;2000100662014
400194560;Конв. Coolfort CF-3940;6974100784112
400193620;Конв. Coolfort CF-3941;6974100784129
400199681;Конв. Coolfort CF-3942;6974100784136
20074928;Конв. E-lux ECH/BNE-1000;7312970311660
20074931;Конв. E-lux ECH/U-1000 ER;7312970312667
20074931;Конв. E-lux ECH/U-1000 ER;7312970312667
20074931;Конв. E-lux ECH/U-1000 ER;7312970312667
20074932;Конв. E-lux ECH/U-1500 ER;7312970312674
20074932;Конв. E-lux ECH/U-1500 ER;7312970312674
400378024;Конв. Funai ECH-CHE1500WT;4640288900225
400378163;Конв. Funai ECH-CHE2000WT;4640288900232
400156804;Конв. Primera PHP-1007-MXR;4640047207473
400156804;Конв. Primera PHP-1007-MXR;4640047207473
400156802;Конв. Primera PHP-1507-MXR;4640047207534
400156802;Конв. Primera PHP-1507-MXR;4640047207534
400034128;Конв. Royal Clima REC-S1000M;4627174388886
400034148;Конв. Royal Clima REC-S1500M;4627174388893
400034148;Конв. Royal Clima REC-S1500M;4627174388893
20068931;Конвектор Ballu BEC/SEM-1500;4680551100044
20068931;Конвектор Ballu BEC/SEM-1500;4680551100044
20068931;Конвектор Ballu BEC/SEM-1500;4680551100044
20043530;Конвектор ZANUSSI ZCH/S-1000 MR;2110025727368
20047936;Конвектор ZANUSSI ZCH/S-1500 MR;2110025727375
20047936;Конвектор ZANUSSI ZCH/S-1500 MR;2110025727375
20047936;Конвектор ZANUSSI ZCH/S-1500 MR;2110025727375
20076783;Конвектор Zanussi ZCH/S-500 MR;7312970301487
400398245;Конд. Haier 62516;4603789162516
400398246;Конд. Haier 62554;4603789162554
400398244;Конд. Haier 62585;4603789162585
400370939;Кондиционер Haier 62523;4603789162523
400370940;Кондиционер Haier 62530;4603789162530
400370941;Кондиционер Haier 62547;4603789162547
400370942;Кондиционер Haier 62561;4603789162561
50040781;Контейнер G&G 2-1;2110025668173
50041516;Контейнер G&G 2-2;2110025668166
50040758;Контейнер G&G 3-1;2110025668197
50040780;Контейнер G&G 3-3;2110025668180
400348563;Контейнер Hitt Basic 2л;4690398117594
400162223;Контейнер Rombica RSO-001;8886482518590
50146994;Контейнер TalleR TR-38101;4650118373457
400427544;Контейнер TalleR TR-38120;4670165611876
400427547;Контейнер TalleR TR-38122;4670165611890
400427548;Контейнер TalleR TR-38123;4670165611906
400155989;Контейнер TalleR TR-38131;4650118378537
400156002;Контейнер TalleR TR-38132;4650118378544
400156015;Контейнер TalleR TR-38133;4650118378551
400156017;Контейнер TalleR TR-38134;4650118378568
50163765;Контейнер Tefal 3110600757;4168430012294
50049530;Контейнер Tefal K3021112;2110026348180
50153140;Контейнер Tefal K3021302;4168430001304
50049531;Контейнер Tefal K3021812;2110026348166
50153141;Контейнер Tefal K3022112;4168430001465
50153142;Контейнер Tefal K3022312;4168430001502
50117266;Контейнер Tefal K3100212;4168430002691
50117265;Контейнер Tefal K3100412;4168430002714
50117264;Контейнер Tefal K3100512;4168430002721
50168297;Контейнер TEFAL N1041110;4168430012300
50167280;Контейнер Tefal N1041310;4168430012324
400483394;Кофе Belmio Advent Calendar Nespresso 30;2040048339449
400483395;Кофе Belmio AdventCalendar Dolce Gusto20;2040048339548
400503585;Кофе Belmio Belgian Coffee Symphony 3 50;4673769420837
400508541;Кофе Belmio Belgian Coffee Symphony 4 50;4673769421094
400508719;Кофе Belmio Belgian Coffee Symphony 5 50;4673769421100
400503586;Кофе Belmio Belgian Pure Black 50;461052341047563714
20084212;Кофе Belmio Caramel Caramba;5415150353114
20084213;Кофе Belmio Chocolate Therapy;5415150352919
400360058;Кофе Belmio D.G. Caramel Macchiato;5415150800175
20084552;Кофе Belmio D.G. Lungo Fortissimo;5415150800014
20084215;Кофе Belmio Delicato Blend 500г;0541515039082
400291160;Кофе Belmio Driving you Hazelnuts;5415150353619
20084210;Кофе Belmio Espresso Dark Roast;5415150352414
400291159;Кофе Belmio Espresso Decaffeinato;5415150352117
20084128;Кофе Belmio Espresso Fortissimo;5415150352216
400278068;Кофе Belmio Irish Dream;5415150354418
20084221;Кофе Belmio Let's go Coconutz;0541515039100
20084125;Кофе Belmio Lungo Delicato;5415150351813
20084126;Кофе Belmio Lungo Fortissimo;5415150351912
20084214;Кофе Belmio Madame Creme Brulee;5415150354616
20084129;Кофе Belmio Ristretto;5415150352315
20084218;Кофе Belmio Ristretto Blend 1кг;0541515039094
20084217;Кофе Belmio Ristretto Blend 500г;0541515039085
20084211;Кофе Belmio Viva La Vanilla;5415150353015
20055502;Кофе Carraro Primo Mattino 1кг;2110026971036
400412240;Кофе Field Espresso Crema МВ 10;4262400870461
400412246;Кофе Field Espresso Intenso МВ 10;4262400870423
400412253;Кофе Field Lungo Dolce МВ 10;4262400870447
400433546;Кофе G-Drive Aroma;4673769296029
400433533;Кофе G-Drive Gold;4673769296012
400433491;Кофе G-Drive Original;4673769296005
20073401;Кофе Italco Arabica Brazil 1кг;4650097782950
20073403;Кофе Italco Qualita Rosso 1кг;4650097782967
400255586;Кофе MONARCH Espresso 1кг;4607001773269
400261706;Кофе MONARCH Espresso Classico;4607001772415
400261707;Кофе MONARCH Espresso Intenso;4607001772422
400301502;Кофе MONARCH Espresso Traditional 1кг;4607001773344
400301500;Кофе MONARCH Gold Arabica 800г;4607001773351
400261705;Кофе MONARCH Lungo Intenso;4607001772439
400219273;Кофе MONARCH Original Brazilian 800г;4607001772705
400451979;Кофе Stelvio Arabica Delicato;4673766398528
400451980;Кофе Stelvio Arabica Intensa;4673766398535
400451978;Кофе Stelvio Creme Brulee;4673766398511
400451981;Кофе Stelvio Decaffeinato;4673766398542
400514255;Кофе Stelvio La Passione del Barista 50;4673769420486
400451977;Кофе Stelvio Vanilla;4673766398504
400316188;Кофеварка Blackton CM1114;4650229410478
400316644;Кофеварка BQ CM7000;4650229410898
20069943;Кофеварка Goodhelper СМ-D102;4626015672047
400334696;Кофеварка Grundig KSM 4330;4013833065456
400334696;Кофеварка Grundig KSM 4330;4013833065456
400423638;Кофеварка Hyundai HEM-4309;4630143158304
20065829;Кофеварка Inhouse ICMD0603GW;4612757190024
400161435;Кофеварка Inhouse ICMD0605BK;4670127066447
400591943;Кофеварка JVC JK-CF2075;4895253314501
400591949;Кофеварка JVC JK-CF2150;4895253314525
400421967;Кофеварка JVC JK-CM70;4895253312453
20032999;Кофеварка Krups XP344010;010942216650
20032999;Кофеварка Krups XP344010;010942216650
20032999;Кофеварка Krups XP344010;010942216650
400466203;Кофеварка Krups XP384G10;3016661177910
400466203;Кофеварка Krups XP384G10;3016661177910
400205101;Кофеварка Krups XP444C10;3016661173493
400329433;Кофеварка Pioneer CMA019Wh;4895253304779
400329433;Кофеварка Pioneer CMA019Wh;4895253304779
400405100;Кофеварка Starwind STD0613;4630143157192
400242455;Кофеварка Supra CMS-0602;4897125305280
400351532;Кофеварка Supra CMS-1240;4897125305365
400351569;Кофеварка Supra CMS-1245;4897125305389
400351569;Кофеварка Supra CMS-1245;4897125305389
400324575;Кофеварка Supra CMS-1505;4897125305013
400219559;Кофеварка Tefal CM2M1410;3045387290276
20064630;Кофеварка Tefal CM321832;3016661156830
50051985;Кофейник Rondell RDA-399;6970435717122
50045503;Кофейник Rondell RDS-499;2110027109162
400101470;Кофемаш. Grundig KVA 4831;4013833037033
400101469;Кофемаш. Grundig KVA 4832;4013833039143
400232020;Кофемаш. Grundig KVA 6230;4013833065265
400232020;Кофемаш. Grundig KVA 6230;4013833065265
400232022;Кофемаш. Grundig KVA 7230;4013833065272
400232022;Кофемаш. Grundig KVA 7230;4013833065272
400514887;Кофемаш. Hibrew H1A Wh;2036865624967
400544587;Кофемаш. Mie NC500B;4610523410611
400539347;Кофемаш. Mie XC100B черный;2040053934714
400539347;Кофемаш. Mie XC100B черный;2040053934714
400539350;Кофемаш. Mie XC100M мокка;2040053935018
400539365;Кофемаш. Mie XC100W белый;2040053936510
400539365;Кофемаш. Mie XC100W белый;2040053936510
400539366;Кофемаш. Mie XC300B;4610523410079
400539386;Кофемаш. Mie XC300G;2040053938613
400539388;Кофемаш. Mie XC300M;2040053938811
400539390;Кофемаш. Mie XC300W;2040053939016
400539390;Кофемаш. Mie XC300W;2040053939016
400330471;Кофемаш. Pioneer CMA012C;4895253301181
400252277;Кофемаш. Smeg BCC13WHMEU;8017709335052
400385726;Кофемаш. Stelvio AC100 Bl;4673766398122
400385726;Кофемаш. Stelvio AC100 Bl;4673766398122
400385727;Кофемаш. Stelvio AC100 Gr;4673766398139
400380474;Кофемаш. Stelvio NC100 B;4673749237554
400380480;Кофемаш. Stelvio NC100 G;4673749237578
400380480;Кофемаш. Stelvio NC100 G;4673749237578
400387616;Кофемаш. Stelvio NC200 B;4673749237585
400409326;Кофемаш. Stelvio NC300 B;4673749237622
400409328;Кофемаш. Stelvio NC300 Gr;4673749237646
400409328;Кофемаш. Stelvio NC300 Gr;4673749237646
400141827;Кофемаш. Vista DNS200R;4673739642375
400396631;Кофемаш. Vista N3 G;4673766398030
400396632;Кофемаш. Vista N3 R;4673766398047
400396632;Кофемаш. Vista N3 R;4673766398047
400141865;Кофемаш. Vista NS100W;4673739642382
400141885;Кофемаш. Vista NS200R;4673739642474
400141876;Кофемаш. Vista NS200W;4673739642450
400221177;Кофемаш. Vista NS600B;4673749237295
20062318;Кофемолка Krups F2034232;3016661155574
20080216;КП Darina 1F1 2312 X;4607152048711
20059304;КП de luxe 506040.01гэ(кр) ЧР;2110027097575
400336449;КП Flama L FK 23-127 B;4650055273872
20086487;КП GEFEST ПГЭ 6302-04 0046 Bl;4810114021985
20084171;КП Gorenje GK5C61XJ;3838782626050
400415873;КП Gorenje GK6A44WF;3838782948985
400456179;КП Gorenje MEKS5142X;3838782970894
400187322;Кресло Thunderobot E101 Fortress;6932066307684
400187323;Кресло Thunderobot E201 Interceptor;6932066307691
400189010;Кресло Thunderobot E203 Highlight;6932066307677
400189009;Кресло Thunderobot E301 Rampage;6932066307660
50130297;Кронштейн  Ridicon FM870;4660010631869
50130301;Кронштейн  Ridicon FM874;4660010631906
50130303;Кронштейн  Ridicon FM876;4660010631920
50130305;Кронштейн  Ridicon FM878;4660010631944
50130308;Кронштейн  Ridicon FM881WT;4660010631975
50130314;Кронштейн  Ridicon FM887;4660010632033
400123733;Кронштейн Ballu НС-1202707;4620016798218
50067900;Кронштейн Hi HTN-2210B;2110025444913
50117634;Кронштейн Hi HTN-4232B;2110027031852
50117635;Кронштейн Hi HTN-4233B;2110027031845
50070465;Кронштейн Hi HTN-4623B;2110025493515
50120367;Кронштейн Hi HTN-6524B;2110027085626
50161695;Кронштейн OFA WM4429;8716184074844
50050345;Кронштейн Resonans PS404;4607134201561
50163215;Кронштейн Resonans PS597;4660010632958
50163180;Кронштейн Resonans PS7;4660010632927
50130013;Кронштейн Resonans PS811;4660010632125
50163217;Кронштейн Resonans PS813;4660010632972
50050800;Кронштейн Resonans PS818;4607134201554
50050800;Кронштейн Resonans PS818;4607134201554
50129308;Кронштейн Resonans PS824;4607134201905
50163231;Кронштейн Resonans PS903;4660010633122
400466396;Кронштейн Resonans PWH104;4660010634013
400466395;Кронштейн Resonans PWH108;4660010634037
400466394;Кронштейн Resonans PWH113;4660010634303
50040856;Кронштейн Resonans PWH20;4607134201332
50050346;Кронштейн Resonans PWH21;4607134201578
50050347;Кронштейн Resonans PWH22;4607134201585
50050348;Кронштейн Resonans PWH23;4607134201592
50130011;Кронштейн Resonans PWH24;4660010632095
50130010;Кронштейн Resonans PWH25;4660010632101
50044135;Кронштейн Resonans PWH26;4607134201486
50044137;Кронштейн Resonans PWH28;4607134201493
50042722;Кронштейн Resonans PWH35;4607134201431
50047060;Кронштейн Resonans PWH71;4607134201523
50049238;Кронштейн Resonans PWH80;4660010631449
50051263;Кронштейн Resonans PWH82;4607134201677
50051264;Кронштейн Resonans PWH84;4607134201684
50163184;Кронштейн Resonans TWH100;4660010632583
50163185;Кронштейн Resonans TWH101;4660010632590
50163186;Кронштейн Resonans TWH102;4660010632606
50163187;Кронштейн Resonans TWH103;4660010632620
50163188;Кронштейн Resonans TWH104;4660010632637
50163189;Кронштейн Resonans TWH105;4660010632644
50044564;Кронштейн Resonans TWH36WT;4607134201370
50043523;Кронштейн Resonans TWH38;4607134201462
50047657;Кронштейн Resonans TWH40;4607134201530
50052155;Кронштейн Resonans TWH50;4607134201691
50052156;Кронштейн Resonans TWH60;4607134201653
50050349;Кронштейн Resonans TWH82;4607134201608
50052157;Кронштейн Resonans TWH85;4607134201707
50053348;Кронштейн Resonans TWH87;4607134201738
50053349;Кронштейн Resonans TWH88;4607134201714
50053370;Кронштейн Resonans TWH89;4607134201745
50130270;Кронштейн Ridicon F801;4660010631623
50130271;Кронштейн Ridicon F802;4660010631630
50130272;Кронштейн Ridicon F803;4660010631647
50130273;Кронштейн Ridicon F804;4660010631654
50130274;Кронштейн Ridicon F805;4660010631661
50130278;Кронштейн Ridicon F809;4660010631708
400466391;Кронштейн Ridicon F813;4660010634044
50163234;Кронштейн Ridicon FM898;4660010633245
400143274;Кронштейн Ridicon FM902;4660010633337
400143278;Кронштейн Ridicon FM904;4660010633351
400466392;Кронштейн Ridicon FM906;4660010634051
50130280;Кронштейн Ridicon T841;4660010631722
50130281;Кронштейн Ridicon T842;4660010631739
50130283;Кронштейн Ridicon T844;4660010631753
50130284;Кронштейн Ridicon T845;4660010631760
50130285;Кронштейн Ridicon T846;4660010631777
50130286;Кронштейн Ridicon T847;4660010631784
50130288;Кронштейн Ridicon T849;4660010631807
50130290;Кронштейн Ridicon T851;4660010631821
50130293;Кронштейн Ridicon T854;4660010631852
400132655;Кронштейн Ridicon T855;4660010633368
400217060;Кронштейн Rombica TV Clip WM-F401;8886482522146
400217059;Кронштейн Rombica TV Clip WM-F402;8886482522153
400217061;Кронштейн Rombica TV Clip WM-F601;8886482522139
400216988;Кронштейн Rombica TV Clip WM-R20A;8886482522214
400216990;Кронштейн Rombica TV Clip WM-R40X;8886482522221
400217054;Кронштейн Rombica TV Clip WM-T201;8886482522191
400217056;Кронштейн Rombica TV Clip WM-T602;8886482522184
400078661;Кронштейн UltraMounts UM 894;4660010632170
50170986;Кронштейн Рэмо 495х600;4603225019190
400237201;Кружка Thermos SK160 SPB;4673734563095
400405714;Крышка Hi MV79240УП;4630056969998
400405715;Крышка Hi MV79260УП;4630267380063
400405716;Крышка Hi MV79280УП;4630267380070
50165741;Крышка Inhouse IHWRSS28;4612757190505
400168340;Крышка Rombica RSL-001;8886482518606
400169567;Крышка Rombica RSL-002;8886482518613
400169566;Крышка Rombica RSL-003;8886482518620
400168341;Крышка Rombica RSL-004;8886482518637
50042693;Крышка Rondell RDA-125;4260121751298
50042569;Крышка Rondell RDA-126;1004456501080
50042570;Крышка Rondell RDA-127;1004456601087
400286839;Крышка Rondell RDA-1738;6974100787540
400286846;Крышка Rondell RDA-1739;6974100787557
400286851;Крышка Rondell RDA-1740;6974100787564
50141960;Крышка TalleR TR-38003;4650118372702
50141961;Крышка TalleR TR-38004;4650118372719
50141962;Крышка TalleR TR-38005;4650118372726
50152630;Крышка TalleR TR-38006;4650118372733
50133439;Крышка TalleR TR-38007;4650118372740
400248567;Крышка TalleR TR-38014;4670165610077
400248652;Крышка TalleR TR-38015;4670165610084
400248658;Крышка TalleR TR-38016;4670165610091
50003555;Крышка Tefal 04090118;2110020189574
50145583;Крышка Tefal 04199718;4602063199729
50145498;Крышка Tefal 04199724;4602063199750
50145499;Крышка Tefal 04199726;4602063199767
50145499;Крышка Tefal 04199726;4602063199767
50145580;Крышка Tefal 04199728;4602063199774
400359919;Крышка Tefal 04240722;4602063240742
400346334;Крышка Tefal 04240724;4602063240759
400346337;Крышка Tefal 04240726;4602063240766
400183339;Кувшин Аквафор Baby Р81А8F (цикламен);4600987011813
400249045;Кувшин Аквафор Инди P87А6F (кобальт);4600987013459
400306347;Кувшин Аквафор Кантри P42A5N (зеленый);4600987011226
400306847;Кувшин Аквафор Кантри P42A5N (красный);4600987011202
400249057;Кувшин Аквафор Орион P87А6F (белый);4600987013091
400078388;Кувшин Аквафор Прованс Р140А5FM (белый);4600987012377
400132437;Кувшин Аквафор Смайл P152A6F (салатовый);4600987013145
50127799;Кувшин Аквафор Смайл Р152А5F (L Green);4600987009469
400471443;Кувшин Аквафор Фреш 519333 белый;2040047144334
400472224;Кувшин Аквафор Фреш 519335 черный;4600987012599
50070466;Кулинарный шприц Atlantis C809;2110025495397
400412275;Кух.комб. Moulinex FP211110 белый;3016661145278
400412275;Кух.комб. Moulinex FP211110 белый;3016661145278
400312057;Кух.маш. Tefal QB525838;3016667292150
400312057;Кух.маш. Tefal QB525838;3016667292150
400355460;Кух.маш. Tefal QB951DF0;3016667293669
400318193;Лампа Kodak A60-11W-830-E27;8879304265642
400318201;Лампа Kodak A60-11W-840-E27;8879304265710
400318207;Лампа Kodak A60-11W-865-E27;8879304265888
400317359;Лампа Kodak A60-9W-830-E27;8879304265338
400317374;Лампа Kodak A60-9W-840-E27;8879304265406
400317749;Лампа Kodak B35-7W-830-E14;8879304267486
400317778;Лампа Kodak B35-7W-830-E27;8879304267790
400317763;Лампа Kodak B35-7W-840-E14;8879304267554
400317837;Лампа Kodak B35-7W-840-E27;8879304267868
400317844;Лампа Kodak P45-7W-830-E14;8879304268926
400317854;Лампа Kodak P45-7W-830-E27;8879304269220
400317875;Лампа Kodak P45-7W-840-E14;8879304269084
400317903;Лампа Kodak P45-7W-840-E27;8879304269398
400182066;Лампа Sber SBDV-00117 DEMO;2040018206610
400324254;Лампа Sber SBDV-00120;2040032425424
50135990;Лампа Uniel LED-A60-12W/3000K/E27/CL GLA;4690485130796
50135991;Лампа Uniel LED-A60-12W/4000K/E27/CL GLA;4690485130826
50136021;Лампа Uniel LED-G45-11W/3000K/E27/FR PLS;4690485130291
50136024;Лампа Uniel LED-JCDR-10W/3000K/GU5.3 PLS;4690485130239
30058215;Лампа Xiaomi MJCTD02YL DEMO;2003005821517
50050524;Лампа ЭРА A60-15W-840-E27;2110026579294
50125035;Лампа ЭРА A60-9W-827-E27;5056183735401
50141625;Лампа ЭРА F-LED B35-9w-840-E14;5056306013027
400303350;Лампа ЭРА LED A60-13W-860-E27;5056183700287
50142797;Лампа ЭРА LED A60-17W-840-E27;5056183711665
50118410;Лампа ЭРА LED A65-19W-840-E27;5056183711696
50141537;Лампа ЭРА LED A65-21W-827-E27;5056183742553
50141538;Лампа ЭРА LED A65-21W-840-E27;5056183742614
50141541;Лампа ЭРА LED A65-25W-840-E27;5056183742706
50141542;Лампа ЭРА LED A65-25W-860-E27;5056183742737
50141558;Лампа ЭРА LED B35-11W-840-E14;5056183732363
50141559;Лампа ЭРА LED B35-11W-840-E27;5056183732394
50141585;Лампа ЭРА LED GX-9W-827-GX53;5055945556834
50141572;Лампа ЭРА LED P45-11W-827-E14;5056183732486
50141573;Лампа ЭРА LED P45-11W-827-E27;5056183732516
50141574;Лампа ЭРА LED P45-11W-840-E14;5056183732561
50141575;Лампа ЭРА LED P45-11W-840-E27;5056183732578
50141576;Лампа ЭРА LED P45-11W-860-E14;5056183732608
50141577;Лампа ЭРА LED P45-11W-860-E27;5056183732639
50141570;Лампа ЭРА LED P45-9W-840-E14;5055945576788
50048564;Лампа ЭРА LED smd B35-7w-827-E14;2110026006080
50048567;Лампа ЭРА LED smd B35-7w-840-E27;2110026584021
50048572;Лампа ЭРА LED smd P45-7w-840-E14;2110025901768
50049136;Лампа ЭРА MR16-8w-827-GU5.3;2110025981050
50049137;Лампа ЭРА MR16-8w-840-GU5.3;2110025981043
400100679;Лампа Яндекс YNDX-00017 DEMO;2040010067912
400395998;Лампа Яндекс YNDX-00551;4670028541319
400396016;Лампа Яндекс YNDX-00553;4670028541470
400396024;Лампа Яндекс YNDX-00556;4670028541517
400395989;Лампа Яндекс YNDX-00558;4670028541524
400396012;Лампа Яндекс YNDX-00559;4670028541555
400048844;Лампоч. Sber SBDV-00115;4640076240786
400193655;Лампоч. Яндекс YNDX-00018_DEMO;2040019365514
400193656;Лампоч. Яндекс YNDX-00019_DEMO;2040019365613
400138740;Лампоч.Sber SBDV-00117;4640076240717
50172805;Лезвие Zumman ZSC2;4610086272824
50075392;Лезвия д/скребкаSCANPART 11.000.000.18;2110020505107
10029472;Лента Sber SBDV-00033;4640076240199
400289621;Лента Яндекс YNDX-00544 Wh;4670028541111
50164466;Листы Salton Cleantech SS021;4640016744817
50173033;Ложка Atlantis D1055;5606912003686
50156453;Ложка Inhouse IHAML23;4612757192769
50156454;Ложка Inhouse IHAML24;4612757192790
400217751;Ложка Resto 94200;4260709013084
50161145;Ложка Rondell RD-1380;6971764328324
400281527;Ложка Rondell RD-1870;6976510176037
50119502;Ложка Rondell RD-656;2110027068469
50052051;Ложка Tefal 2743912;1004843201296
50050197;Ложка Tefal K2060214;3168430220560
50048814;Ложка Tefal K2060514;2110025777998
400236777;Ложка Tefal K2791024;3168430360273
50173039;Ложка поварская Atlantis D1431;5606912003839
50145769;Лопатка Atlantis A256;5606912009589
50173031;Лопатка Atlantis D1036;5606912003662
400179325;Лопатка Attribute VOLCANO;4660132107747
50161146;Лопатка Rondell RD-1381;6971764328331
400281563;Лопатка Rondell RD-1871;6976510176044
50141953;Лопатка TalleR TR-56100;4650118373174
50036879;Лопатка Tefal 2743712;1004832401089
50036880;Лопатка Tefal 2744112;1004832701080
400236793;Лопатка Tefal K2791124;3168430360280
501753;М.Купон Осенний 2019;2000050175312
501173;М.Купон Резервный 1000 50проц;2000050117312
400192620;М/варка Hi Hi HMC-301;8886482514608
20072211;М/варка Midea MPC-6030;6939962774817
400477448;М/варка Midea MPC-6039;6936718337128
400477448;М/варка Midea MPC-6039;6936718337128
20075948;М/варка Moulinex CE222D32;3045387244170
400351700;М/варка RED sol. COLORSENSE PM4000;5060982435431
400353296;М/варка Tefal CY912832;3045387293598
400353296;М/варка Tefal CY912832;3045387293598
400477910;М/варка Tefal MY741CF2;3045387294564
20068210;М/варка Tefal RK321A32;3045387240509
20056252;М/варка Tefal RK901832;13016661151979
400350885;М/варка Toshiba PC-48DRTRU(K);6936718329253
400350885;М/варка Toshiba PC-48DRTRU(K);6936718329253
400350889;М/варка Toshiba RC-18DRTRU(H);6936718329611
400350889;М/варка Toshiba RC-18DRTRU(H);6936718329611
400404203;М/варка Toshiba RC-18IRTRU(S;6936718331232
20083520;М/кам. Beko B1R FNK292 W;4680037177973
20083291;М/кам. Beko B3R FNK292 W;4680037177942
400100093;М/кам. Indesit DSZ 5175;8050147551684
20082501;М/кам. Liebherr SFNbde 5227-20 001;4016803086352
400423002;М/пекарь Vixter DSM-4560;4680605051223
400201150;М/плеер Rombica TVbox Mate;8886482521651
400192628;М/плеер Rombica VPKI-02;8886482521699
400192630;М/плеер Rombica VPKI-03;8886482521705
50141954;Масленка TalleR TR-61213;4650118373709
20075930;Масс.д.тела Rowenta LY4000F0;3121040082195
400304141;Маш. д/волос Braun HC5350;4210201448754
20067811;Маш.д/волос GA.MA GCX 623 SPORT-HF;8023277137097
400376867;Маш.д/волос GA.МА GC567;8023277164369
400376857;Маш.д/волос GA.МА GT557;8023277164376
400376857;Маш.д/волос GA.МА GT557;8023277164376
400351857;Маш.д/волос KaringBee KB-5350 Bl;2039175577541
400351855;Маш.д/волос KaringBee KB-5350 S;2039175578869
400351855;Маш.д/волос KaringBee KB-5350 S;2039175578869
400351855;Маш.д/волос KaringBee KB-5350 S;2039175578869
400231369;Маш.д/волос Rombica Clipper TTR-120;8886482522467
20032655;Маш.д/волос Rowenta TN1410F(0/1);2110025763557
400151668;Маш.д/волос Rowenta TN152LF0;3121040087046
400492106;Маш.д/волос Rowenta TN1551E0;3121040093870
20070352;Маш.д/волос Rowenta TN1700D8;3121040080726
20070352;Маш.д/волос Rowenta TN1700D8;3121040080726
400489361;Маш.д/волос Rowenta TN5202F0;3121040091517
20075633;Маш.д/волос Rowenta TN5243F4;3121040082584
20075633;Маш.д/волос Rowenta TN5243F4;3121040082584
50127794;Маш.д/шер. Tefal JB1013E0;3121040071205
50125160;Маш.удал/катышек Tefal JB1011E0;3121040070314
50144016;Мел Brauberg 223557;4606224071183
400557933;Мельница Rondell RD-1717;4630143180046
50174559;Мельница RONDELL RD-1666;6974100789223
400287287;Мельничка Rondell RD-1749;6974100789407
400471515;Мик. Defender Impulse GMC 650;4745091890814
400429940;Мик. Denn GMC-101S;4670015774577
400061045;Микрофон Denn DMC002;4670015774218
400433910;Микрофон Havit GK50 Black;6939119036577
400433918;Микрофон Havit GK63Pro Bl/Оch;6939119036584
50169595;Микрофон Razer Seiren V2 X;8886419377955
400475889;Микрофон Redragon Pulsar GM303;6950376716620
400433056;Миксер Gorenje M360CW;3838782178726
20053879;Миксер Moulinex HM3108B1;3016661151668
20070935;Миксер Moulinex HM450B10;3016667242322
20075212;Миксер Moulinex HM462110;3016667243961
20075212;Миксер Moulinex HM462110;3016667243961
20078427;Миксер Moulinex HM650E10;3016667245712
400477686;Миксер Moulinex QA140AF1;3016661179556
400477686;Миксер Moulinex QA140AF1;3016661179556
20059793;Миксер WMF 0416560711;4211129134279
20059793;Миксер WMF 0416560711;4211129134279
400183014;Мини-печь Deerma DEM-KZ115W;6955578041570
20066732;Мини-печь Econ ECO-1002MO;4895227604980
20066732;Мини-печь Econ ECO-1002MO;4895227604980
20066737;Мини-печь Econ ECO-G3201MO;4895227605031
20066737;Мини-печь Econ ECO-G3201MO;4895227605031
400557802;Мини-печь Econ ECO-GP3221MO;4895227605888
400557793;Мини-печь Econ ECO-GP3222MO;4895227605895
400404829;Мини-печь Goodhelper MO-201;4626015670388
400469576;Мини-печь Hotpoint MFH 306 WH;8690842731525
400233119;Мини-печь Hyundai MIO-HY091;4630143140453
400509428;Мини-печь JVC JH-MO335;4895253315744
400509428;Мини-печь JVC JH-MO335;4895253315744
400509489;Мини-печь JVC JH-MO425 Be;4895253315751
400509507;Мини-печь JVC JH-MO425 Bl;4895253315768
400176200;Мини-печь Kraft KM-MV3200BL;8693709891240
400037127;Мини-печь Kraft KM-MV3801BL;8693709890984
400037126;Мини-печь Kraft KM-MV3801W;8693709891004
400037126;Мини-печь Kraft KM-MV3801W;8693709891004
20037995;Мини-печь Moulinex OX444832;13016661147897
20037579;Мини-печь Moulinex OX464E32;13016661148313
20037579;Мини-печь Moulinex OX464E32;13016661148313
20037528;Мини-печь Moulinex OX485832;13045385783616
20037528;Мини-печь Moulinex OX485832;13045385783616
400552357;Модуль Яндекс YNDX-00652;4670028542354
401058390;Молоток TalleR TR-65148;4670165614082
400373277;Мон. ABR Technology MS27HQ-v1;4673748695584
400373293;Мон. ABR Technology MS27HQ-v3;4673748695607
400457795;Мон. Acer KA272Kbmiipx;4711474216922
400418266;Мон. Acer VG272UV3bmiip;4711121680816
400598545;Мон. Carrera CRL251;4810443004994
400599459;Мон. Carrera CRL273;4810443005007
400614368;Мон. Carrera CRL274;4810443004970
400624064;Мон. Carrera CRL325;4810443004987
400430229;Мон. Digma SP1000С;4630143161441
400410763;Мон. Huawei SSN-24BZ CABBZ;2040041076310
30057503;Мон. Huawei ZQE-CAA;6941487222889
30059511;Мон. Huawei ZQE-CBA;6941487222896
400335173;Мон. Samsung S27DG502EI;8806095401881
400464023;Мон. Samsung S27F610EAI;8806095898346
400123233;Мон. Samsung S32B800PXI;8806094357561
400424670;Мон. Thunderobot 24F280;6932066316464
50037712;Мусат Rondell RD-323;4260121752905
400337750;МФУ DELI M2000DNWs;6942233649059
400337750;МФУ DELI M2000DNWs;6942233649059
400437864;МФУ Huawei 53050154;2040043786422
400456675;МФУ Pantum BM2300A;6936358053938
400131206;Мышь A4 Tech J90s;4711421949040
50038582;Мышь A4Tech Bloody V7 Bl;2110025535017
400080032;Мышь A4Tech ES5 Bl;4711421979351
400080035;Мышь A4Tech ES7 Bl;4711421980128
400666534;Мышь A4Tech R73 PRO BLACK;4711421002332
400666539;Мышь A4Tech R73 ULTRA BLACK;4711421002349
50041640;Мышь A4Tech V8 Bl;2110025469701
400208526;Мышь A4Tech W60 Max Mini;4711421987127
50036322;Мышь A4Tech X-710BK Bl;2110020770031
50036332;Мышь A4Tech X-718BK Bl;2110020295695
50036332;Мышь A4Tech X-718BK Bl;2110020295695
50165508;Мышь Acer OMR020;4710180905212
50143066;Мышь Acer OMR031;4710180905236
400188245;Мышь Acer OMR083 ZL.MCEEE.023;4711121466922
400304300;Мышь Acer OMR205 G;4711121797224
400301608;Мышь Acer OMR205 P;4711121797248
400301074;Мышь Acer OMR205 Wh;4711121797217
400282656;Мышь Acer OMR301 B;4711121736162
400282658;Мышь Acer OMR301 Bl ZL.MCECC.01T;4711121736179
400282591;Мышь Acer OMR301 Wh;4711121736186
400272858;Мышь Acer OMR304;4711121736230
400433781;Мышь Acer OMR310 Lt/Gr;4711121950094
50143072;Мышь Acer OMW020;4710180905199
400272980;Мышь Acer OMW302;4711121736292
50171860;Мышь Acer ZL.MCEEE.00R;4710886711209
50123065;Мышь Defender 52020;2110027089334
400197905;Мышь Defender 52285;4714033522854
50129833;Мышь Defender 52365;4714033523653
50156325;Мышь Defender 52935;4714033529358
50156324;Мышь Defender 52936;4714033529365
50156323;Мышь Defender 52937;4714033529372
400178927;Мышь Defender Ezone GM-036;4745090824018
400178935;Мышь Defender Nolana GM-044;4745090824025
400178937;Мышь Defender Rock GM-552 Bl;4745090824117
400178931;Мышь Defender Tanto GM-875;4745090824049
400443274;Мышь Defender Touch MM-997 Bl;4745090821949
400443275;Мышь Defender Touch MM-997 Wh;4745090821956
50046487;Мышь Genius NeSc 120 V2 USB Bl;091163252382
400222319;Мышь Havit HV-MS56GT R;6939119004057
400222392;Мышь Havit HV-MS689 Gr;6950676279429
400222373;Мышь Havit HV-MS689 R;6950676279405
400222424;Мышь Havit HV-MS752 B;6950676286410
400222425;Мышь Havit HV-MS752 Bl;6950676286434
400222417;Мышь Havit HV-MS752 R;6950676286441
400219269;Мышь Havit HV-MS753 B;6950676221770
400219271;Мышь Havit HV-MS753 Bl/Gr;6950676221916
400219270;Мышь Havit HV-MS753 Bl/S;6950676221756
400258783;Мышь Havit HV-MS989GT;6950676209853
400222893;Мышь Havit HV-MS989GT Bl;6950676251609
400433936;Мышь Havit MS1029 Bl;6939119067229
400444041;Мышь Havit MS1029 Wh;6939119033897
400433949;Мышь Havit MS1038 Bl;6939119045869
400222981;Мышь Havit MS550GT;6939119019419
400392873;Мышь Havit MS60WB Bl;6950676269345
400392881;Мышь Havit MS60WB Gr;6950676270204
400392887;Мышь Havit MS60WB Wh;6950676269352
400223001;Мышь Havit MS61WB B;6939119041885
400222998;Мышь Havit MS61WB R;6939119041878
400222994;Мышь Havit MS61WB Wh;6939119041861
400223325;Мышь Havit MS626GT;6939119005740
400223309;Мышь Havit MS626GT Bl;6939119005689
400223328;Мышь Havit MS626GT Bl/B;6939119005757
400223327;Мышь Havit MS626GT Bl/Gr;6939119005979
400224363;Мышь Havit MS64GT G;6939119089818
400224369;Мышь Havit MS64GT P;6939119089801
400223426;Мышь Havit MS64GT Y;6950676278576
400224405;Мышь Havit MS65WB Gr;6939119068363
400224400;Мышь Havit MS65WB P;6950676200003
400224382;Мышь Havit MS65WB Wh;6950676200010
400224606;Мышь Havit MS66GT Bl;6939119026646
400224406;Мышь Havit MS66GT Wh/B;6939119026653
400224691;Мышь Havit MS78GT G;6939119041236
400224857;Мышь Havit MS78GT V;6939119041229
400225166;Мышь Havit MS851 B;6939119013042
400225164;Мышь Havit MS851 Gr;6939119013066
400225144;Мышь Havit MS851 R;6939119013035
400225168;Мышь Havit MS851 V;6939119013059
400453975;Мышь Havit MS927GT Bl;6950676294316
400433951;Мышь Havit MS954 Bl;6950676221466
400433955;Мышь Havit MS966 Bl;6950676229165
400433959;Мышь Havit MS966 Wh;6950676229820
400433991;Мышь Havit MS969SE Bl;6939119080204
400434059;Мышь Havit MS969SE Y/Bl;6939119080211
400434059;Мышь Havit MS969SE Y/Bl;6939119080211
400173290;Мышь HIPER Ardor (WRDGM-13);7930134120424
400173299;Мышь HIPER Flash Pink (WRSGM-2P);7930134120448
400350138;Мышь Huawei CD26 SE Gr;2040035013819
50046391;Мышь Intro MU190;2110025719929
50057829;Мышь Intro MW109;2110025719950
50046379;Мышь Intro MW175;2110025719943
50046381;Мышь Intro MW650 Wh;2110025963032
50054982;Мышь Intro MW6500;2110025793769
400414698;Мышь Mach. MM101;6975971297671
400414699;Мышь Mach. MM201;6975971297633
400415920;Мышь Mach. MM202 Li;6975971297626
400414705;Мышь Mach. MM301;6975971297640
400414706;Мышь Mach. MM302 Gp;6975971297664
400404313;Мышь Rapoo V16RGB;6940056119285
400454284;Мышь Thunderobot ML6 VP Edition;6932066316037
400365341;Мышь Thunderobot ML901 White;6932066313791
400288457;Мышь Thunderobot ML903 Cyber Grape;6932066310226
400365342;Мышь Thunderobot ML903 Pro White;6932066313814
400430148;Мышь Xiaomi BHR8911GL;6941812792858
400405853;Мышь Xiaomi BHR8912GL;6941812792841
400405857;Мышь Xiaomi BHR8913GL;6941812792834
400430147;Мышь Xiaomi BHR8915GL;6941812792995
400405858;Мышь Xiaomi BHR8916GL;6941812792988
400420676;Мышь беспроводная Defender Annex GM-038;4714033520386
400420681;Мышь беспроводная Defender Shiro GM-172;4714033521727
400420677;Мышь проводная Defender Rixis GM-161;4714033521611
400454052;Наб. Ballu V40P;4680551247992
400503584;Наб. Belmio 0820;4673769420820
400330832;Наб. Brauberg 180338;4606224018492
400331255;Наб. Brauberg 181709;4606224283029
400330833;Наб. Brauberg 181874;4606224328843
400345818;Наб. Brauberg 181892;4606224332222
400330870;Наб. Brauberg 222970;4606224051604
400365496;Наб. Hi SP-004;2040036549614
400434011;Наб. KaringBee KB-5357/KB-5358;6977238212298
400396353;Наб. KaringBee KB-5360;6977238211178
400091573;Наб. Oral-B D103.413.3;4210201432265
400381219;Наб. Oral-B EB18pRX-4;8700216378635
400333194;Наб. Rondell RD-1782;6974100789636
400551983;Наб. Rondell RD-1892;6976510176181
400468681;Наб. Rondell RD-1944;6976510176280
401176317;Наб. Rondell RD-2017 Gr;4630143184327
400421710;Наб. TalleR TR-11020;4650118379237
400515154;Наб. Tefal 04253810;4602063253810
400523640;Наб. Tefal 4253820;4602063253827
400470122;Наб. Tefal G749S674;3168430372894
400401583;Наб. Tefal K001S314;3168430284159
400398840;Наб. Tefal K2216S74;3168430369436
400391686;Наб. Tefal K250S225;3168430301009
400357880;Наб. Tefal K279S304;3168430362123
400574959;Наб. Tefal K2977S44;3168430380790
400514043;Наб. Tefal K297S644;3168430378469
400333408;Наб. Tefal L8813S75;3168430362307
400389050;Наб. Tefal L881S604;13168430361406
400283390;Наб.Tefal L3999002;3168430331228
50150313;Набор Brauberg 141023;4606224051680
50150600;Набор Brauberg 141038;4606224051796
10023790;Набор iconBIT AS-1978K;4895160634815
400337917;Набор Resto 92210;4260709013510
50128935;Набор Rondell  RD-1160;6971764328010
50142625;Набор Rondell  RD-1359;6971764328225
50128149;Набор Rondell RD-1010;6970435718112
50128151;Набор Rondell RD-1131;6970435718624
400157477;Набор Rondell RD-1569;6974100788998
400328521;Набор Rondell RD-1773;6974100789544
50128150;Набор Rondell RD-984;6970435717986
50141936;Набор Rondell RDA-1358;6971764328218
50032759;Набор Rondell RDS-040;1004456901088
50174581;Набор Rondell RDS-1658;6974100787205
50038313;Набор Rondell RDS-339;4260121752554
50039748;Набор Rondell RDS-341;2110025012952
20053606;Набор Rondell RDS-816;2110026217608
20053604;Набор Rondell RDS-824;2110026168535
400052390;Набор TalleR 17300;4650118377776
400074530;Набор TalleR 51409;4650118377745
50141963;Набор TalleR TR-11047;4650118372306
50174774;Набор TalleR TR-11071;4650118376113
50146934;Набор TalleR TR-17190;4650118371415
400100381;Набор TalleR TR-21620;4650118377301
50146968;Набор TalleR TR-21631;4650118374140
50146970;Набор TalleR TR-21665;4650118374164
50144899;Набор TalleR TR-22001;4650118371248
50131036;Набор TalleR TR-22008;4650118370876
50130185;Набор TalleR TR-22078;4650118374232
400087484;Набор TalleR TR-22080;4650118378179
50133416;Набор TalleR TR-52203;4650118371279
50049800;Набор Tefal C973SB34;13168430262949
50160179;Набор Tefal E310S874;13168430324760
50165571;Набор Tefal E311S674;13168430324746
50134042;Набор Tefal G723S674;13168430304953
50160320;Набор Tefal G732S855;13168430323145
50160320;Набор Tefal G732S855;13168430323145
400065317;Набор Tefal G744SB74;13168430338026
400487890;Набор Tefal G749S874;3168430379596
50142734;Набор Tefal K121S375;3168430300989
50157961;Набор Tefal K2219255;3168430323223
400327873;Набор Tefal K2219455;3168430345379
50140673;Набор Tefal K221SA14;3168430247031
50129651;Набор Tefal K232S574;3168430291690
400186594;Набор Tefal L897S574;3168430338548
50124079;Набор WMF 0514895290;4000530703453
50072173;Набор Аквафор В15 В100-15 set 3;2110026374950
50049481;Набор ножей Rondell RD-459;4260121754862
50150637;Набор Юнландия 143349;4606224244983
30058097;Накладка mRTD TFN TFN-SC-SMA325TPUBK;4655751950898
50174832;Накладка TFN TFN-SC-IPH14PLSLCR;4657761549284
50174844;Накладка TFN TFN-SC-IPH14PLSLDG;4657761549529
50174852;Накладка TFN TFN-SC-IPH14PLSLKH;4657761549680
50174840;Накладка TFN TFN-SC-IPH14PLSLLB;4657761549444
50174824;Накладка TFN TFN-SC-IPH14PLSLOR;4657761549123
50174848;Накладка TFN TFN-SC-IPH14PLSLPK;4657761549604
50174836;Накладка TFN TFN-SC-IPH14PLSLRS;4657761549369
50174833;Накладка TFN TFN-SC-IPH14SLCR;4657761549307
50174853;Накладка TFN TFN-SC-IPH14SLKH;4657761549703
50174825;Накладка TFN TFN-SC-IPH14SLOR;4657761549147
400043361;Наклейка Barn&Hollis УТ000033279;4640171432253
400033553;Наклейки Red Line УТ000032905;4640171429147
20030005;Насадка Braun 79 SPA;4210201075394
20030006;Насадка Braun 89 Face;4210201090694
20071781;Насадка Colgate ProClinical 150 глуб.ч.;8718951281127
20030572;Насадка KA 5KSM1JA;2110025761225
400377556;Насадка Oclean UG01, 2 шт. G;6970810553536
400377565;Насадка Oclean UG02, 2 шт. Bl;6970810553567
400377570;Насадка Oclean UW01, 2 шт. G;6970810553529
400458016;Насадка Oral-B EB10S-4 PRO Kids;8700216820349
400332009;Насадка Oral-B EB50BRX;8700216068895
400366230;Насадка Oral-B EB50RX-2;8700216068949
400370944;Насадка Oral-B EB60X-2 PRO;8700216278805
400381213;Насадка Oral-B EB60X-4 PRO;8700216278881
400298581;Насадка Oral-B Pro EB50RX 4шт;8700216069021
400304888;Насадка ORAL-B Pro EB50RX 6шт;8700216069083
400404824;Насадка Oral-B RBCW-4;4210201342748
20035890;Насадка Philips BRE394/20;8710103772569
20062037;Насадка Philips HX8072/01;8710103817321
20062340;Насадка Philips HX8072/11;8710103817369
400359506;Насадка Revyline RL 045 Wh;2000601697157
400369096;Насадка Tefal EY150830;3045387246266
400138930;Насадка Tefal XA724810;3168437249809
20067086;Насадка Tefal XA725870;3168430299771
400277780;Насадка Tefal XA730810;3168437250539
400156932;Науш. A4 Tech Bloody M590I SPORTS RED;4711421985932
400131866;Науш. A4 Tech MR710 BLACK;4711421971799
50149703;Науш. A4Tech Bloody G200;4711421957236
50149704;Науш. A4Tech Bloody G200S;4711421957373
50149705;Науш. A4Tech Bloody G220;4711421957304
50143089;Науш. A4Tech Bloody G521 Bl;4711421952125
50149709;Науш. A4Tech Bloody G575;4711421957724
50171845;Науш. Acer ZL.HDSCC.01C;4710886728696
50144448;Науш. Canyon CND-SGHS1A;5291485006846
400200826;Науш. Defender 64165;4714033641654
400611738;Науш. Defender 64441;4745090823981
400200825;Науш. Defender 64490;4714033644907
400454435;Науш. Defender Cyborg 64575;4745090829471
400471509;Науш. Defender Espanto 62470;4745091890753
400471510;Науш. Defender Glitch 62490;4745091890760
50065469;Науш. Defender Warhead G-450 Bl;2110026878762
400471511;Науш. Defender Weaver 62550;4745091890739
401704408;Науш. Deppa 44232 Wh;4680431297598
401689518;Науш. Deppa 44305 S;4680431289678
401692613;Науш. Deppa 44311 Wh;4680431292548
401703380;Науш. Deppa 44312 Bl;4680431292562
50173594;Науш. eKids  FR-B52.UFXV23;092298954349
400406304;Науш. ELFY 10060;4673759300088
400194735;Науш. ELFY EPA-EVERYWHERE-WH-M;4673744118445
400434063;Науш. Havit H2002d Bl/Och;6939119036560
400392930;Науш. Havit H202D Bl/R;6939119033705
400392967;Науш. Havit H205D Bl/Gr;6939119033668
400392997;Науш. Havit H206D Bl;6939119033712
400434073;Науш. Havit H2230BG Bl;6939119036553
400434080;Науш. Havit H2230BG Wh/Gr;6939119067311
400444043;Науш. Havit H2230C Bl;6939119008239
400434112;Науш. Havit H2230C Wh/Gr;6939119008246
400393126;Науш. Havit H230D Bl;6939119080259
400393110;Науш. Havit HV-H2105D Bl/R;6950676277821
50173640;Науш. HIPER Genome;7930114972777
50173758;Науш. HIPER Optimus Black;7930114973248
400452746;Науш. HUAWEI FreeBuds 6 Wh;6942103147746
400478002;Науш. Huawei FreeBuds 7i P;6942103164828
400336688;Науш. HUAWEI Freebuds SE 2 Bl;6942103122125
400460655;Науш. HUAWEI FreeBuds SE 2 purple;6942103122118
400205087;Науш. HUAWEI FreeBuds SE 2 T0016 Wh;6942103101366
400407690;Науш. HUAWEI FreeBuds SE 3 Be;6942103140129
400407732;Науш. HUAWEI FreeBuds SE 3 Bl;6942103140136
400474483;Науш. Huawei FreeBuds SE 4 ANC Bl;6942103165474
400205947;Науш. HUAWEI SE 2 B;6942103104053
30064468;Науш. HUAWEI T0006 S/F DEMO;2003006446818
400505453;Науш. Monster MQH10;6973436044686
400239412;Науш. Nebula ARMOR Beige;7930134122411
400404209;Науш. Rapoo VH160;6940056199737
400404317;Науш. Rapoo VH310;6940056199584
400404320;Науш. Rapoo VH350S;6940056123428
50161745;Науш. Razer Opus X Green;8886419379119
400508809;Науш. realme Buds T200 Gr;6941764462069
400509580;Науш. realme Buds T200 Wh;6941764462076
400467145;Науш. realme Buds T200x B;6941764467675
400467144;Науш. realme Buds T200x Bl;6941764461727
400467133;Науш. realme Buds T200x Wh;6941764461710
401060314;Науш. realme RMA2502 Buds T500 Pro Bl;6941764483910
400531323;Науш. Rombica BH-27;8886482527288
50162804;Науш. Rombica BH-N018;8886482508928
50162803;Науш. Rombica BH-N020;8886482508966
400531352;Науш. Rombica BH-N036;8886482527295
400531246;Науш. Rombica BH-T031;8886482527226
400531252;Науш. Rombica BH-T032;8886482527233
400531265;Науш. Rombica BH-T033;8886482527240
400531282;Науш. Rombica BH-T034;8886482527257
400531290;Науш. Rombica BH-T035;8886482527264
400531306;Науш. Rombica BH-T036;8886482527271
400301614;Науш. Rombica MySound BR-03;8886482523914
400414137;Науш. Rombica MySound BR-03 Wh;8886482525093
400198250;Науш. Rombica WH-1 Bl;8886482520647
400198251;Науш. Rombica WH-2 Bl;8886482520708
400198249;Науш. Rombica WH-2 Bl;8886482520685
400198247;Науш. Rombica WH-2 Wh;8886482520692
400198244;Науш. Rombica WH-3 Wh;8886482520722
400198248;Науш. Rombica WH-4 Bl;8886482520739
400198245;Науш. Rombica WH-4 Wh;8886482520746
400528758;Науш. Rombica WH-J014;8886482527301
400528782;Науш. Rombica WH-J015;8886482527318
400531366;Науш. Rombica WH-J016;8886482527325
30054740;Науш. Sennh. HD 458BT DEMO;2003005474010
50131939;Науш. Sony WH-CH510/LZ DEMO;2005013193914
400500958;Науш. Soundcore Liberty 5 Bl;0194644291334
400280256;Науш. Thunderobot H21;6932066310202
400365329;Науш. Thunderobot H41;6932066313739
400365335;Науш. Thunderobot HG500 Arcade;6932066313746
400365338;Науш. Thunderobot HG550 Aura;6932066313753
400479647;Науш. Xiaomi BHR080IGL;6932554436933
50067801;Нож Atlantis 24102-SK;2110020639659
50070181;Нож Atlantis 24106-SK;2110020640013
50075399;Нож Atlantis 24107-SK;2110020640020
50072196;Нож Atlantis 24301-SK;2110026425294
50114494;Нож Atlantis 24306-SK;2110026873613
50114493;Нож Atlantis 24308-SK;2110026873606
50069794;Нож Atlantis 24309-SK;2110026691217
50129518;Нож Atlantis 24313-SK;4002951100668
50076852;Нож Atlantis 24314-SK;2110026374783
50110837;Нож Atlantis 24402-SK;2110020640051
50110840;Нож Atlantis 24409-SK;2110020640082
50110844;Нож Atlantis 24701-SK;2110020640129
50075401;Нож Atlantis 24703-SK;2110020640136
50110846;Нож Atlantis 24707-SK;2110020640150
50110847;Нож Atlantis 24708-SK;2110020640167
50072697;Нож Atlantis 24710-SK;2110020640174
50145767;Нож Atlantis A142;5606912009718
50145768;Нож Atlantis A242;5606912009497
400179331;Нож Attribute ESTILO;4670042048290
400179637;Нож Attribute QUANTUM;4660132100878
50154895;Нож inhouse IHOCRSLG20;4612757192370
50130430;Нож IVO 12006;5603740005042
400366306;Нож Resto 95604;4260709014586
400126035;Нож Rondell RD-1433;6971764328591
400126074;Нож Rondell RD-1435;6971764328614
400126080;Нож Rondell RD-1436;6971764328621
400413212;Нож Rondell RD-1864;6974100789971
400413209;Нож Rondell RD-1865;6974100789988
400413213;Нож Rondell RD-1866;6974100789995
400413210;Нож Rondell RD-1867;6976510176006
400413211;Нож Rondell RD-1868;6976510176013
400281966;Нож Rondell RD-1877;6976510176105
401291017;Нож TalleR 22041;4670165613887
401291404;Нож TalleR 22042;4670165613894
401291471;Нож TalleR 22043;4670165613917
401291547;Нож TalleR 22044;4670165613924
401292376;Нож TalleR 22045;4670165613931
50131037;Нож TalleR TR-22020;4650118370890
50131038;Нож TalleR TR-22021;4650118370906
50131043;Нож TalleR TR-22022;4650118370920
50131039;Нож TalleR TR-22023;4650118370913
50131041;Нож TalleR TR-22025;4650118370944
50131042;Нож TalleR TR-22026;4650118370951
400046748;Нож TalleR TR-22071;4650118376151
400047586;Нож TalleR TR-22073;4650118376199
400047589;Нож TalleR TR-22074;4650118376205
50143633;Нож TalleR TR-65113;4650118373952
401058351;Нож TalleR TR-65147;4670165614075
50163767;Нож Tefal 2100104350;3168430274228
400172155;Нож Tefal K1700274;3168430327382
400358389;Нож Tefal K1700674;3168430327375
400172596;Нож Tefal K1701174;3168430327351
400172405;Нож Tefal K1701274;3168430327344
50118296;Нож Tefal K2320214;2110027068575
50118677;Нож Tefal K2320714;2110027068544
50118299;Нож Tefal K2320914;2110027068483
50117963;Нож Tefal K2321214;2110027068476
400514673;Нож Tefal Resistance K4140174;3168430381391
400515123;Нож Tefal Resistance K4140274;3168430381384
400515101;Нож Tefal Resistance K4140574;3168430381421
400515106;Нож Tefal Resistance K4140674;3168430381407
400515092;Нож Tefal Resistance K4140774;3168430381414
50146157;Нож Zumman 1604;4607121411225
50173034;Нож для Atlantisпиццы D1057;5606912003693
50172876;Нож для чистки Atlantis D1014;5606912003617
50172877;Нож для чистки Atlantis D1016;5606912003624
50173038;Нож для чистки Atlantis D1081;5606912003730
50172878;Нож для яблок Atlantis D1019;5606912003631
50068773;Ножеточ. Atlantis C855;2110026876225
400159758;Ножеточ. TalleR TR-62509;4650118378322
50165937;Ножеточ. Tefal K2650534;3168430332713
400358376;Ножеточка Tefal K2640574;3168430327337
50174487;Ножеточка Rondell RD-1689;6974100789285
50110777;Ножницы Atlantis 24311-SK;2110025331299
400465048;Ножницы Rondell RD-1863;6974100789964
50163768;Ножницы Tefal 2100122002;3168430323179
50163768;Ножницы Tefal 2100122002;3168430323179
400358384;Ножницы Tefal K1701374;3168430330719
400076593;Ноутбук F+ FLTP-5R5-8512-W;4680059767527
400175452;Ночник ЭРА NN-621;5063079012010
400022773;Обогрев. Royal Clima RQH-SL1200-WT;4610185952269
400022773;Обогрев. Royal Clima RQH-SL1200-WT;4610185952269
20065828;Оверлок Leader VS 370D;4640005570885
400465047;Овощечистка Rondell RD-1781;6974100789629
400281743;Овощечистка Rondell RD-1874;6976510176075
400281964;Овощечистка Rondell RD-1875;6976510176082
50143634;Овощечистка TalleR TR-65111;4650118373938
401056102;Овощечистка TalleRTR-65141;4670165614013
401056157;Овощечистка TalleRTR-65142;4670165614020
50077006;Орехокол Atlantis C865;2110026877024
401058331;Орехокол TalleR TR-65146;4670165614068
400398268;Отбеливатель Haier 62592;4603789162592
50129520;Открывалка Atlantis A248;5606912009527
50173036;Открывалка Atlantis D1071;5606912003716
50069868;Открывалка д/консервов Atlantis C010;2110026873637
400466892;Отпар. Tefal DT1R04F1;3121040094099
400142000;Отпар. Tefal DT2020E1;3121040088494
400142057;Отпар. Tefal DT2022E1;3121040088517
400142059;Отпар. Tefal DT2024E1;3121040088500
400142060;Отпар. Tefal DT2026E1;3121040088524
400471315;Отпар. Tefal DT9810F1;3121040092668
400457544;Отпар. Tefal IT2R04F1;3121040093825
400457544;Отпар. Tefal IT2R04F1;3121040093825
400293551;Отпар. Tefal IT3280E1;13121047251201
400293551;Отпар. Tefal IT3280E1;13121047251201
400223330;Отпар. Tefal IT8480E1 Bl;3121040089965
400223330;Отпар. Tefal IT8480E1 Bl;3121040089965
400478721;Отпар. Tefal QT1811E0 белый/золотой;3121040095164
400175762;Отпар. Tefal YT4050E1;3121040088845
400381844;Отпар. Vixter GSH-1850;4680605050929
20061071;Отпар. Tefal DT9130E0;3121040071601
20061071;Отпар. Tefal DT9130E0;3121040071601
20076330;Отпариватель Haier HI-500;6925777801091
20072378;Отпариватель Philips STH3020/10;8710103970927
20078804;Отпариватель Tefal DT8270E1;3121040084175
20078804;Отпариватель Tefal DT8270E1;3121040084175
20077134;Отпариватель Tefal DT9530E1;3121040081969
400453644;Охл. GoldStar GSAC-05L CA;4660294844665
400453644;Охл. GoldStar GSAC-05L CA;4660294844665
400281764;Очист.Gutten GT01.031;4620765010319
500466;П/Карта Новогодняя;2000005004667
10001588;П/карта Поздравляю!;2000100015881
10001618;П/карта Смайл;2000100016181
600190;П/Купон Panas.Скидка5000 на об;2000060019019
400182922;Пакет Rombica FoodBag;8886482518644
400166398;Пакет Rombica RSB-002;8886482518651
400166423;Пакет Rombica RSB-003;8886482518668
400166563;Пакет Rombica RSB-004;8886482518675
20068883;Пакет Status VB 162340-ECO;3831091708899
50008930;Пакет М.видео 23х32х10;2000035427009
50008931;Пакет М.видео 30х40х12;2000035426903
50008932;Пакет М.видео 55х45х20;2000035426804
50176630;Пакет ПВД М.Видео/Эльдорадо 40х26;2005017663017
50176631;Пакет ПВД М.Видео/Эльдорадо 50х42;2005017663116
50176632;Пакет ПВД М.Видео/Эльдорадо 50х60;2005017663215
20074839;Панель Samsung RA-B23EUT38GG;8806092512627
20074830;Панель Samsung RA-B23EUTCEGG;8806092513006
20074833;Панель Samsung RA-B23EUTS9GG;8806092513037
50130586;Папка RIVACASE 7703 Bl;4260403572252
400166269;Пароварка Hi HFS-301;8886482514615
20076033;Пароварка Tefal VC139810;13045380019222
400071407;Пароварка Tefal VC502D10;3045387247775
400275643;Парогенер. Rowenta DG9661F0;3121040089514
400275643;Парогенер. Rowenta DG9661F0;3121040089514
400346370;ПДУ Hama 00221060;4047443506634
400346371;ПДУ Hama 00221061;4047443506641
50167483;ПДУ Rombica WRC-R11;8886482511683
50167480;ПДУ Rombica WRC-T01;8886482511652
50167481;ПДУ Rombica WRC-T02;8886482511669
400173073;Переход. Axxa 2412;4680431277774
400173073;Переход. Axxa 2412;4680431277774
50038907;Переходник Uniel S-GES3-16ТВ;2110027042858
50119801;Переходник Vivanco Jack 3.5 папа/2*мама;2110027084957
50118059;Переходник Vivanco Jack3.5 п/2*м 0,2м;2110027038028
50122838;Переходник Vivanco Jack3.5 п/Jack6.3 м;2110027086456
500793;ПК ГН Девушка в красном;2000050079313
500823;ПК ГН Избушка;2000050082313
500965;ПК ГН Радуга;2000050096518
500963;ПК ГН Солнышко;2000050096310
500785;ПК КПК Возвратная;2000050078514
50165229;Планшет Intro GPX1090;5056396257219
50165230;Планшет Intro GPX2010;5056396257233
400395240;Планшет Intro GPX4010;5063079932820
400397993;Пленка Deppa 63008;4680431288046
20062477;Погл.запаха Zumman 3103;4607121417012
501995;Подарочная карта М.Видео;2000050199516
400197456;Подвес Ridicon MW99 SIL;4660010633436
400197451;Подвес Ridicon MW99 Wh;4660010633429
400194295;Подвес д/TV Buro MF2;4630143138870
400428787;Подвес д/TV Hama R1118175;4047443536440
400259004;Подвес д/TV Ridicon F810;4660010633467
400259010;Подвес д/TV Ridicon F811;4660010633481
400259011;Подвес д/TV Ridicon F812;4660010633498
400269374;Подвес д/TV Ridicon FM905;4660010633450
50126546;Подвес Resonans MB-6 SIL;4607134201837
50133687;Подст. Gutten GT01.004;4620765201694
400225227;Подст. Havit F2071;6939119040871
400225487;Подст. Havit F2075;6939119048723
400226682;Подст. Havit F2076;6939119048846
400226741;Подст. Havit HV-F2030;6950676203820
400226763;Подст. Havit HV-F2035;6950676279054
400226689;Подст. Havit HV-F2081;6939119008451
400122110;Подст. Intro GXT290;5063079048484
400174604;Подст. Intro GXT9900;5063079048507
400277056;Подст. STM IP110;7613720547729
50049229;Подст. STM IP16;4623721950834
50049230;Подст. STM IP18;4623721950858
50049231;Подст. STM IP21;2110027028357
50052881;Подст. STM IP31;2110027028340
400378376;Подст. STM IP33 RED;7613720546388
400429621;Подст. UBBO AVS-SPT-U;4650061093754
50134130;Подст. WiMAX AVS-MLINE-2;4650061092818
400457161;Подставка Deppa 47196;4680431291992
400291125;Подставка Genius G-Stand M200;4710268260516
400411598;Подставка Havit F2066 PRO S;6950676202168
5000390;Полис БС 2 года ВСК;2000500039013
5000410;Полис БС 3 года ВСК;2000500041013
400190816;Половник Attribute AGL105;4660132104968
400179326;Половник Attribute ESTILO;4660132101622
400179330;Половник Attribute VOLCANO;4660132107785
400217759;Половник Resto 94201;4260709013091
50161144;Половник Rondell RD-1379;6971764328317
400287286;Половник Rondell RD-1743;6974100789346
400281578;Половник Rondell RD-1872;6976510176051
50119509;Половник Rondell RD-658;2110027068513
50035610;Половник Tefal 2744312;1005103202114
400236792;Половник Tefal K2791224;3168430360297
50129522;Пресс Atlantis A287;5606912009626
400281965;Пресс Rondell RD-1876;6976510176099
50143640;Пресс TalleR TR-65115 д/чеснока;4650118373969
401056321;Пресс TalleR TR-65143;4670165614037
50075129;Пресс д/чеснока Atlantis C805;2110026877017
50118568;Пресс д/чеснока Tefal K2072614;3168430240322
400471266;Привод STM DVD28BE;4650495310038
50144464;Приемник Rombica MPT-TV007;8886482507037
50168030;Приемник Rombica MPT-TV009;8886482512147
50169210;Приемник Rombica MPT-TV011;8886482512468
50168878;Приемник Rombica MPT-TV013;8886482512482
400539129;Принтер DELI P1820W;6932673715094
30063816;Принтер Pantum P2500;6936358001526
30044760;Принтер Pantum P3010D;6936358006743
400078907;Прихватка TalleR TR-66110;4650118378162
400228183;Противень Hi MVS21300;4630056968076
50149115;Противень Resto 96117;4260403577707
50049747;Противень Tefal J1627114;2110026718716
400458721;Пылесос Deerma T10W;6977076722638
50173792;Пятнов. Salton CleanTech SS026;4640016746019
20068772;Радиатор Ballu BOH/EX-05 1000;4680551099836
20068772;Радиатор Ballu BOH/EX-05 1000;4680551099836
20074940;Радиатор Ballu BOH/NR-05;4680551116632
20074940;Радиатор Ballu BOH/NR-05;4680551116632
20074936;Радиатор E-lux EOH/M-C105;7312970800751
20074934;Радиатор E-lux EOH/M-P157;7312970900611
20075226;Радиатор Hyundai H-HO-21-07-UI3345;8806895731034
400174162;Радиатор Maxwell MW-4070;26974100783980
400034174;Радиатор Royal Clima ROR-T5-1000M;4620113770131
400034174;Радиатор Royal Clima ROR-T5-1000M;4620113770131
400012065;Радиатор Stat.for life ST-OR-B-1000(M);4610185950883
400012065;Радиатор Stat.for life ST-OR-B-1000(M);4610185950883
50152102;Разветв. Rombica TC-00254;8886482508270
50152104;Разветв. Rombica TC-00255;8886482508287
400193978;Расческа Rowenta CF9940F0;3121040088883
20031156;Реж.блок Remington SPR-XR;4008496794188
50068774;Резка Atlantis C872;2110026877031
20038349;Резка Clatronic 262532;2110026105172
400473231;Резка Gorenje R401W;3838782143090
20059311;Резка Moulinex DJ753E32;3045380015197
400849624;Резка Moulinex DK853BF0;3045380405769
30046035;Ремешок Apple 40mm 3D990ZM/A DMs;190198848048
30052985;Ремешок Apple 40mm 3H105ZM/A DMs;190199715066
30059657;Ремешок Apple 41mm 3J598ZM/A DMs;194252625293
30040337;Ремешок Apple 44mm 3E047ZM/A DMs;190198848406
30052986;Ремешок Apple 44mm 3H110ZM/A DMs;190199715264
30059662;Ремешок Apple 45mm 3J607ZM/A DMs;194252625651
50130024;Ремешок IS HWE-AWB40DTC-NP0002O-K400;4606363444350
50129209;Ремешок LYAMBDA DS-APS08-44-YL;4650118100176
30055908;Ремешок Lyambda DSJ-23-40-LP;4650118109216
400195991;Ремешок LYAMBDA DSN-18-40-LGN;4660116293053
30057012;Ремешок Lyambda DSP-24-40-WR;4660116290120
30055914;Ремешок Lyambda DSP-24-40-YL;4650118109360
50140940;Ремешок TFN TFN-WA-AWCB40C05;4627167114058
50140981;Ремешок TFN TFN-WA-AWSB40C19;4627167113600
50141017;Ремешок TFN TFN-WA-AWSB44C32;4627167113969
400106994;Ресивер Denn DDT13;4670015774225
400181913;Розетка Sber SBDV-00123W;4640076241301
30065853;Розетка Яндекс YNDX-0007W DEMO;2003006585319
400302260;Роутер Huawei 51071VHV;2040030226016
400424149;Роутер HUAWEI 51071VSJ;2040042414913
50174987;Роутер Huawei 53030ADX;6941487287277
400536787;Роутер HUAWEI 53030DFX;6942103164170
400563211;Роутер HUAWEI 53030DVA;6942103174513
400563210;Роутер HUAWEI 53030EBN;6942103182938
400569806;Роутер HUAWEI 53030EDM;6942103184345
50173097;Роутер Huawei 53039183;6941487241354
400433391;Роутер HUAWEI AX1 WS5203 Bl;2040043339116
400373068;Роутер HUAWEI AX1 WS5203 Wh;2040037306810
400430691;Роутер HUAWEI AX3S PSDN-AX30;2040043069129
400452902;Роутер HUAWEI AX3S PSDN-AX30-20;2040045290224
400290377;Роутер HUAWEI LTE CPE 5s B320-323;2040029037715
400705739;Роутер Huawei WiFi Mesh X3pro Bl;2040070573910
400148179;Роутер Huawei WS7100 V2;6941487299683
30057682;Роутер Huawei WS7200 DEMO;2003005768218
400381148;Роутер Huawei WUKUN-BE32;2040038114810
400425013;Руль Moza R3 Bundle (RS074);6973137270711
400258527;Руль Moza RS20;0723497239493
50172521;Ручка Brauberg 141099;4606224026831
50062567;Рюкзак Rivacase 7765;2110026951649
50052888;Рюкзак RIVACASE 8365 Bl;4260403573174
400135738;С/порош. Bon BN-129-1;4640050812329
400163862;С/порош.Bon BN-138-2;4640050812206
400179478;С/порошок Ariel Color 2.4 кг;8006540451236
400179467;С/порошок Ariel Color 4.5 кг;5413149193956
400179486;С/порошок Ariel Color 6 кг;4084500035478
400365557;Салфетка Resto 95700 Br;4260709014623
400365986;Салфетка Resto 95701 Br;4260709014630
400366001;Салфетка Resto 95702 Cr;4260709015101
400366015;Салфетка Resto 95703 Cr;4260709015132
400366006;Салфетка Resto 95704 S;4260709015118
400366019;Салфетка Resto 95705 S;4260709015149
400366008;Салфетка Resto 95706 Cp;4260709015125
400366025;Салфетка Resto 95707 Cp;4260709015156
400349556;Саундбар TCL Q75H;6921732887346
400349557;Саундбар TCL Q85H;6921732887339
401623389;Светил. Artstyle TL-318B;2040162338915
401622936;Светил. Artstyle TL-318W;2040162293610
50142106;Светил. Rombica DL-A018;8886482505415
50169963;Светил. Rombica DL-A031;8886482510532
400230634;Светил. Rombica DL-A037;8886482510952
50166546;Светил. Rombica DL-A042;8886482509512
50133793;Светил. Rombica DL-H011;8886482502780
50140695;Светил. Rombica DL-H014;8886482504968
400012499;Светил. Rombica DL-H022;8886482514325
400012490;Светил. Rombica DL-H023;8886482514707
50051721;Светил. Rombica DL-А002;8885012526494
400232944;Светил. Sber SBDV-00125;2040023294428
400242407;Светил. Sber SBDV-00127;4640076241226
400196882;Светил. Yeelight YLCT01YL DEMO;2040019688217
400196886;Светил. Yeelight YLXD09YL DEMO;2040019688613
400164293;Светил. ЭРА NLED-507;5063079027625
400164161;Светил. ЭРА NLED-507;5063079027601
400349309;Светил. ЭРА NLED-508 Bl;5063079039048
400349294;Светил. ЭРА NLED-508 Wh;5063079039024
50150297;Светил. ЭРА НБП 04-100-001;5056396212966
400163855;Светильник ЭРА NLED-506-10W-B;5063079027588
400171339;Сенсор Sber SBDV-00030 DEMO;2040017133917
400170894;Сенсор Sber SBDV-00032 DEMO;2040017089412
5000025;Сертификат ПДО 5 лет;2000028993702
50130186;Сет.фильтр Artstyle CL-3631B;4640033821720
50130187;Сет.фильтр Artstyle CL-4432W;4640033821751
50132546;Сет.фильтр Artstyle CL-6403B;4640033822109
400229574;Сет.фильтр Axxa 2413;4680431280057
400456385;Сет.фильтр Deppa 14401;4680431290544
400457134;Сет.фильтр Deppa 14402;4680431290582
400456494;Сет.фильтр Deppa 14404;4680431290636
400456506;Сет.фильтр Deppa 14406;4680431290674
400823429;Сет.фильтр Deppa 14407;4680431298892
50170574;Сет.фильтр Kubic PSE-050;8886482513236
50170577;Сет.фильтр Kubic PSE-053;8886482513267
400311626;Сет.фильтр Legrand 694648;3245066946481
400367089;Сет.фильтр Uniel S-GSR3-1,5 U2C1 Wh/Gr;4690485196914
400367106;Сет.фильтр Uniel S-GSR4-3 U2C1 Wh/Gr;4690485196945
400367110;Сет.фильтр Uniel S-GSR5-3 U2C1 Wh/Gr;4690485196976
400356920;Сет.фильтр ЭРА USF-4es-1,5m-2xUSBAC Wh;5063079047142
400358474;Сет.фильтр ЭРА USF-4es-1,5m-2xUSBAC-B;5063079047166
400356946;Сет.фильтр ЭРА USF-4es-1,5m-3xUSBA C Wh;5063079047067
400358492;Сет.фильтр ЭРА USF-4es-1,5m-3xUSBA-B;5063079047081
50055562;Сет.фильтр ЭРА USF-5es-1.5m-B;2110026133762
50064675;Сет.фильтр ЭРА USF-5es-1.5m-W;2110026133779
50061651;Сет.фильтр ЭРА USF-5es-3m-B;2110026133748
50055561;Сет.фильтр ЭРА USF-5es-3m-W;2110026133755
50127117;Сет.фильтр ЭРА USF-6es-3m-B;5056183767662
50127118;Сет.фильтр ЭРА USF-6es-3m-W;5056183767655
401342367;Сет.фильтр ЭРА USF-6es-5m-B-BOX черный;5056183767686
400476524;Сетка+рб Braun 21В;8700216736879
400476522;Сетка+рб Braun 54B Bl;8700216051330
400476484;Сетка+рб Braun 74S S;4987176189066
400428328;СЗУ Aukey Comet Mix Gr;0689323788224
400368407;СЗУ Aukey PA-B1T Bl;0689323786145
400377117;СЗУ Aukey PA-C1 Wh;0689323789344
400377113;СЗУ Aukey PA-C3 Gr;0689323788194
400377114;СЗУ Aukey PA-C5 Gr;0689323788217
400377111;СЗУ Aukey PA-TA07A Gr;0689323787586
400317791;СЗУ Axxa 2406;4680431244660
400464019;СЗУ Axxa 2414;4680431291145
400464022;СЗУ Axxa 2415;4680431291169
400341002;СЗУ Deppa 11448;4680431284314
400447076;СЗУ Deppa 11453;4680431290292
400447526;СЗУ Deppa 11455;4680431290339
400447528;СЗУ Deppa 11456;4680431290353
400447545;СЗУ Deppa 11457;4680431290377
400447563;СЗУ Deppa 11458;4680431290391
400448305;СЗУ Deppa 11459;4680431290414
400452399;СЗУ Deppa 11460;4680431290438
400452400;СЗУ Deppa 11461;4680431290469
400452401;СЗУ Deppa 11462;4680431290483
400452402;СЗУ Deppa 11463;4680431290506
400468838;СЗУ Deppa 11465;4680431291183
400476996;СЗУ Deppa 11476;4680431295136
400490888;СЗУ Deppa 11482;4680431296102
400491962;СЗУ Deppa 11483;4680431296195
400497433;СЗУ Deppa 11493;4680431296935
400494720;СЗУ Deppa 11496;4680431296973
400470808;СЗУ Deppa USB-C (11466);4680431291206
400470822;СЗУ Deppa USB-C (11469);4680431291275
400470825;СЗУ Deppa USB-C (11470);4680431291299
400470812;СЗУ Deppa USB-C + USB-A (11468);4680431291251
400470826;СЗУ Deppa USB-C + USB-A (11471);4680431291312
400470828;СЗУ Deppa USB-C + USB-A (11472);4680431291336
400470811;СЗУ Deppa USB-C+USB-A (11467);4680431291237
400353393;СЗУ LYAMBDA LJC-20-1C;4660116298928
400536710;СЗУ Red Line УТ000038661;4640171476264
400422761;СЗУ RIVACASE PS4021 черное Bl;4260709015309
400422795;СЗУ RIVACASE PS4022 белое Wh;4260709015316
400423135;СЗУ RIVACASE PS4022 черное Bl;4260709015323
400438235;СЗУ Rombica Neo ZQ4C;8886482525390
400373104;СЗУ uGreen 35042 Gr;6941876230426
400477999;СЗУ uGreen X524 (65052);6941876260522
400477219;СЗУ UGREEN X524 (65053);6941876260539
400477222;СЗУ UGREEN X524 (65054);6941876260546
400477223;СЗУ UGREEN X524 (65055);6941876260553
400490940;СЗУ uGreen X526 (65154);6941876261543
400488941;СЗУ uGreen X615 (65825);6941876268252
400477231;СЗУ UGREEN X616 (65828);6941876268283
400365661;Синтезатор MARUMO MRM-1061;4670015774362
50114537;Сито Atlantis C083;2110026873439
50114541;Сито Atlantis C086;2110026876997
50075594;Сито-кружка для муки Atlantis C811;2110025495328
50153522;Скобы Brauberg 220949;4606224002828
401094316;Сков. Tefal G3390432;3168430384859
401094287;Сков. Tefal G3390532;3168430389083
401094314;Сков. Tefal G3390632;3168430384866
401094207;Сков. Tefal G3393832;3168430389076
400194551;Сковорода Hi MVKKLGR53122;4630056967741
400194556;Сковорода Hi MVLCS14328;4630056967697
400437873;Сковорода Hi MVLCS34128;4630267380391
400194550;Сковорода Hi MVLCS52122;4630056967673
50174092;Сковорода RONDELL RDA-1043;6970435711908
50128152;Сковорода Rondell RDA-1120;6970435712349
50128158;Сковорода Rondell RDA-1124;6970435712387
50059581;Сковорода Rondell RDA-128;2110020473116
50141937;Сковорода Rondell RDA-1334;6971764327198
50142631;Сковорода Rondell RDA-1337;6971764327228
50174079;Сковорода RONDELL RDA-1373;6971764327532
50174078;Сковорода RONDELL RDA-1374;6971764327549
50171033;Сковорода Rondell RDA-1400;6971764327723
50174091;Сковорода RONDELL RDA-1406;6971764327853
50166544;Сковорода Rondell RDA-1484;6974100788219
400440428;Сковорода Rondell RDA-1577;6974100788721
400528542;Сковорода Rondell RDA-1579;6974100788745
400528541;Сковорода Rondell RDA-1580;6974100788752
400286336;Сковорода Rondell RDA-1720;6974100787625
400286387;Сковорода Rondell RDA-1721;6974100787632
400286590;Сковорода Rondell RDA-1722;6974100787649
400458634;Сковорода Rondell RDA-1909;6976510178970
400418585;Сковорода Rondell RDA-1937;6976510178727
50152632;Сковорода TalleR TR-44021;4650118375970
50152631;Сковорода TalleR TR-44022;4650118374638
50144896;Сковорода TalleR TR-44023;4650118372221
50144897;Сковорода TalleR TR-44024;4650118373020
400129529;Сковорода TalleR TR-44035;4650118378346
400129533;Сковорода TalleR TR-44036;4650118378353
400129536;Сковорода TalleR TR-44037;4650118378407
400137797;Сковорода TalleR TR-44071;4650118378582
400137799;Сковорода TalleR TR-44072;4650118378599
400137801;Сковорода TalleR TR-44073;4650118378605
400189709;Сковорода TalleR TR-44080;4650118379367
400194520;Сковорода TalleR TR-44081;4650118379374
400189739;Сковорода TalleR TR-44082;4650118379381
50146949;Сковорода TalleR TR-44167;4650118371934
50133440;Сковорода TalleR TR-44168;4650118371941
50174123;Сковорода TEFAL 04222126/04228126;4602063222168
50174124;Сковорода TEFAL 04222128/04228128;4602063222175
50174330;Сковорода TEFAL 04222525/04228525;4602063222502
50174125;Сковорода TEFAL 04222628/04228628;4602063222670
400518798;Сковорода Tefal 25 см B7061002;3168430375826
400402225;Сковорода Tefal B7021002;3168430364165
400278291;Сковорода Tefal COOK&CLEAN 04233122;4602063233140
400277955;Сковорода Tefal COOK&CLEAN 04233124;4602063233157
400278240;Сковорода Tefal COOK&CLEAN 04233126;4602063233164
400278236;Сковорода Tefal COOK&CLEAN 04233128;4602063233171
400278245;Сковорода Tefal COOK&CLEAN 04233522;4602063233546
400277879;Сковорода Tefal COOK&CLEAN 04233628;4602063233676
400278008;Сковорода Tefal COOK&CLEAN 04233924;4602063233959
400278188;Сковорода Tefal COOK&CLEAN 04233926;4602063233966
400278188;Сковорода Tefal COOK&CLEAN 04233926;4602063233966
400278157;Сковорода Tefal COOK&CLEAN 04233928;4602063233973
50144307;Сковорода Tefal E2294074;3168430311008
50143205;Сковорода Tefal G2550472;3168430311794
50144437;Сковорода Tefal G2553872;3168430311763
50156582;Сковорода Tefal G2810472;3168430322813
50156583;Сковорода Tefal G2810572;3168430322820
50156583;Сковорода Tefal G2810572;3168430322820
50156580;Сковорода Tefal G2813872;3168430322806
400144235;Сковорода Tefal G2930402;3168430342224
400144232;Сковорода Tefal G2930602;3168430342255
400172653;Сковорода Tefal G7440474;3168430338012
400172652;Сковорода Tefal G7440574;3168430338036
400175889;Сковорода Tefal G7440674;3168430338043
50174121;Сковорода TEFAL Maxima 22см;4602063222144
50174122;Сковорода TEFAL Maxima 24см;4602063222151
400286836;Сковорода блинная Rondell RDA-1725;6974100787670
501873;Скретч-карта Дни Самсунг 2020;2000050187315
400266569;Смарт-часы Xiaomi M2320W1 Bl DEMO;2040026656919
400427677;Смарт-часы Xiaomi Watch S4 S;6941812707432
50119581;Соль Finish д/DW 3 кг;2110027101487
50176615;Соль Finish спец.гран. 1,5кг;2000010837106
50128159;Сотейник Rondell RDA-1125;6970435712394
400458648;Сотейник Rondell RDA-1911;6976510178956
400178482;Ср-во Ariel Color 60 шт (81721406);8001841583426
50127662;Средство Zumman 3033;4607121416961
50046414;Стабилиз. Defender AVR 1000;1005253202378
50041575;Стабилиз. Uniel U-STR-500/1;4690485067580
50123489;Стабилиз. Эра СНК-1000;2110027099210
20073835;Стайлер Dewal HI1019;6900000568750
20073839;Стайлер Dewal HI2032;6900000572719
20073840;Стайлер Dewal HI3009;6900000589779
400357503;Стайлер Rowenta CF4311F0;3121040091142
400357503;Стайлер Rowenta CF4311F0;3121040091142
400357503;Стайлер Rowenta CF4311F0;3121040091142
400126081;Стайлер Rowenta CF471LF0;3121040087053
400380116;Стекло ELFY 10509;4673759300033
400380118;Стекло ELFY 10511;4673759300040
50163890;Стекло IS IS-TG-IPH021_54-02IF00-MVGD00;4606363501121
400320227;Стеклооч. KaringBee HCR011;6977238210553
400320227;Стеклооч. KaringBee HCR011;6977238210553
400320227;Стеклооч. KaringBee HCR011;6977238210553
400347943;Стилус Deppa 63162;4680431285151
400348358;Стилус Deppa 63163;4680431285182
400329385;Стилус Deppa 71201;4680431284550
400329485;Стилус Deppa 71203;4680431284574
400329522;Стилус Deppa 71204;4680431284598
400347930;Стилус Deppa Magic Pencil 63160;4680431285083
400349224;Стилус Deppa Magic Pencil 63161;4680431285137
30058316;Стилус Huawei CD54 DEMO;2003005831615
30058841;Стилус Samsung EJ-PF926BBRGRU DEMO;1000092747180
400367368;Стилус Tecno TCP02 Active Pen;4657809443734
50050176;Сумка RivaCase 5120;2110026365576
50133813;Сумка-термос EZ 60509;4013720160509
50133812;Сумка-термос EZ 60516;4013720160516
50169627;Сумка-термос EZ 60578;4013720160578
50169627;Сумка-термос EZ 60578;4013720160578
400286623;Сумка-термос EZ Coolers Travel 54 Can;4013720160189
400286623;Сумка-термос EZ Coolers Travel 54 Can;4013720160189
400286623;Сумка-термос EZ Coolers Travel 54 Can;4013720160189
400443892;Сумка-термос LP 60103;4013720160103
400286564;Сумка-термос LP 60141 Gr;4013720160141
400286564;Сумка-термос LP 60141 Gr;4013720160141
400286627;Сумка-термос LP 60196;4013720160196
401437155;Сумка-термос LP 60295 Gr;4013720160295
401437182;Сумка-термос LP 60301 Gr;4013720160301
401437223;Сумка-термос LP 60318 Gr;4013720160318
50135258;Сумка-термос Thermos Dual Lunch Kit;5010576765659
50135260;Сумка-термос THERMOS VALUE 12 CAN COOLER;5010576766564
50135259;Сумка-термос THERMOS VALUE 6 CAN COOLER;5010576766359
400825744;Сумка-термос СИБИРЬ 683005;7693724683005
400825747;Сумка-термос СИБИРЬ 683012;7693724683012
400825748;Сумка-термос СИБИРЬ 683029;7693724683029
400825749;Сумка-термос СИБИРЬ 683036;7693724683036
400825750;Сумка-термос СИБИРЬ 683043;7693724683043
400086851;Сумка-холод. EZ 60523;4013720160523
400414095;Сумка-холод. Resto 5505;4260709015668
400415747;Сумка-холод. Resto 5517 17 л;4260709015682
400056351;Суш.маш. Beko B3T47238;8690842570858
400385341;Суш.маш. Beko BM3T37220;8690842722394
20079785;Суш.маш. Candy CSE C10DBGX-07;8059019037844
400392276;Суш.маш. Gorenje DNS12SWIFI/C;3838782900884
400392326;Суш.маш. Gorenje DPNA92WIFI/C;3838782900891
400176247;Суш.маш. Haier HD100-A2378;6921081599150
400176246;Суш.маш. Haier HD100-A2378S;6921081500958
400152598;Суш.маш. Haier HD90-A2929A;6921081599303
20083474;Суш.маш. Haier HD90-A2959S;6921081597392
20079526;Суш.маш. Haier HD90-A2979S;6921081593776
400636719;Суш.маш. SAMSUNG DV90BB9445GHLP;2026011200015
400644037;Суш.маш. SAMSUNG DV90T6240LE/LP;8806097935988
400087738;Суш.маш.Candy CSLO4 H7A2TBE-07;8059019068442
400100095;Сушилка FH MOLLY M-NW;4627199873466
400159128;Сушилка для обуви Старт SD9;4610116221785
50042571;Сушка FH EXTRA 21 м;4607075835672
50152710;Сушка FH Philadelphia 21м;4630111502184
400180110;Сушка Rombica DryBox T1;8886482521590
50169525;Сушка Rombica SD-001;8886482512802
20074441;Сушка д/фр. Gorenje FDK24DW;3838942927034
400116544;Сушка CASA SI MEG02;9007741020947
400116647;Сушка CASA SI MEG03;9007741020961
400346369;Сэнд. Gorenje SM701SB;3838782767197
20079528;Сэнд./тостер Tefal SM159830;3045380016828
400268483;Сэндвич-тостер Clatronic ST 3778;4006160639735
20075557;Т/вент. Ballu BFH/С-33;4680551116564
20075454;Т/вент. Primera FHP-601-FWT;4640047202492
400370419;Т/вент. Rapid RFH/S-0120B;4660294498141
400022738;Т/вент. Royal Clima 4610185952276 Wh;4610185952276
400022730;Т/вент. Royal Clima RFH-B1000DC-GN G;4610185952290
400022751;Т/вент. Royal Clima RFH-CM500DC-BL;4610185952245
20048422;Т/вент. кер. Zanussi ZFH/C-400;2110026045676
20048422;Т/вент. кер. Zanussi ZFH/C-400;2110026045676
400191002;Т/кружка Tefal N2021710 R;4168430013246
400470847;Т/кружка Thermos JDP-301MBW 0.3L;4673734563682
400470889;Т/кружка Thermos JNF-502-LPK 0.5L;4673734563613
400470885;Т/кружка Thermos JNF-502-LPL 0.5L;4673734563606
400470854;Т/кружка Thermos TS1292 BL 0.355L;4673734563415
400470862;Т/кружка Thermos TS1292 PK 0.355L;4673734563439
400940990;Т/кружка Арктика 716-360B;4630243438825
400941534;Т/кружка Арктика 716-360B-BK;4630243439747
400944115;Т/кружка Арктика 716-360B-ORGN;4630243438900
400364540;Т/регулятор Sber SBDV-00185;4640076242728
50173032;Тёрка Atlantis D1039;5606912003679
400162219;Терка Rombica SLC-001;8886482519146
400162220;Терка Rombica SLC-003;8886482519160
400162221;Терка Rombica SLC-004;8886482519177
50133418;Терка TalleR TR-21904;4650118371552
50133419;Терка TalleR TR-21908;4650118371583
50133417;Терка TalleR TR-21914;4650118371644
400353057;Термоc LP 62848;4013720162848
400353064;Термоc LP 62855;4013720162855
400311648;Термокастр. LP 63074 Bl;4013720163074
50145489;Термокружка LP 62091;4013720162091
50146172;Термокружка LP 62121;4013720162121
50146173;Термокружка LP 62138;4013720162138
50146174;Термокружка LP 62145;4013720162145
400230474;Термокружка LP 62534;4013720162534
400230516;Термокружка LP 62541 R;4013720162541
400398167;Термокружка Resto Travel mug 90450;4260709015231
400398224;Термокружка Resto Travel mug 90452;4260709015255
400340902;Термокружка Rondell RDS-1817;6974100789711
400404396;Термокружка Rondell RDS-1882;6976510176129
400404395;Термокружка Rondell RDS-1883;6976510176136
400386399;Термокружка Rondell RDS-1884;6976510176198
50124458;Термокружка Rondell RDS-496;6956914627281
400283431;Термокружка Tefal N2020110;4168430013734
400283398;Термокружка Tefal N2020210;4168430013703
400283241;Термокружка Tefal N2020310;4168430013710
400283406;Термокружка Tefal N2020410;4168430013727
400190967;Термокружка Tefal N2021510 Gr;4168430013222
400190653;Термокружка Tefal N2021610 B;4168430013253
400190739;Термокружка Tefal N2021810 G;4168430013239
400283256;Термокружка Tefal N2022010;4168430013772
400283419;Термокружка Tefal N2022110;4168430013789
400283430;Термокружка Tefal N2024410;4168430013758
400283425;Термокружка Tefal N2024510;4168430013765
400355461;Термокружка Tefal N2024617;4168430013833
400161326;Термокружка Thermos SK1005 MAG;4673734589811
400306377;Термопот Deerma DEM-SH60W;6955578038129
400306377;Термопот Deerma DEM-SH60W;6955578038129
50145484;Термос LP 62022;4013720162022
50143648;Термос LP 62183;4013720162183
50153316;Термос LP 62190;4013720162190
50153147;Термос LP 62206;4013720162206
50152854;Термос LP 62213;4013720162213
50152856;Термос LP 62237;4013720162237
50163811;Термос LP 62275;4013720162275
50133619;Термос LP 80067;4013720080067
50133620;Термос LP 80081;4013720080081
50133621;Термос LP 80104;4013720080104
50133609;Термос LP 80111;4013720080111
50133622;Термос LP 80210;4013720080210
50133614;Термос LP 80258;4013720080258
50133600;Термос LP 80289;4013720080289
400355493;Термос LP WALKER G (62787);4013720162787
400355504;Термос LP WALKER Gr (62794);4013720162794
400367524;Термос Rondell 1885-RD-01;6976510176143
400316394;Термос Rondell RDS-1819;6974100789759
400168445;Термос TalleR TR-22422;4650118376618
400283219;Термос Tefal K3063214;4168430000987
50172824;Термос THERMOS 36-1000 G;5010576656735
50172825;Термос THERMOS 36-1800 G;5010576656780
400470817;Термос Thermos FFW-1000BKGY 1л;4673734563576
400162088;Термос Thermos SK2010 MMB 1.2L;4673734589842
400162596;Термос Thermos SK2020 MRR;4673734589965
400162551;Термос Thermos SK3020 MAG 0,71L;4673734589897
400236753;Термос Thermos SK3021;4673734563064
400215256;Термос Thermos SK4000 Sochi;4673734563088
50160239;Термос Арктика 101-1000С;4610003066109
50160590;Термос Арктика 101-750С;4610003066215
50156064;Термос Арктика 105-1200;4610003060251
50160593;Термос Арктика 106-900C Bl;4610003066161
400361479;Термос Арктика 201-1500;4610003060107
50156067;Термос Арктика 301-500;4610003060305
400473094;Термос Арктика 702-500;4610003067748
400304756;Термос Арктика 703-470 St;4610003067519
400474562;Термощетка Rowenta UB572LE0;3121040094686
400217806;Толкушка Resto RESTO 94204;4260709013121
50052052;Толкушка Tefal 2744712;1004832501086
400473251;Тостер Gorenje T700XG;3838782693090
400321706;Тостер Gorenje T800DB;3838782825859
400321701;Тостер Gorenje T850DPB;3838782825835
400152031;Тостер Rombica RTS-002;8886482517180
20063134;Тостер Tefal TT1A1830;3016661156601
400230561;Тостер Tefal TT2M1B10;3045387290191
20065968;Тостер Tefal TT640810;3045386381777
400539395;Тостер Tefal TT7208E0;3045387297022
400539684;Тостер Tefal TT720AE0;3045387297688
20067088;Тостер Tefal TT761838;3045386382361
400196784;Тостер Tefal TT883D10;3045387249106
20057602;Тостер WMF 0414090711;4211129133449
20057036;Тостер WMF 0414100711;4211129133272
50173035;Точилка Atlantis D1063;5606912003709
50169959;Точилка TalleR TR-62508;4650118376526
1005935;ТП T2 Интернет для вещей ПРОМО ТМБ;2000100593516
1005935;ТП T2 Интернет для вещей ПРОМО ТМБ;2000100593516
1005417;ТП T2 Интернет для вещей ТМБ;2000100541715
1005417;ТП T2 Интернет для вещей ТМБ;2000100541715
1005994;ТП T2 Классический ТМБ;2000100599419
1005994;ТП T2 Классический ТМБ;2000100599419
1008130;ТП T2 Мой онл с саморегистрацией 300 р.;2000100813010
1008130;ТП T2 Мой онл с саморегистрацией 300 р.;2000100813010
1004915;ТП T2 Мой онлайн+ ПРОМО ТМБ;2000100491515
1004915;ТП T2 Мой онлайн+ ПРОМО ТМБ;2000100491515
1004373;ТП T2 Мой онлайн+ ТМБ;2000100437315
1004373;ТП T2 Мой онлайн+ ТМБ;2000100437315
1008001;ТП T2 Мой онлайн+ЗОЛОТОeSIM 1000 ТМБ;2000100800119
1008001;ТП T2 Мой онлайн+ЗОЛОТОeSIM 1000 ТМБ;2000100800119
1004371;ТП T2 Мой разговор ТМБ;2000100437117
1004371;ТП T2 Мой разговор ТМБ;2000100437117
1006760;ТП T2 Умные часы на 6 мес. 850 ТМБ;2000100676011
1006760;ТП T2 Умные часы на 6 мес. 850 ТМБ;2000100676011
1005051;ТП YOTA для интернет вещей ПРОМО;2000100505113
1005051;ТП YOTA для интернет вещей ПРОМО;2000100505113
1006061;ТП YOTA для интернет вещей с саморегистр;2000100606117
1006061;ТП YOTA для интернет вещей с саморегистр;2000100606117
1005949;ТП YOTA для модема_SR;2000100594919
1005949;ТП YOTA для модема_SR;2000100594919
1005050;ТП YOTA для смартфона ПРОМО_SR;2000100505014
1005050;ТП YOTA для смартфона ПРОМО_SR;2000100505014
1006060;ТП Yota для смартфона_саморегистрация_SR;2000100606018
1006060;ТП Yota для смартфона_саморегистрация_SR;2000100606018
1006075;ТП Билайн SIM-карта  с саморегистрацией;2000100607510
1006075;ТП Билайн SIM-карта  с саморегистрацией;2000100607510
1002149;ТП МГФ Закачайся! На полную ds ТМБ;2000100214916
1002149;ТП МГФ Закачайся! На полную ds ТМБ;2000100214916
1002150;ТП МГФ Закачайся! На полную ns ТМБ;2000100215012
1002150;ТП МГФ Закачайся! На полную ns ТМБ;2000100215012
1007537;ТП МГФ МегаФон.МегаТарифПРОМОeSIM ТМБ;2000100753712
1007537;ТП МГФ МегаФон.МегаТарифПРОМОeSIM ТМБ;2000100753712
1005542;ТП Мегафон SIM-карта_саморегистрация ТМБ;2000100554210
1005542;ТП Мегафон SIM-карта_саморегистрация ТМБ;2000100554210
1002148;ТП Мегафон Закачайся! Легко ПРОМО ТМБ;2000100214817
1002148;ТП Мегафон Закачайся! Легко ПРОМО ТМБ;2000100214817
1007621;ТП Мегафон МегаТариф АБОН-Т.3м.SIM ТМБ;2000100762110
1007621;ТП Мегафон МегаТариф АБОН-Т.3м.SIM ТМБ;2000100762110
1007695;ТП Мегафон МегаТариф.АБОН-Т.3м. eSIM ТМБ;2000100769515
1007695;ТП Мегафон МегаТариф.АБОН-Т.3м. eSIM ТМБ;2000100769515
1005121;ТП Мегафон Умные вещи ПРОМО ТМБ;2000100512111
1005121;ТП Мегафон Умные вещи ПРОМО ТМБ;2000100512111
1002146;ТП МегаФон. МегаТариф ПРОМО ТМБ;2000100214619
1002146;ТП МегаФон. МегаТариф ПРОМО ТМБ;2000100214619
1007455;ТП МТС 24 ТМБ;2000100745519
1007455;ТП МТС 24 ТМБ;2000100745519
1008086;ТП МТС SIM-карта  с саморегистрацией;2000100808610
1008086;ТП МТС SIM-карта  с саморегистрацией;2000100808610
1004485;ТП МТС Больше 200 руб. ТМБ;2000100448519
1007275;ТП МТС Больше eSIM ТМБ;2000100727515
1007275;ТП МТС Больше eSIM ТМБ;2000100727515
1008203;ТП МТС Больше MNP ТМБ;2000100820315
1003313;ТП МТС Больше ПРОМО ТМБ;2000100331316
1006166;ТП МТС Для ноутбука ТМБ;2000100616611
1005351;ТП МТС Для устройств ТМБ;2000100535110
1000542;ТП МТС Как хочешь ТМБ;2000100054215
1000657;ТП МТС Как хочешь ТМБ ms;2000100065716
1000854;ТП МТС Как хочешь ТМБ ts;2000100085417
1001402;ТП МТС Мод LTE ТМБ;2000100140215
1007363;ТП МТС Модем WiFi LTE ТМБ;2000100736319
1007363;ТП МТС Модем WiFi LTE ТМБ;2000100736319
1000950;ТП МТС Налегке ТМБ;2000100095010
1008180;ТП МТС РИЛЛ 3 месяца;2000100818015
1001418;ТП МТС Роут LTE ТМБ;2000100141816
1005847;ТП МФ МегаФон Kids ТМБ;2000100584712
1005847;ТП МФ МегаФон Kids ТМБ;2000100584712
1005782;ТП МФ МегаФон. Интернет ТМБ;2000100578216
1005782;ТП МФ МегаФон. Интернет ТМБ;2000100578216
1005607;ТП МФ МегаФон. Максимум ТМБ;2000100560716
1005607;ТП МФ МегаФон. Максимум ТМБ;2000100560716
1002145;ТП МФ МегаФон. Минимум ТМБ;2000100214510
1002145;ТП МФ МегаФон. Минимум ТМБ;2000100214510
1002143;ТП МФ Мод 4G ТМБ;2000100214312
1002143;ТП МФ Мод 4G ТМБ;2000100214312
1002144;ТП МФ Роут 4G ТМБ;2000100214411
1002144;ТП МФ Роут 4G ТМБ;2000100214411
1005474;ТП Т2 Black ТМБ;2000100547410
1005474;ТП Т2 Black ТМБ;2000100547410
1007390;ТП Т2 Игровой с саморегистрацией_SR;2000100739013
1007390;ТП Т2 Игровой с саморегистрацией_SR;2000100739013
1006501;ТП Т2 Игровой ТМБ;2000100650110
1006501;ТП Т2 Игровой ТМБ;2000100650110
1008071;ТП Т2 Мой онл+ с саморегистрацией ТМБ;2000100807118
1008071;ТП Т2 Мой онл+ с саморегистрацией ТМБ;2000100807118
1006251;ТП Т2 Мой онлайн ПРОМО eSIM ТМБ;2000100625118
1006251;ТП Т2 Мой онлайн ПРОМО eSIM ТМБ;2000100625118
1004372;ТП Т2 Мой онлайн ТМБ 500 руб.;2000100437216
400098322;Триммер BQ TR1000;4650229405719
400099282;Триммер BQ TR1002;4650229405634
400099557;Триммер BQ TR1003 Bl;4650229405665
400222903;Триммер BQ TR1005 Bl;4650229408802
400223331;Триммер BQ TR1005 Vn;4650229408796
400223743;Триммер BQ TR1006 B;4650229408819
400469930;Триммер Braun BT7540;8700216428415
400469930;Триммер Braun BT7540;8700216428415
400470109;Триммер Braun BT9520;8700216427715
20067813;Триммер GA.MA GT527 SPORT-HF;8023277137073
20067813;Триммер GA.MA GT527 SPORT-HF;8023277137073
400228577;Триммер Hi HT-112;8886482521842
400438941;Триммер Hi HT-701;4640033240101
400224335;Триммер Rombica TRM-113;8886482522481
400224334;Триммер Rombica TRM-114;8886482522498
400491888;Триммер Rowenta TN1851E0;3121040093887
20078307;Триммер Rowenta TN3011F0;3121040082188
400272341;Триммер Rowenta TN3507F0;3121040089149
20077363;Триммер Rowenta TN3651F0;3121040082133
20077363;Триммер Rowenta TN3651F0;3121040082133
20061772;Триммер Rowenta TN6000F(4/5);3121040073476
20061772;Триммер Rowenta TN6000F(4/5);3121040073476
20061772;Триммер Rowenta TN6000F(4/5);3121040073476
20073598;Триммер Rowenta TN6040F4;3121040080252
400419313;Триммер Rowenta TN6044E0;3121040092873
20075630;Триммер Rowenta TN6201F4;3121040082607
400178575;Триммер Rowenta TN8905F0;3121040087473
400489411;Триммер Rowenta TN9113F0;3121040091494
400186327;Триммер Rowenta TN911LF0;3121040087480
400419915;Триммер Rowenta TN9444E0;3121040092859
20075631;Триммер Rowenta TN9461F4;3121040082614
401002794;Триммер Tuvio TR-6BL Bl;4630358136432
401002799;Триммер Tuvio TR-6DG Gr;4630358136449
50143638;Турка TalleR TR-11358;4650118374096
50143639;Турка TalleR TR-11359;4650118374102
5000411;УДАЛ_Полис БС 5 лет ВСК;2000500041112
50131312;Удл. Artstyle CL-C23B;4640033822055
50131313;Удл. Artstyle CL-C23GSW;4640033821966
50131314;Удл. Artstyle CL-C33B;4640033821782
50131315;Удл. Artstyle CL-C33GW;4640033821874
50131317;Удл. Artstyle CL-C35GW;4640033821904
50131318;Удл. Artstyle CL-C37B;4640033821843
50131320;Удл. Artstyle CL-C43GSW;4640033821997
400429890;Удл. Defender ILS 431;4745090826388
400034065;Удл. Legrand 694532;3414971944862
400034049;Удл. Legrand 694534;3414971944909
10029473;Удл. Sber SBDV-00038;4640076240205
50125685;Удл. Uniel S-CD2-3 Bl;4690485102830
50132694;Удл. Uniel S-CP3-1,5;4690485128212
50037909;Удл. Uniel S-GCD2-3B;2110026148483
50117700;Удл. Uniel S-GCD3-5;2110027027862
400356970;Удл. ЭРА U-3e-3m-3x1,5;5056306059612
401344945;Удл. ЭРА UX-3e-3m белый;5056183745035
401347640;Удл. ЭРА UX-3es-1,5m белый;5063079020916
50147465;Удл. ЭРА UX-3es-3m;5056183745042
400289622;Удлинит. Яндекс YNDX-00547 Wh;4670028541128
20066239;УЗ щетка Rowenta LV4010F0;3121040073377
30044790;Устр-во IS IS-TG-SETAU3PBK-000B202 DEMO;4606363421023
400152426;Утюг Brayer BR4001;9120099331234
400367556;Утюг Candy CI-103;6952605502233
400388819;Утюг Econ ECO-BI2602;4895227601897
400262646;Утюг Haier HI-502;6952605550975
20084525;Утюг HAIER HI-601;6925777801060
20076331;Утюг Haier HI-700;16925777801074
400404020;Утюг Philips PSG3010/70;8720389041372
400359192;Утюг RED sol. I281;5060982436346
400272314;Утюг Rombica IRN-002;8886482523655
400272312;Утюг Rombica IRN-004;8886482523679
400272312;Утюг Rombica IRN-004;8886482523679
20055747;Утюг Rowenta DA1511F1;2110027097520
400268713;Утюг Rowenta DW4301D1;3121040088067
400000284;Утюг Rowenta DW4345D1;4210101969274
20078491;Утюг Rowenta DW5325D1;4210101974759
400478735;Утюг Rowenta DW5330E1;3121040095683
400126496;Утюг Rowenta DW8221D1;4210101963791
400255425;Утюг Rowenta DX1635D1;4210101969304
400474139;Утюг Rowenta VR4111F0 лавандовый/черный;3121040090411
400474139;Утюг Rowenta VR4111F0 лавандовый/черный;3121040090411
400268677;Утюг Rowenta VR7361F0;3121040085400
400001777;Утюг Rowenta VR8322F0;3121040077498
400247596;Утюг Tefal FV1955E0;3121040083215
400458046;Утюг Tefal FV1R10F1 Tu;3121040094068
400458046;Утюг Tefal FV1R10F1 Tu;3121040094068
400458059;Утюг Tefal FV1R15F1 Lt/B;3121040094075
20073892;Утюг Tefal FV2835E0;3121040082201
20073894;Утюг Tefal FV2838E0;3121040081914
20073894;Утюг Tefal FV2838E0;3121040081914
20073897;Утюг Tefal FV2867E0;3121040081990
400414018;Утюг Tefal FV2C42E0;3121040092774
400412202;Утюг Tefal FV2C60E0;3121040092798
400122376;Утюг Tefal FV5780E1;3121040087831
20070325;Утюг Tefal FV6830E0;3121040077153
400412297;Утюг Tefal JF4032E0;3121040092194
20070930;Утюг Tefal SV6140E0;3121040079096
20070930;Утюг Tefal SV6140E0;3121040079096
400107706;Утюг Tefal SV8151E0 B;3121040086414
50143636;Ф/пресс TalleR TR-32310;4650118370128
50133433;Ф/пресс TalleR TR-32311;4650118370135
50131027;Ф/пресс TalleR TR-32321;4650118370166
50131029;Ф/пресс TalleR TR-32324;4650118370463
400141880;Ф/эпилятор Hi HE-723;8886482518378
400348843;Фен BaByliss Pro BAB6510IE/6510IRE;3030050045932
400348962;Фен BaByliss Pro BAB6520RE;3030050045994
20065023;Фен Bellissima 11523C;8007403115234
20065021;Фен Bellissima 11665;8007403116651
20084417;Фен Brayer BR3004;9120099333009
20074089;Фен Brayer BR3020;9120099330176
400404254;Фен Brayer BR3137;9120099335454
400404945;Фен Deerma DEM-CF52W Gr;6955578043949
400384036;Фен Dewal Beauty HD1007-Purple;6900000643105
20073825;Фен Dewal HD1000-Pink;6900000563465
20073832;Фен Dewal HD1004-Black;6900000589687
400474698;Фен Dreame AHG11A Wh;2040047469833
20083985;Фен GA.MA GH3535;8023277127661
20080252;Фен GA.MA GH3537;8023277129382
20039373;Фен GA.MA LEGGERO ION4DTHERAPY;8023277120761
400403867;Фен GA.МА PH6030.BK;8023277156739
400367159;Фен GA.МА SH1601;8023277120884
400207390;Фен Grundig HD 8080;4013833039075
400206495;Фен Grundig HS 7080;4013833039099
400206496;Фен Grundig HS 7082;4013833045052
400345656;Фен Haier HHD-601 Gp;6972176265825
400459570;Фен Haier HHD-602;6972176267133
400384681;Фен Laifen MINI B;6976973854398
400384679;Фен Laifen MINI G;6976973854404
400384679;Фен Laifen MINI G;6976973854404
400384680;Фен Laifen MINI P;6976973854411
400384680;Фен Laifen MINI P;6976973854411
400384678;Фен Laifen mini Wh;6976973854428
400384678;Фен Laifen mini Wh;6976973854428
400434780;Фен Laifen SE lite Be;6976973851342
400434780;Фен Laifen SE lite Be;6976973851342
400434782;Фен Laifen SE lite P;6976973851366
400362275;Фен Laifen SE lite V;6976973851373
400362275;Фен Laifen SE lite V;6976973851373
400219226;Фен Laifen Swift Premium Lt/B;6973833031173
400219225;Фен Laifen Swift Premium P/Gld;6973833031180
400085558;Фен Laifen SWIFT SPECIAL Bl;6973833030428
400085583;Фен Laifen SWIFT SPECIAL Gr;6973833030381
400085583;Фен Laifen SWIFT SPECIAL Gr;6973833030381
400154894;Фен Laifen SWIFT SPECIAL Wh;6973833030404
400421123;Фен Rombica RHD-002;8886482525062
400070887;Фен Rowenta CV1804F0;3121040087596
400092956;Фен Rowenta CV184LF0;3121040088371
20083675;Фен ROWENTA CV581LF0;3121040085066
20067367;Фен Rowenta CV5820F0;3121040076989
20067367;Фен Rowenta CV5820F0;3121040076989
20068176;Фен Rowenta CV5830F0;3121040078044
20068176;Фен Rowenta CV5830F0;3121040078044
20068176;Фен Rowenta CV5830F0;3121040078044
20070846;Фен Rowenta CV5940F0;3121040080641
20070846;Фен Rowenta CV5940F0;3121040080641
20083220;Фен ROWENTA CV613LF0;3121040085592
20064479;Фен Rowenta CV6930F0;3121040075654
20064479;Фен Rowenta CV6930F0;3121040075654
20064479;Фен Rowenta CV6930F0;3121040075654
400397830;Фен Rowenta CV7231F0;3121040090503
400137728;Фен Rowenta CV8810F0;3121040085547
400330466;Фен Rowenta CV8861F0;3121040091128
20083218;Фен ROWENTA CV888LF0;3121040085332
20083218;Фен ROWENTA CV888LF0;3121040085332
20077647;Фен Rowenta CV9920F0;3121040082867
400429386;Фен Rowenta HY8140F0;3121040092606
400429387;Фен Rowenta HY8310F0;3121040092590
400534477;Фен Rowenta HY8530E0;3121040095379
400429333;Фен Rowenta UB5920F0;3121040091548
400444777;Фен Rowenta UB9530F0;3121040092507
400444557;Фен Rowenta UB9540F0;3121040092514
400444557;Фен Rowenta UB9540F0;3121040092514
20070847;Фен Tefal HV5700D8;3121040079751
400717188;Фен Tuvio HBI1412;4670275209185
400717526;Фен Tuvio HBI1419;4630358321104
20065008;Фен щетка Bellissima 11726;8007403117269
20083581;Фен-щетка Bellissima 11847А;8007403118471
20074096;Фен-щетка Brayer BR3133RD;9120099331081
20074097;Фен-щетка Brayer BR3133VT;9120099331098
20074804;Фен-щетка Hi HH-101;4690241230364
400036998;Фен-щетка Hi HH-105 плоская;4650263704199
400222138;Фен-щетка Hi HH-117;4670127069264
400220382;Фен-щетка Hi HH-118;4670127069301
400004326;Фен-щетка Rowenta CF6135F0;3121040085288
400126497;Фен-щетка Rowenta CF6320F0;3121040087121
400092063;Фен-щетка Rowenta CF635LF0;3121040087107
20083227;Фен-щетка ROWENTA CF952LF0;3121040085219
20045775;Фен-щетка Rowenta CF9530F0;2110026712806
20038516;Фен-щетка Rowenta CF9540F0;3121040062739
20084020;Фен-щетка ROWENTA CF961LF0;3121040085264
20064463;Фен-щетка Rowenta CF9620F0;3121040072998
400453139;Фен-щетка Rowenta UB9520F0;3121040092330
400475314;Фен-щетка Rowenta UB9720E0;3121040094433
400481393;Фен-щетка Rowenta UB9820E0;3121040094679
400212257;Фильтр Haier HAX-12;6925777806997
400211016;Фильтр Haier HAX-22;6925777806980
50125902;Фильтр Krona K5-2  2шт;4260286892676
50127452;Фильтр Topperr FLG71;4607121415513
50140164;Фильтр Zumman FBS2;4607121418170
50140177;Фильтр Zumman FHR3;4607121418255
50047277;Фильтр Zumman FV 1;4607121410686
400139394;Фильтр Zumman FV-2A;4610086273678
400139403;Фильтр Zumman FV-2B;4610086273685
400122282;Фильтр Zumman HAR 1;4610086273203
50128017;Фильтр Аквафор КРИСТАЛЛ Н;4600987002187
50149759;Фильтр Аквафор Престиж 2,8л Wh;4600987009421
50131065;Фильтр Аквафор Стандарт 2,5л Lt/B;4600987001142
50128011;Фильтр Аквафор Стандарт 2,5л Or;4600987006468
400797278;Фит.-бр. Huawei 55020GVB;6942103182525
400797173;Фит.-бр. Huawei 55020GVE;6942103182495
400797209;Фит.-бр. Huawei 55020GVF;6942103182488
401286431;Фит.-бр. Xiaomi BHR090EGL DEMO;6932554495626
400466278;Фит-бр. Xiaomi Smart Band 10 Demo;6932554432775
400405964;Фит-бр. Xiaomi Smart Band 9 Active_Demo;6941812701676
400405960;Фит-бр. Xiaomi Smart Band 9 Pro_Demo;6941812702550
400225177;Фит-тр. Xiaomi M2234W1 Bl DEMO;2040022517719
400223709;Фит-тр. Xiaomi M2239B1 Bl DEMO;2040022370918
400223823;Фит-тр. Xiaomi M2302B1 Bl DEMO;2040022382317
50120304;Фонарь ЭРА GB-603;2110027103870
50160383;Фонарь ЭРА MB-904;5056306093951
50067757;Фонарь ЭРА RB-704;2110026955951
50039174;Фонарь ЭРА SDA30M;2110025022920
50120312;Фонарь ЭРА UB-401;2110027103498
50050140;Фонарь ЭРА UB-601;5055398609699
400228181;Форма Hi MVS73324;4630056968083
400228184;Форма Hi MVS73326;4630056968090
50045524;Форма PlastTeam PT1809/MHAT-12PN;2110020801063
50110929;Форма Pyrex 239B000/5046;2110025223976
400407937;Форма Resto 96118;4260709015279
400407980;Форма Resto 96130;4260709015262
400408055;Форма Resto 96170;4260709015286
50174048;Форма Rondell RDF-1510;6974100788417
50174049;Форма Rondell RDF-1511;6974100788424
400221649;Форма TalleR TR-66332;4650118379800
400221659;Форма TalleR TR-66333;4650118379848
400221679;Форма TalleR TR-66334;4650118379831
400221685;Форма TalleR TR-66335;4650118379879
20053636;Форма Tefal J1629614;2110026718723
50127215;Форма Tefal J1640174;3168430276536
50127216;Форма Tefal J1640574;3168430276567
50127217;Форма Tefal J1641174;3168430276574
50126780;Форма Tefal J1641474;3168430276598
50058536;Форма д/пирога PYREX AS26BS0/6144;2110026113634
50164342;Френч-пресс ARS HOME F-201;9007148401424
400050207;Френч-пресс TalleR 32339;4650118377387
20074746;Фритюрница Moulinex AF215D10;3045386381760
20074746;Фритюрница Moulinex AF215D10;3045386381760
20080264;Фритюрница Moulinex AM314010;3045387241902
400253417;Хаб Rombica Type-C Foris ТС-00268;2040025341717
400253420;Хаб Rombica Type-C Lynx ТС-00263;2040025342011
400253419;Хаб Rombica USB Hub Atius ТС-00265;2040025341915
400253418;Хаб Rombica USB Hub Nexus ТС-00267;8886482523556
400253423;Хаб Rombica USB Hub Velius ТС-00266;8886482523549
400253421;Хаб Rombica USB Hub Vitus ТС-00264;8886482523525
400170247;Хаб Sber SBDV-00068 DEMO;2040017024710
400168388;Центр упр. Sber SBDV-00068;4640076240779
400193659;Центр упр. Яндекс YNDX-00510 DEMO;2040019365910
400330528;ЦФ AgfaPhoto DC8200BK;3760265541621
400532058;ЦФ AgfaPhoto DC8200SL;3760265542017
10020879;ЦФ Smarterra CCSMBL;4627147095278
50076550;Ч/ср Sanita СТЕКЛОКЕРАМИКА 600г;2110026176431
50133640;Ч/ср. Calgon Гель Антибак. 650мл;4640018992612
400404947;Ч/ср. Finish 3309064;4640018997600
400292517;Ч/ср. Helfer HLR0091;4620765000914
50174074;Ч/ср. Sanita Лаванда + розмарин 450г;4602984011704
400199708;Ч/ср. Vista LFD250;4673749237257
400109867;Ч/ср. Zumman 250 мл. 3006Z;4610086273449
400351539;Ч/ср. Zumman Z31-02;4610086275405
400320230;Ч/ср. Cillit Bang 3299580;4640018997280
400311630;Ч/сред. Calgon 38231;4640018994906
50173793;Ч/средство Salton CleanTech SS023;4640016745449
400129210;Чайник Resto 90512;4260709010328
400217931;Чайник Resto 90515;4260709012902
400217936;Чайник Resto 90516;4260709012919
50165624;Чайник Resto 90523;4260709010106
400363135;Чайник Rondell 1656-RD-01;6974100789643
400316425;Чайник Rondell RDS-1827;6974100789735
400410751;Чайник Rondell RDS-1862;6974100789926
400410752;Чайник Rondell RDS-1886;6976510176150
400410753;Чайник Rondell RDS-1887;6976510176167
400588367;Чайник Rondell RDS-1959;4630143180107
400627060;Чайник Rondell RDS-1964;4630143182378
400627059;Чайник Rondell RDS-1965;4630143182361
50124456;Чайник Rondell RDS-426;6970435717009
400067979;Чайник TalleR TR-11353;4650118377998
400067980;Чайник TalleR TR-11355;4650118378018
400328513;Чайник TalleR TR-11372;4670165610664
400328491;Чайник TalleR TR-11373;4670165610671
400328491;Чайник TalleR TR-11373;4670165610671
50133435;Чайник TalleR TR-31349;4650118370418
400266249;Чайник TalleR TR-31380;4670165610343
400328479;Чайник TalleR TR-32346;4670165610657
400477447;Чайник Tefal N4180317;4168430015875
30066656;Чернила Profiline PL_INK_U_M_100ml;4660042930596
400477802;Чехол Axxa 4749;4680431296218
400477814;Чехол Axxa 4750;4680431296232
50130563;Чехол Deppa 47026;4680431055198
400368755;Чехол Deppa 84205 Bl;4680431287056
400368760;Чехол Deppa 84206 Bl;4680431285731
400368796;Чехол Deppa 84207 Bl;4680431285755
400368764;Чехол Deppa 84208 B;4680431285786
400368800;Чехол Deppa 84209 B;4680431285809
400368693;Чехол Deppa 84216 B;4680431286783
400368718;Чехол Deppa 84220 Dk/G;4680431287032
400354688;Чехол Deppa 84245;4680431285694
400368771;Чехол Deppa 84247 Dk/G;4680431287094
400368803;Чехол Deppa 84248 Dk/Pu;4680431287131
400368804;Чехол Deppa 84249 Dk/G;4680431287155
400391045;Чехол Deppa 84253;4680431287322
400394598;Чехол Deppa 84254;4680431287537
400394557;Чехол Deppa 84257;4680431287605
400477993;Чехол Deppa 84281;4680431296096
400478012;Чехол Deppa 84282;4680431296072
400478323;Чехол Deppa 84283;4680431296058
400478325;Чехол Deppa 84284;4680431296034
400478439;Чехол Deppa 84285;4680431296010
400478460;Чехол Deppa 84286;4680431295990
400478526;Чехол Deppa 84287;4680431295976
400478529;Чехол Deppa 84288;4680431295952
400478530;Чехол Deppa 84289;4680431295938
400478542;Чехол Deppa 84291;4680431295891
400478650;Чехол Deppa 84294;4680431295815
400478652;Чехол Deppa 84295;4680431295792
400478654;Чехол Deppa 84296;4680431295778
400478661;Чехол Deppa 84297;4680431295754
400478663;Чехол Deppa 84299;4680431295716
400478665;Чехол Deppa 84306;4680431295693
400478671;Чехол Deppa 84308;4680431295655
400478672;Чехол Deppa 84309;4680431295631
400477312;Чехол Deppa 84310;4680431296393
400639935;Чехол Deppa 84322;4680431297512
400823395;Чехол Deppa 84326;4680431298779
400102257;Чехол Deppa 88398;4680431251330
400091073;Чехол ELFY 10009;4673744118087
400395161;Чехол Honor 5199AAWM;6936520849352
400395160;Чехол Honor 5503ABKM;6936520852642
30066695;Чехол Huawei 51994971;6941487281565
401088446;Чехол HUAWEI 51996184;6942103186097
401087232;Чехол HUAWEI 51996185;6942103186103
30058115;Чехол Huawei C-Debussy-Keyboard;6941487226085
30058314;Чехол Huawei C-Debussy-Keyboard DEMO;2003005831417
50129894;Чехол IS IS-FCC-IPH582019-DM04O-MVBT00;4606363445180
50131335;Чехол IS IS-FCC-IPH582019-DM10O-MVBT00;4606363449065
50129905;Чехол IS IS-FCC-IPH652019-DT04O-MVBT00;4606363445371
50129904;Чехол IS IS-FCC-IPH652019-DT05O-MVBT00;4606363445364
400245385;Чехол Krutoff 491931;2009731974718
400261260;Чехол Krutoff 518502;2009732237928
400289870;Чехол Krutoff 547315;2009732525155
400292344;Чехол Krutoff 552058;2009732572418
400301491;Чехол Krutoff 552063;2009732572463
400461448;Чехол Krutoff 565694;2009732708619
400461461;Чехол Krutoff 565699;2009732708664
400379526;Чехол Krutoff 568492 Bl;2009732803284
400379425;Чехол Krutoff 574576 Bl;2009732863561
400379527;Чехол Krutoff 574589 Bl;2009732863691
400379528;Чехол Krutoff 574602 Bl;2009732863820
400379524;Чехол Krutoff 576858 Bl;2009732886041
400401023;Чехол Krutoff 576859;2009732886058
400379423;Чехол Krutoff 576871 Bl;2009732886164
400379525;Чехол Krutoff 576872 Bl;2009732886171
400420042;Чехол Krutoff 580496;2009732921919
400420043;Чехол Krutoff 580501;2009732921964
400433142;Чехол Krutoff 583640;2009732953347
400420861;Чехол Krutoff 586928;2009732985966
400420862;Чехол Krutoff 586930 Bl;2009732985973
400420781;Чехол Krutoff 595358;2009733070081
400461288;Чехол Krutoff 606847;2009733184184
400461318;Чехол Krutoff 606963;2009733185266
400457625;Чехол Krutoff 618781;2009733303301
400461635;Чехол Krutoff 629680;2009733412201
400470904;Чехол Krutoff 642877;2009733543028
400333341;Чехол Krutoff Eco Book 568150;2009732800061
30054225;Чехол mRTD TFN CC-05-060TPUTC DEMO;4627167115796
40075830;Чехол PocketBook HN-SLO-PU-U6XX-LG-RU;7640152096402
400113558;Чехол PocketBook HN-SL-PU-700-BK-WW Bl;7640152096822
40077190;Чехол PocketBook HN-SL-PU-970-BK-RU;7640152096587
400270600;Чехол PocketBook H-S-743-CL-WW;7640152097225
40076492;Чехол PocketBook PBC-628-BL-RU;4680089720516
40076494;Чехол PocketBook PBC-628-BR-RU;4680089720509
40076493;Чехол PocketBook PBC-628-DG-RU;4680089720523
40070538;Чехол PocketBook PBC-740-BKST-RU;4660041406078
40070889;Чехол PocketBook PBC-740-DGST-RU;4630042521933
40070910;Чехол PocketBook PBC-740-LGST-RU;4630042521940
50170819;Чехол Red Line УТ000024121;4610103431852
400218213;Чехол Red Line УТ000037234;4640171461352
400218215;Чехол Red Line УТ000037235;4640171461369
400200236;Чехол TFN TFN-SC-IPH15PLSPC;4657789239044
400200235;Чехол TFN TFN-SC-IPH15PRSPC;4657789239006
400135468;Чехол TFN TFN-SC-RLMC55CL;4657789235022
400106123;Чехол TFN-SC-SAMA24NBK;4657789233479
400095366;Чехол TFN-SC-SAMS23PHCL;4657789232373
50173580;Чехол vlp 1051060;7930110934045
50173582;Чехол vlp 1051062;7930110934069
400354034;Чехол vlp 1051109 Bl;7930150820421
400354037;Чехол vlp 1051110 Bl;7930150820438
400354046;Чехол vlp 10517009;7930110938579
400367239;Чехол vlp 1052902 Bl;7930150820698
400367243;Чехол vlp 1052904 Bl;7930150820711
400367245;Чехол vlp 1052905 Wh;7930150820728
400367247;Чехол vlp 1053073 Bl;7930150820650
400367250;Чехол vlp 1053074;7930150820667
400367251;Чехол vlp 1053075 Bl;7930150820674
400367256;Чехол vlp 1053076;7930150820681
400367217;Чехол vlp 1053102;7930150820742
400367225;Чехол vlp 1053104;7930150820766
400367230;Чехол vlp 1053202;7930150820780
400367237;Чехол vlp 1053204;7930150820803
400367280;Чехол vlp 1053205 Bl;7930150820858
400367283;Чехол vlp 1053206 Gr;7930150820865
400367289;Чехол vlp 1053208 Gr;7930150820889
400102157;Чехол vlp 1054008;7930110935530
400256616;Чехол vlp 1054020;7930110937787
400207220;Чехол vlp 1057022;7930110937305
400206491;Чехол vlp 1057033;7930110937237
400367270;Чехол vlp 1058042 Bl;7930150820834
400367278;Чехол vlp 1058043 B;7930150820841
50173235;Чехол WiMAX RCCWM-HR-B;4650061092887
400243939;Чехол Red Line УТ000037238;4640171461390
400247047;Шв.маш. KaringBee FHSM-505;2037478335240
400247047;Шв.маш. KaringBee FHSM-505;2037478335240
50124982;Шпатель inhouse IHCHARM32;4612755814700
30050260;Шредер Brauberg 531088;4606224116570
400465045;Штопор Rondell RD-1779;6974100789605
50143641;Штопор TalleR TR-65116;4650118373976
50141956;Штопор TalleR TR-65117;4650118373983
50143642;Штопор TalleR TR-65118;4650118373990
50141957;Штопор TalleR TR-65119;4650118374003
401058492;Штопор TalleR TR-65149;4670165614099
50068766;Штопор рычажный Atlantis S105;2110026873651
400217781;Шумовка Resto 94202;4260709013107
400281591;Шумовка Rondell RD-1873;6976510176068
50119510;Шумовка Rondell RD-662;2110027068520
50052055;Шумовка Tefal 2744512;3168430081253
50049952;Шумовка Tefal K2060314;2110025777899
50049953;Щипцы Tefal K2060614;2110025777974
50070469;Щипцы кухонные Atlantis C870;2110025495434
400222420;Э/брит. BQ SV2005 R;4650229408826
400222420;Э/брит. BQ SV2005 R;4650229408826
400220580;Э/бритва BQ SV1005;4650229408888
400222522;Э/Бритва BQ SV2009;4650229408949
400472064;Э/бритва Braun 300s Bl;8700216735575
400472072;Э/бритва Braun 52-A1000s B/Bl;8700216645782
400039833;Э/бритва Braun 71-N1200s Bl;4210201433828
400472103;Э/бритва Braun 72-C1200s Gld;8700216645300
400472103;Э/бритва Braun 72-C1200s Gld;8700216645300
400472104;Э/бритва Braun 9600s Bl;8700216554671
400426038;Э/бритва Braun Pro+ 9565;8700216137249
400385084;Э/бритва GA.МА GM0611;8023277156685
400377160;Э/бритва GA.МА GSH1527;8023277152373
400404262;Э/бритва GA.МА GSH2527 SPORT - HF;8023277166967
20071049;Э/бритва HI НC-619;4626015672184
400352039;Э/бритва KaringBee KB-5803 D/G;2039337266979
400352037;Э/бритва KaringBee KB-5803 Gr;2039337266986
400235746;Э/бритва Rombica Shaver SRX-001;8886482522504
400470141;Э/триммер Braun AIO5560;8700216429238
400316101;Э/щетка Laifen LFTB01-P Wh;6973833031593
400498876;Э/щетка Oclean Ease Pro S;6970810557299
400498866;Э/щетка Oclean Ease Pro V;6970810557282
400244496;Э/щетка Oclean Flow B;6970810551860
400190767;Э/щетка Oclean Flow Wh;6970810551877
400190767;Э/щетка Oclean Flow Wh;6970810551877
400473666;Э/щетка Oclean V8100 Mt/G;6970810557091
400395066;Э/щетка Oclean X Lite Set D/B;6970810556407
400237491;Э/щетка Oclean X Ulta S Bl;6970810553499
400237494;Э/щетка Oclean X Ultra S G;6970810553505
400471032;Э/щетка Oral-B 80876203;8006530156608
400411479;Э/щетка Oral-B CRX D103.413.3 Lt/B;8700216518031
400411479;Э/щетка Oral-B CRX D103.413.3 Lt/B;8700216518031
400402472;Э/щетка Oral-B D103 Lion King;8700216297172
20075746;Э/щетка Oral-B Genius X D706.513.6 Mn/Bl;4210201396888
400471072;Э/щетка Oral-B iO9 Bl;8006530157124
400471700;Э/щетка Oral-B iOG5.1A6.1DK WT;8006530156691
400471692;Э/щетка Oral-B iOG5.1B6.2DK;8006530156769
20075745;Э/щетка Oral-B Pro 3 D505.513.3X Bl;4210201291749
400358998;Э/щетка Revyline RL 045 Bl;2000601697140
400359504;Э/щетка Revyline RL 045 Wh;2000601697133
20071217;Э/щетка Trisa 651303-B;2000617813008
20071218;Э/щетка Trisa 679186-B;2000617074003
401002810;Э/щетка Tuvio TBOS-501 Wh;4630358094053
20083583;Э/щипцы Bellissima 11808;8007403118082
400242691;Э/щипцы Bellissima 11875;8007403118754
20074099;Э/щипцы Brayer BR3201;9120099330220
20074080;Э/щипцы Brayer BR3331BK/BR3337;9120099331128
20074080;Э/щипцы Brayer BR3331BK/BR3337;9120099331128
20074081;Э/щипцы Brayer BR3331RD;9120099331111
400429096;Э/щипцы Dewal Beauty HI2130;6900000638958
400429096;Э/щипцы Dewal Beauty HI2130;6900000638958
400428897;Э/щипцы Dewal Beauty HI4032;2040042889711
20073844;Э/щипцы Dewal HI2060;6900000568798
20073846;Э/щипцы Dewal HI2070;6900000589724
400173090;Э/щипцы GA.MA CP14 LED 4D DUAL PLATE;8023277150867
20040228;Э/щипцы GA.MA CP1NoW&LPTCTo5DHB;8023277125131
20059417;Э/щипцы GA.MA Elegance Led Keration;8023277128446
20038246;Э/щипцы GA.MA FABLE FRISE;2110025562372
400268402;Э/щипцы GA.МА GI0240;8023277163270
400444315;Э/щипцы GA.МА GI2515;8023277152601
400444315;Э/щипцы GA.МА GI2515;8023277152601
400207225;Э/щипцы Grundig HS 7030;4013833039105
400207306;Э/щипцы Grundig HS 7034;4013833045045
400350158;Э/щипцы Haier HHS-603 Bl/Mat;6972176265856
400423896;Э/щипцы Haier HHS-605;6972176267140
20082994;Э/щипцы Hi HTG-5301;4660214389283
20084891;Э/щипцы ROWENTA CF2133F0;3121040084649
400205034;Э/щипцы Rowenta CF2820F0;3121040088920
20083676;Э/щипцы ROWENTA CF311LF0;3121040085295
20083677;Э/щипцы ROWENTA CF321LF0;3121040085042
400186325;Э/щипцы Rowenta CF3229F0;3121040083871
20083228;Э/щипцы ROWENTA CF324LF0;3121040085202
400126364;Э/щипцы Rowenta CF371LF0;3121040085028
400477781;Э/щипцы Rowenta CF4620E0;3121040093719
20083226;Э/щипцы ROWENTA SF161LF0;3121040084960
400268876;Э/щипцы Rowenta SF1629F0;3121040083918
20077003;Э/щипцы Rowenta SF1810F0;3121040081846
20077003;Э/щипцы Rowenta SF1810F0;3121040081846
20083225;Э/щипцы ROWENTA SF323LF0;3121040084939
400341163;Э/щипцы Rowenta SF3320F0;3121040091401
20083382;Э/щипцы ROWENTA SF4630F0;3121040085820
400341186;Э/щипцы Rowenta SF4641F0;3121040091036
20083223;Э/щипцы ROWENTA SF4655F0;3121040085875
20083222;Э/щипцы ROWENTA SF467LF0;3121040085813
20078720;Э/щипцы Rowenta SF5010F0;3121040084083
400470123;Э/щипцы Rowenta SF5120E0;3121040094365
400429982;Э/щипцы Rowenta SF8120F0;3121040091975
400454066;Экран Ballu НС-1303976;4603745896424
30060804;Экран Rombica PS-100D;8886482511478
50055224;Эл.лампа ERA LED MR16-6w-827-GU10;2110025981036
50067720;Эл.лампа ЭРА LED A60-11W-840-E27;2110026933119
20053684;ЭП Darina 1F 2419 W;2110026984890
400360822;ЭП Darina F 3407 W;4607152049800
20031403;ЭП Darina F EC341 606W;2110026984432
20064895;ЭП Econ ECO-131HP;4894659004092
20064897;ЭП Econ ECO-132HP;4894659004108
20064898;ЭП Econ ECO-232HP;4894659004146
400106124;ЭП Flama BES 2312 At;2040010612419
400106117;ЭП Flama BES 2312 Gr;2040010611719
20030653;ЭП Flama АЕ 14010 Br;2110026982988
20030647;ЭП Flama АЕ 14010 Wh;2110026981806
20083685;ЭП Gorenje GEC5C40XC;3838782659201
20083891;ЭП Gorenje GEC6A41SC;3838782622564
400422043;ЭП Gorenje GEC6C40BG;3838782948497
400420772;ЭП Gorenje GEC6C40WG;3838782948831
20083702;ЭП Gorenje GECS6C70XPA;3838782637124
400346933;Эпилятор Braun S7 SE7-000;7500435225151
400346933;Эпилятор Braun S7 SE7-000;7500435225151
400347522;Эпилятор Braun S9 SES 9-030 SmartTouch;7500435225229
400468229;Эпилятор Braun SE 5-000 FLMG;7500435225069
20075622;Эпилятор Hi HE-122PW;8886482509208
400174969;Эпилятор Hi HE-321 V;4660263981834
20070226;Эпилятор Hi HE-322WP;4690241214265
400037686;Эпилятор Hi HE-422;4680180102648
400175516;Эпилятор Hi HE-622;4680180109692
20061635;Эпилятор Rowenta EP2900F(0/1);3121040068953
400186362;Эпилятор Rowenta EP2910F1;3121040068212
400148374;Эпилятор Rowenta EP5700F1;3121040058350
20034632;Эпилятор Rowenta EP5720F(0/1);2110025950049
20047109;Эпилятор Rowenta EP8050F0;2110026321770
20037890;Эпилятор Rowenta EP8060F0;3121040063439
400404371;ЭЧ Boulle BK-5251 Bl/Lt B;4610009145129
400264217;ЭЧ Candy CK-203;6952605552900
20082926;ЭЧ Candy CK-300;6927886402619
400085386;ЭЧ Gorenje K15DWW;3838782473739
400085386;ЭЧ Gorenje K15DWW;3838782473739
400085386;ЭЧ Gorenje K15DWW;3838782473739
400320797;ЭЧ Gorenje K17DPB;3838782826955
400320803;ЭЧ Gorenje K17DPW;3838782826962
400432800;ЭЧ Gorenje K17DS;3838782826924
400432800;ЭЧ Gorenje K17DS;3838782826924
400432800;ЭЧ Gorenje K17DS;3838782826924
400432800;ЭЧ Gorenje K17DS;3838782826924
400432800;ЭЧ Gorenje K17DS;3838782826924
400085166;ЭЧ Gorenje K17GED;3838782540639
400085166;ЭЧ Gorenje K17GED;3838782540639
400085166;ЭЧ Gorenje K17GED;3838782540639
400085166;ЭЧ Gorenje K17GED;3838782540639
400085166;ЭЧ Gorenje K17GED;3838782540639
400320772;ЭЧ Gorenje K17TRDW;3838782826931
400297028;ЭЧ Gorenje K17TRG;3838782780486
400297028;ЭЧ Gorenje K17TRG;3838782780486
400297028;ЭЧ Gorenje K17TRG;3838782780486
400473249;ЭЧ Gorenje K17XG;3838782693083
400473249;ЭЧ Gorenje K17XG;3838782693083
20065787;ЭЧ Haier HK-500;6925777800285
20076332;ЭЧ Haier HK-501;6925777801053
20076333;ЭЧ Haier HK-502;6925777800339
400396766;ЭЧ KA 5KEK1701EER R;8003437645624
20084422;ЭЧ Midea MK-8008;6939962773315
20084422;ЭЧ Midea MK-8008;6939962773315
20084422;ЭЧ Midea MK-8008;6939962773315
20084422;ЭЧ Midea MK-8008;6939962773315
20084422;ЭЧ Midea MK-8008;6939962773315
20084422;ЭЧ Midea MK-8008;6939962773315
400376534;ЭЧ Midea MK-8010;6936718332291
400376534;ЭЧ Midea MK-8010;6936718332291
20061822;ЭЧ Midea MK-8016;6939962763354
20061822;ЭЧ Midea MK-8016;6939962763354
20061822;ЭЧ Midea MK-8016;6939962763354
20061822;ЭЧ Midea MK-8016;6939962763354
20061822;ЭЧ Midea MK-8016;6939962763354
20061822;ЭЧ Midea MK-8016;6939962763354
400376537;ЭЧ Midea MK-8019;6936718336107
400376537;ЭЧ Midea MK-8019;6936718336107
400376537;ЭЧ Midea MK-8019;6936718336107
400376537;ЭЧ Midea MK-8019;6936718336107
20061826;ЭЧ Midea MK-8020;6939962763217
20061826;ЭЧ Midea MK-8020;6939962763217
20061245;ЭЧ Midea MK-8076;6939962762524
20061245;ЭЧ Midea MK-8076;6939962762524
20061245;ЭЧ Midea MK-8076;6939962762524
20061245;ЭЧ Midea MK-8076;6939962762524
400376541;ЭЧ Midea MK-9094;6936718332284
400522335;ЭЧ Moulinex BY1S08F0;3045380402362
400522335;ЭЧ Moulinex BY1S08F0;3045380402362
400522335;ЭЧ Moulinex BY1S08F0;3045380402362
400522335;ЭЧ Moulinex BY1S08F0;3045380402362
400477575;ЭЧ Moulinex BY2R0DF0;3045380403291
400477575;ЭЧ Moulinex BY2R0DF0;3045380403291
400477575;ЭЧ Moulinex BY2R0DF0;3045380403291
400477575;ЭЧ Moulinex BY2R0DF0;3045380403291
400477572;ЭЧ Moulinex BY2S01F0;3045380402386
400477572;ЭЧ Moulinex BY2S01F0;3045380402386
400477572;ЭЧ Moulinex BY2S01F0;3045380402386
400518193;ЭЧ Moulinex BY3R0D;3045380403185
400156459;ЭЧ Rombica KE-0103;8886482518781
20074468;ЭЧ Smeg KLF03BLMEU;8017709290795
20075375;ЭЧ Smeg KLF05BLEU;8017709302184
20040495;ЭЧ Tefal KI280D30;3045386377930
20040495;ЭЧ Tefal KI280D30;3045386377930
400287967;ЭЧ Tefal KI513D10;3045380023451
400287967;ЭЧ Tefal KI513D10;3045380023451
400466199;ЭЧ Tefal KI6668E0;3045387293802
400466199;ЭЧ Tefal KI6668E0;3045387293802
400466196;ЭЧ Tefal KI666AE0;3045387293796
400466196;ЭЧ Tefal KI666AE0;3045387293796
20072481;ЭЧ Tefal KI772138;3045380018815
20030596;ЭЧ Tefal KO120130;2110025627354
20030596;ЭЧ Tefal KO120130;2110025627354
400355455;ЭЧ Tefal KO140AE0;3045387294328
20062333;ЭЧ Tefal KO250130;3045386380152
400214281;ЭЧ Tefal KO250830;3045386380268
20042087;ЭЧ Tefal KO330130;2110025574771
20042088;ЭЧ Tefal KO330830;2110025574788
20042088;ЭЧ Tefal KO330830;2110025574788
20074031;ЭЧ Tefal KO693110;3045387243159
400409392;ЭЧ Toshiba KT-15DXURU(K);6936718332536
400409392;ЭЧ Toshiba KT-15DXURU(K);6936718332536
400409392;ЭЧ Toshiba KT-15DXURU(K);6936718332536
400409404;ЭЧ Toshiba KT-15DXURU(W);6936718332550
400409608;ЭЧ Toshiba KT-17DRURU(K);6936718332543
400409608;ЭЧ Toshiba KT-17DRURU(K);6936718332543
20057603;ЭЧ WMF 0413130711;4211129133395
20057603;ЭЧ WMF 0413130711;4211129133395
20057603;ЭЧ WMF 0413130711;4211129133395
20057601;ЭЧ WMF 0413150711;4211129133401
20062801;ЭЧ WMF 0413180712;4211129137522
20062801;ЭЧ WMF 0413180712;4211129137522
20069136;ЭЧ WMF 0413260711;4211129144865
20069136;ЭЧ WMF 0413260711;4211129144865
20073087;ЭЧ WMF 0413310711;4211129200820
20040743;Яйцеварка Caso E 9 (2771);2110026100283
20049512;Яйцеварка Clatronic 261686;2110025878299
400439486;Яйцеварка Profi Cook PC-EK 1275;4006160112757
20057553;Яйцеварка WMF 0415020711;4211129133036
